source_file,chunk_index,text,label,confidence,evidence
3045759_Draft-Regulation-Minimum-Qualifications-for-Appointment-and-Promotion-of-Teachers-and-Academic-Staff-in-Universities-and-Colleges-and-Measures-for-the-Maintenance-of-Standards-in-HE-Regulations-2025.pdf,0,"UNIVERSITY GRANTS COMMISSION
NOTIFICATION
New Delhi, the ……………2025
Draft UGC (Minimum Qualifications for Appointment and Promotion
of Teachers and Academic Staff in Universities and Colleges and
Measures for the Maintenance of Standards in Higher Education)
Regulations, 2025
No. F.1-2/2017(EC/PS).—In exercise of the powers conferred
under clause (e) and (g) of sub-section(I) of Section 26 read with Section
14 of the University Grants Commission Act, 1956 (3 of 1956), and in
supersession of the “UGC regulations on Minimum Qualifications for
Appointment of Teachers and other Academic Staff in Universities and
Colleges and Measures for the Maintenance of Standards in Higher
Education 2018” (Regulation No.F.1-2/2017(EC/PS) dated 18th July
2018) together with all amendments made therein from time to time, the
University Grants Commission, hereby, frames the following regulations,
namely:-
1.0 Short title, application and commencement:
1.1 These regulations may be called the UGC (Minimum Qualifications
for Appointment and Promotion of Teachers and Academic Staff in
Universities and Colleges and Measures for the Maintenance of
Standards in Higher Education Institutions) Regulations, 2025.
1.2 These shall apply to every University established or incorporated by
or under a Central Act, Provincial Act, or State Act, every Institution
including a Constituent or an affiliated College recognized by the
Commission, in consultation with the University concerned under
Clause (f) of Section 2 of the University Grants Commission Act,
1956 and every Institution deemed to be a University under Section
3 of the said Act.
1.3 These shall come into force from the date of notification. However,
the date of implementation of the revision of pay shall be 1st January
2016.
1.4 These regulations specify the minimum qualifications, experience,
and accomplishments for appointment and promotion of Assistant
Professor, Associate Professor, Professor, Assistant Librarian,
Deputy Librarian, Additional Librarian, Librarian, Assistant Director
of Physical Education & Sports, Deputy Director of Physical
Education & Sports, Additional Director of Physical Education &
Sports and Director of Physical Education & Sports; and
appointment of Principal and Vice-Chancellor in higher education
institutions (HEIs).
1.5 For the purposes of direct recruitment and promotion in teaching
posts in disciplines relating to affiliated colleges and university
education, inter alia in the fields of health, medicine, special
1",0,1.000,-recruitment;-promotion;-academic;-appointment;-university;-teachers;-college;-colleges;-education;-higher education
3045759_Draft-Regulation-Minimum-Qualifications-for-Appointment-and-Promotion-of-Teachers-and-Academic-Staff-in-Universities-and-Colleges-and-Measures-for-the-Maintenance-of-Standards-in-HE-Regulations-2025.pdf,1,"education, agriculture, veterinary and allied fields, teacher education,
physiotherapy, occupational therapy, standards laid down by
authorities established by the relevant Act of Parliament under article
246 of the Constitution for the purpose of co-ordination and
determination of standards in institutions for higher education or
research and scientific and technical institutions, shall prevail. For
disciplines relating to Engineering/Technology and management
education in universities, these regulations shall apply.
Provided that where any regulatory authority has laid down no such
norms and standards in disciplines offered by affiliated colleges,
UGC regulations herein shall be applicable till the concerned
regulatory authority prescribes any norms or standards.
1.6 All HEIs shall, as soon as possible, but not later than six months of
the coming into force of these regulations, take effective steps to
amend their statutes, ordinances, or other statutory provisions
governing it to bring the same in accordance with these regulations.
1.7 The overall selection procedure for direct recruitment and promotion
under CAS shall incorporate a transparent and objective
methodology of analysis of the merits and the credential of the
application to make the system more credible; universities/colleges
may assess the ability for teaching and/or research aptitude through
a seminar or a lecture.
2.0 Definitions. —In these regulations, unless the context otherwise
requires, -
i. “Act” means the University Grants Commission Act, 1956 (3 of 1956);
ii. “Career Advancement Scheme” (CAS) means a scheme for granting
personal promotion to individuals from one academic level to a higher
academic level holding a substantive sanctioned post in a higher
education institution;
iii. “College” means any institution, whether known as such or by any
other name, which provides for a course of study for obtaining any
qualification from a university and which, in accordance with the rules
and regulations of such university, is recognized as competent to
provide for such course of study and present students undergoing
such course of study for the examination for the award of such
qualification;
iv. “Commission” means the University Grants Commission established
under the University Grants Commission Act, 1956 (3 of 1956);
v. “Constituent college” means a college operating under the
administrative, academic, and financial control of a university;
vi. “Credit” means the number of hours of instruction required per week
over a semester as defined in the National Credit Framework (NCrF)
vii. “Degree” means a degree specified under sub-section (3) of section
22 of the Act;
2",0,1.000,-recruitment;-promotion;-examination;-academic;-university;-degree;-students;-teacher;-college;-colleges;-course;-semester;-education;-higher education;-research
3045759_Draft-Regulation-Minimum-Qualifications-for-Appointment-and-Promotion-of-Teachers-and-Academic-Staff-in-Universities-and-Colleges-and-Measures-for-the-Maintenance-of-Standards-in-HE-Regulations-2025.pdf,2,"viii. “External Subject Expert” means a renowned expert not below the
academic level 14 in the subject who is not an employee or retiree
from the Higher Educational Institution where the
recruitment/promotion takes place;
ix. “Grade” means a numerical weight allotted to each letter grade on a
10-point scale;
x. “Higher Education Institution” (HEI) means a university established
or incorporated by or under a Central Act, Provincial Act, or State Act
as referred to under clause (f) of section 2 of the Act, institution or
college recognized by or affiliated to such university and an institution
deemed to be a university under section 3 of the Act which is offering
programmes through conventional mode or online or open and
distance learning mode, in the area of higher education or research
therein;
xi. ""Indian languages” means languages included in the 8th schedule of
the Indian Constitution.
xii. “NET” means National Eligibility Test (NET) conducted to determine
the eligibility for the post of Assistant Professor in Indian HEIs;
xiii. “Ordinance” means a law or rule made by an authority;
xiv. “Orientation Course” means a course to create awareness among
young faculty members about the profession and their institution;
xv. “Peer review” means evaluation of scientific, academic, or
professional work by experts in the same field;
xvi. “Programme” means a higher education programme pursued for a
degree specified by the Commission under sub-section (3) of section
22 of the Act;
xvii. “Promotion” means the movement of an employee from a lower
academic level to a higher academic level;
xviii. “Qualification” means a certificate, diploma, or degree awarded by a
recognized HEI on successful completion of a particular higher
education programme after due assessment and evaluation;
xix. “Quorum” means the minimum number of members of a body that is
required to be present at a given meeting;
xx. Relevant / Allied subject means a subject that may be related to the
main subject under consideration, either as a single discipline or,
multidiscipline, or inter-discipline;
xxi. “Recruitment” means an overall process of identifying, screening,
shortlisting, and interacting with candidates for positions in a HEI;
xxii. “Refresher Course” means a course that reviews and updates a topic
to keep the faculty members abreast of developments in the subject;
xxiii. “SET or SLET” means State Eligibility Test (SET) or State Level
Eligibility Test (SLET) conducted at the State level to determine the
eligibility for the post of Assistant Professor in HEIs of that particular
State;
3",0,1.000,-recruitment;-promotion;-academic;-university;-degree;-faculty;-college;-course;-education;-educational;-higher education;-research;-programme
3045759_Draft-Regulation-Minimum-Qualifications-for-Appointment-and-Promotion-of-Teachers-and-Academic-Staff-in-Universities-and-Colleges-and-Measures-for-the-Maintenance-of-Standards-in-HE-Regulations-2025.pdf,4,"Innovative Teaching Contribution; (2) Research or Teaching Lab
Development; (3) Consultancy / Sponsored Research funding as a
Principal Investigator or Co-Principal Investigator; (4) Teaching
contributions in Indian languages; (5) Teaching-Learning and
Research in Indian Knowledge System; (6) Student Internship / Project
Supervision; (7) Digital Content Creation for MOOCs; (8) Community
Engagement and Service; (9) Startup, as per the intellectual property
policies of the HEI, registered with the Registrar of Companies (ROC)
as a founding promoter, successfully raising funding through
government, angel or venture funds to support the startup.
3.9 Notable contributions to be considered by the selection committee for
recruitment and promotion of academic staff (Librarian cadre) are: (1)
Innovative Information Service Designed and/or Implemented; (2) User
Interaction Activities Designed or involved in; (3) Leveraging Web-
based Resources for Library users; (4) Managing users and
Resources in a Consortium; (5) Digital Content Creation for MOOCs;
(6) Digital Library Management; (7) Services for persons with
disabilities; (8) Implementation and Management of Multilingual
Collections (Physical and Electronic) and Services; (9) Innovative and
Sustainable Green Library Spaces and Activities.
3.10 Notable contributions to be considered by the selection committee
for recruitment and promotion of academic staff (Director, Physical
Education and Sports cadre) are: (1) Contribution to the inclusion of
persons with disabilities in sports / physical activities; (2) Building
partnerships with local schools, Sports Club and Community
Organizations to promote sports and Physical Activity; (3) Developing
Specialized Training Programmes to help Student-Athletes reach their
full potential; (4) Organizing Health and Fitness Workshop, Seminars
and Wellness Campaigns; (5) Mentoring Students interested in
Pursuing Career in Sports, Fitness and related Fields; (6) Developing
Strategies to Enhance Performance of teams/athletes for inter-
college/inter-university/State/National level competitions; (7)
Promotion of Indigenous Indian Games; (8) Digital Content Creation for
MOOCs; (9) Organizing competitions and conducting coaching camps
for students in a university or college of at least two weeks duration.
3.11 The research publications should be in peer-reviewed journals, and
the book chapter or book must be published by a recognized academic
or professional publisher with a reputation for rigorous peer review and
quality editing. Self-published book chapters or books will not be
considered. The selection committee shall decide whether the
research publications are in a peer-reviewed journal, whether the
publication of a book/book chapter is by a reputed publisher, and
whether the contributions are notable, based on the recommendations
of the three external subject experts of the selection committee
constituted in accordance with these regulations.
3.12 The Ph.D. Degree shall be a mandatory qualification for promotion
to Assistant Professor (Academic Level 12), Associate Professor
(Academic Level 13A) and Professor (Academic Level 14) in
5",0,1.000,-recruitment;-promotion;-academic;-university;-degree;-student;-students;-college;-education;-research;-cadre
3045759_Draft-Regulation-Minimum-Qualifications-for-Appointment-and-Promotion-of-Teachers-and-Academic-Staff-in-Universities-and-Colleges-and-Measures-for-the-Maintenance-of-Standards-in-HE-Regulations-2025.pdf,5,"universities and colleges.
3.13 The time candidates take to acquire M.Phil. and/or Ph.D. Degree
shall not be considered as teaching/ research experience to be
claimed for appointment to the teaching positions. Further, the period
of active service spent on pursuing a research degree simultaneously
with teaching assignments without taking any kind of leave shall be
counted as experience for direct recruitment/ promotion. Regular
faculty members up to twenty per cent of the total faculty strength
(excluding faculty on medical / maternity leave) shall be allowed by
their respective institutions to take study leave to pursue Ph.D.
degrees
3.14 No person shall be appointed to the post of University and College
teacher, Librarian, or Director of Physical Education and Sports in any
university or in any of the colleges or in an institution deemed to be a
University under Section 3 of the said Act if such person does not fulfill
the requirements as to the qualifications for the appropriate post as
provided in these regulations.
3.15 A teacher representing SC/ST/OBC/ Minority / Women / Persons with
disabilities is to be nominated by the Vice-Chancellor (a) if any of the
candidates belonging to any of these categories is the applicant and
(b) if any of the members of the selection committee does not belong
to these categories. The teacher, so nominated for this purpose in the
selection committee, shall be one level above the cadre level of the
applicant, and such nominee shall ensure that the norms of the Central
Government or State Government, in relation to the categories
mentioned above, are strictly followed during the selection process.
3.16 The candidates registered for the Ph.D. degree prior to July 11,
2009, shall be governed by the provisions of the then existing
Ordinances / By-laws / regulations of the Institution awarding the
degree, and such Ph.D. Candidates shall be exempted from the
NET/SLET/SET requirement for recruitment and appointment of
Assistant Professor, Assistant Librarian, Assistant Director of Physical
Education and Sports in a University / College.
3.17 For colleges coming under the purview of State Governments/Union
Territories, direct recruitment to the post of Assistant Professor,
Associate Professor, and Professor shall be either as per these
regulations or as per the rules of the State Government by following
the minimum qualifications as given in these regulations.
4.0 Direct Recruitment
4.1 Minimum Qualifications, Experience, and Accomplishments (For
the Disciplines of Arts, Commerce, Humanities, Education,
Law, Social Sciences, Sciences, Languages, Library Science,
Physical Education, Journalism & Mass Communication,
Engineering/Technology, Management, Drama, Yoga, Music,
Performing Arts, Visual Arts, and Other Traditional Indian Art
Forms like Sculpture etc. in Universities and Colleges)
6",0,1.000,-recruitment;-promotion;-leave;-appointment;-medical;-university;-degree;-degrees;-faculty;-teacher;-college;-colleges;-education;-research;-cadre
3045759_Draft-Regulation-Minimum-Qualifications-for-Appointment-and-Promotion-of-Teachers-and-Academic-Staff-in-Universities-and-Colleges-and-Measures-for-the-Maintenance-of-Standards-in-HE-Regulations-2025.pdf,7,"book as an author or two books as a co-author by a reputed
publisher or eight granted patents. A combination of research
publications, book chapters and granted patents totalling eight
can be considered.
iv) Notable contributions in at least four areas out of the nine given
at 3.8.
Either the above qualifications or the following qualifications can be
used for the disciplines of Yoga, Music, Performing Arts, Visual Arts,
and Other Traditional Indian Art Forms like Sculpture, Drama, etc.
At least a UG degree (NCrF Level 5.5/6), with ten years of
professional experience and fulfilling the following criteria:
i) Commendable professional achievement at the State or
National level through authenticated proof; and
ii) Adequate knowledge of theory and ability to teach with logical
reasoning and illustrations in the discipline.
Note: Fulfillment of the above two criteria shall be determined by the
selection committee based on the recommendations of the three
external subject experts of the selection committee constituted in
accordance with these regulations.
4.1. III. Professor: (Academic Level 14):
For the Disciplines of Arts, Commerce, Humanities, Education,
Law, Social Sciences, Sciences, Languages, Library Science,
Physical Education, Journalism & Mass Communication,
Engineering/Technology, Management, Drama, Yoga, Music,
Performing Arts, Visual Arts, and Other Traditional Indian Art
Forms like Sculpture etc.
i) A UG degree (NCrF Level 6) with at least 75% marks or a PG
Degree (NCrF Level 6.5/7) with at least 55% marks (or an
equivalent grade) and a Ph.D. Degree (NCrF Level 8).
ii) A minimum of ten years of teaching and/or research experience
at the level of Assistant Professor/Associate Professor in a
University / College / Indian or Foreign Research Institutions of
comparable standards, of which at least three years should be at
the level of an Associate Professor or equivalent. The research
experience shall be counted as per the clause 3.13.
iii) A minimum of ten research publications in peer-reviewed journals
or publication of ten book chapters or publication of four books as
an author or eight books as a co-author by a reputed publisher or
ten granted patents. A combination of research publications,
books, book chapters and granted patents totalling ten, can be
considered.
iv) As a sole supervisor, one doctoral candidate was awarded a
Ph.D. degree, or as a co-supervisor, two doctoral candidates
8",0,1.000,-academic;-university;-degree;-college;-education;-research
3045759_Draft-Regulation-Minimum-Qualifications-for-Appointment-and-Promotion-of-Teachers-and-Academic-Staff-in-Universities-and-Colleges-and-Measures-for-the-Maintenance-of-Standards-in-HE-Regulations-2025.pdf,8,"were awarded Ph.D. degrees.
v) Notable contributions in at least four areas out of the nine given
at 3.8.
Either the above qualifications or the following qualifications can be
used for the disciplines of Yoga, Music, Performing Arts, Visual
Arts, and Other Traditional Indian Art Forms like Sculpture, Drama
etc.
At least a UG degree (NCrF Level 5.5/6) holder with fifteen years
of professional experience and fulfilling the following criteria:
i) Commendable professional achievement at the National or
International level through authenticated proof; and
ii) Adequate knowledge of theory and ability to teach with logical
reasoning and illustrations in the discipline.
Note: Fulfillment of the above two criteria shall be determined by the
selection committee based on the recommendations of the three
external subject experts of the selection committee constituted in
accordance with these regulations.
4.1. IV. Assistant Librarian (Academic Level 10) in Universities and
Colleges
i) A UG degree in Library Science, Information Science, or a
relevant/allied discipline (NCrF Level 6) with at least 75% marks or a
PG Degree in Library Science, Information Science, or a
relevant/allied discipline (NCrF Level 6.5) with at least 55% marks (or
an equivalent grade) and a Ph.D. Degree in Library Science,
Information Science, or a relevant/allied discipline (NCrF Level 8).
Or
A PG degree in Library Science, Information Science, or a
relevant/allied discipline (NCrF Level 6.5) with at least 55% marks (or
an equivalent grade) and qualification in the National Eligibility Test
(NET) conducted by the UGC or a similar test like SLET/SET in
Library Science, Information Science or a relevant/allied discipline.
4.1. V. Deputy Librarian (Academic Level 13 A) in universities
i. A UG degree in Library Science, Information Science, or a
relevant/allied discipline (NCrF Level 6) with at least 75% marks or
a PG Degree in Library Science, Information Science, or a
relevant/allied discipline (NCrF Level 6.5) with at least 55% marks
(or an equivalent grade) and a Ph.D. Degree in Library Science,
Information Science, or a relevant/allied discipline (NCrF Level 8).
ii. A minimum of eight years experience as an Assistant Librarian in a
University / College.
iii. Notable contributions in at least four areas out of the nine given at
9",0,1.000,-academic;-university;-degree;-degrees;-college;-colleges
3045759_Draft-Regulation-Minimum-Qualifications-for-Appointment-and-Promotion-of-Teachers-and-Academic-Staff-in-Universities-and-Colleges-and-Measures-for-the-Maintenance-of-Standards-in-HE-Regulations-2025.pdf,9,"3.9
4.1. VI. Librarian (Academic Level 14) in universities
i. A UG degree in Library Science, Information Science, or a
relevant/allied discipline (NCrF Level 6) with at least 75% marks or
a PG Degree in Library Science, Information Science, or a
relevant/allied discipline (NCrF Level 6.5) with at least 55% marks
(or an equivalent grade) and a Ph.D. Degree in Library Science,
Information Science, or a relevant/allied discipline (NCrF Level 8).
ii. A minimum of ten years of experience at the level of Assistant
Librarian/Deputy Librarian/Additional Librarian in a University /
College / Indian or Foreign Research Institution of comparable
standards, of which at least three years should be at the level of a
Deputy Librarian/Additional Librarian.
iii. Notable contributions in at least four areas out of the nine given at
3.9.
4.1. VII. Assistant Director in Physical Education and Sports
(Academic Level 10) in Universities and Colleges
Eligibility (A or B) :
A.
i. A UG degree in Physical Education and Sports or Sports Science
or a relevant/allied discipline (NCrF Level 6) with at least 75% marks
or a PG Degree in Physical Education and Sports or Sports Science
or a relevant/allied discipline (NCrF Level 6.5) with at least 55%
marks (or an equivalent grade) and a Ph.D. Degree in Physical
Education and Sports or Sports Science or a relevant/allied
discipline (NCrF Level 8).
or
A PG degree in Physical Education and Sports or Sports Science
or a relevant/allied discipline (NCrF Level 6.5) with at least 55%
marks (or an equivalent grade) and qualification in the National
Eligibility Test (NET) conducted by the UGC or a similar test like
SLET/SET in Physical Education and Sports or Sports Science or a
relevant/allied discipline.
ii. Passed the physical fitness test conducted in accordance with these
regulations.
Or
B. A medal winner in the Asian Games / Commonwealth Games / Asia
Cup / Asian Para Games / Para Sports at the Commonwealth
Games who has an undergraduate degree (NCrF level 5.5/6) in any
10",0,1.000,-academic;-university;-degree;-college;-colleges;-education;-research
3045759_Draft-Regulation-Minimum-Qualifications-for-Appointment-and-Promotion-of-Teachers-and-Academic-Staff-in-Universities-and-Colleges-and-Measures-for-the-Maintenance-of-Standards-in-HE-Regulations-2025.pdf,11,"iii. Notable contributions in at least four areas out of the nine given
at 3.10
iv. Passed the physical fitness test in accordance with these
regulations.
or
B. A medal winner in the Olympic Games / World Cup / World
Championship / Paralympics with at least a UG degree (NCrF Level
5.5/6) in any discipline.
4.1. X. Physical Fitness Test Norms for the Selection of Assistant
Director/ Deputy Director/Director of Physical Education and
Sports
(a) Subject to the provisions of these regulations, all candidates who
are required to undertake the physical fitness test are required to
produce a medical certificate certifying that he/she is medically fit
before undertaking such tests.
(b) Persons with disabilities are exempted from physical fitness tests.
(c) On the production of such certificate mentioned in sub-clause (a)
above, the candidate would be required to undertake the physical
fitness test in accordance with the following norms:
NORMS FOR MEN
12 MINUTES RUN-WALK TEST
Up to 30 Up to 40 Up to 45 Above 45 Years
Years Years Years
1800 meters 1500 1200 meters 800 meters
meters
NORMS FOR WOMEN
8 MINUTES RUN-WALK TEST
Up to 30 Up to 40 Up to 45
Above 45 Years
Years Years Years
1000 meters
800 meters 600 meters 400 Meters
4.2. Composition of Selection Committees (For the Disciplines of
Arts, Commerce, Humanities, Education, Law, Social Sciences,
Sciences, Languages, Library Science, Physical Education,
Journalism & Mass Communication, Engineering/Technology,
Management, Drama, Yoga, Music, Performing Arts, Visual Arts,
12",0,0.775,-medical;-degree;-education
3045759_Draft-Regulation-Minimum-Qualifications-for-Appointment-and-Promotion-of-Teachers-and-Academic-Staff-in-Universities-and-Colleges-and-Measures-for-the-Maintenance-of-Standards-in-HE-Regulations-2025.pdf,12,"and Other Traditional Indian Art Forms like Sculpture etc. in
Universities and Colleges)
4.2. I. Selection Committee Composition for Assistant Professor,
Assistant Librarian, Assistant Director of Physical Education
and Sports (Academic Level 10), Associate Professor, Deputy
Librarian, Deputy Director of Physical Education and Sports
(Academic Level 13 A) and Professor, Librarian and Director of
Physical Education and Sports (Academic Level 14) in the
Universities shall be the following:
i) The Vice-Chancellor shall be the Chairperson of the Selection
Committee.
ii) A teacher (not a member of either the academic or the
administrative bodies of the University or its affiliated colleges) not
below the rank of Professor to be nominated by the
Visitor/Chancellor/ Equivalent Authority, wherever applicable.
iii) Three external subject experts nominated by the Vice-Chancellor,
out of the panel of names approved by the relevant statutory bodies
of the university.
iv) Dean of the Faculty, wherever applicable.
v) Head/Chairperson of the Department/School.
Note: (1) Five members, including at least two external subject experts,
shall constitute the quorum, (2) A teacher representing
SC/ST/OBC/ Minority / Women / Persons with disabilities is to be
nominated by the Vice-Chancellor (a) if any of the candidates
belonging to any of these categories is the applicant and (b) if any
of the members of the selection committee does not belong to
these categories. (3) The recommendations of the Selection
Committee shall be placed before the Syndicate/ Executive
Council /Board of Management / Governing Body or equivalent
statutory body of the HEIs for appropriate decision.
4.2. II. Selection Committee Composition for Assistant Professor,
Assistant Librarian, Assistant Director of Physical Education
and Sports (Academic Level 10), Associate Professor
(Academic Level 13 A) and Professor (Academic Level 14) in
the colleges shall be the following:
i) The Chairperson of the Governing Body or equivalent statutory
body of the college shall be the Chairperson.
ii) The Principal of the College.
iii) Head of the Department.
iv. Three external subject experts selected by the Chairperson of the
College governing body or equivalent statutory body from a panel
of five names approved by the relevant statutory bodies of the
affiliating university and recommended by the Vice-Chancellor.
Note: (1) Five members, including at least two external subject experts,
13",0,1.000,-academic;-university;-faculty;-teacher;-college;-colleges;-education
3045759_Draft-Regulation-Minimum-Qualifications-for-Appointment-and-Promotion-of-Teachers-and-Academic-Staff-in-Universities-and-Colleges-and-Measures-for-the-Maintenance-of-Standards-in-HE-Regulations-2025.pdf,14,"The seniority level is strictly assigned by the date of promotion to
professor (Academic level 14) rather than the date of granting of
professor (Academic level 15).
5.2. Minimum Qualifications, Experience, and Accomplishments (For
the Disciplines of Arts, Commerce, Humanities, Education, Law,
Social Sciences, Sciences, Languages, Library Science, Physical
Education, Journalism & Mass Communication, Engineering/
Technology, Management, Drama, Yoga, Music, Performing Arts,
Visual Arts, and Other Traditional Indian Art Forms like Sculpture
etc.)
5.2. I. Eligibility Criteria for Assistant Professor (From Academic
Level 10 to 11, Academic Level 11 to 12), Associate Professor
(Academic Level 13 A), and Professor (Academic Level 14 and
Academic Level 15) in universities.
5.2. II. Assistant Professor (Academic Level 10 to Academic Level
11)
Eligibility:
a) An Assistant Professor who has completed (a) four years of
service with a Ph.D. degree (NCrF - Level 8) or (b) five years of
service with a M.Phil. or a PG Degree (NCrF - Level 7) or (c)
six years of service with a PG degree (NCrF - Level 6.5), and
satisfies the following conditions:
i. Attended one Orientation course of 21 days duration on
teaching methodology and completed any one of the following:
Refresher Course or Research Methodology Course or Faculty
Development Programme in online mode recognized by the
regulatory bodies (UGC, AICTE, etc.).
ii. Notable contributions in at least four areas out of the nine
given at 3.8 during the assessment period.
iii. Contributions such as one research publication in peer-
reviewed journals or publication of a book chapter or publication
of a book as an author or two books as a co-author by a reputed
publisher or one granted patents, during the assessment
period.
5.2. III. Assistant Professor (Academic Level 11 to Academic Level
12)
Eligibility:
i. An Assistant Professor who has completed five years of service
in Academic Level 11.
ii. A Ph.D. Degree in the relevant/allied discipline.
iii. Completed any of the following: one Refresher Course or
Faculty Development Programme in online mode recognized by
the regulatory bodies (UGC, AICTE, etc.) during the
assessment period.
15",0,1.000,+eligibility criteria;-seniority;-promotion;-academic;-degree;-faculty;-course;-education;-research;-programme
3045759_Draft-Regulation-Minimum-Qualifications-for-Appointment-and-Promotion-of-Teachers-and-Academic-Staff-in-Universities-and-Colleges-and-Measures-for-the-Maintenance-of-Standards-in-HE-Regulations-2025.pdf,15,"iv. Notable contributions in at least four areas out of the nine given
at 3.8 during the assessment period.
v. Contributions such as three research publications in peer-
reviewed journals or publication of three book chapters or
publication of a book as an author or two books as a co-author
by a reputed publisher or three granted patents during the
assessment period.
Note: A combination of research publications, book chapters
and granted patents totalling three can also be considered.
5.2. IV. Assistant Professor (Academic Level 12) to Associate
Professor (Academic Level 13A)
Eligibility:
i. An Assistant Professor who has completed three years of
service in Academic Level 12.
ii. A Ph.D. Degree in the relevant/allied discipline.
iii. Completed any of the following: a Refresher Course or Faculty
Development Programme in online mode recognized by the
regulatory bodies (UGC, AICTE, etc.).
iv. Notable contributions in at least four areas out of the nine
given at 3.8 during the assessment period.
v. Contributions such as three research publications in peer-
reviewed journals or, publication of three book chapters or
publication of a book as an author or two books as a co-author
by a reputed publisher or three granted patents during the
assessment period.
Note: A combination of research publications, book chapters and
granted patents totalling three can also be considered.
vi. As a sole supervisor, at least one doctoral candidate
registered for a Ph.D. degree, or as a co-supervisor, two
doctoral candidates registered for Ph.D. degrees.
5.2. V. Associate Professor (Academic Level 13A) to Professor
(Academic Level 14)
Eligibility:
i. An Associate Professor who has completed three years of
service in Academic Level 13 A.
ii. A Ph.D. degree in the relevant/allied discipline.
iii. Notable contributions in at least four areas out of the nine
given at 3.8 during the assessment period.
iv. Contributions such as three research publications in peer-
reviewed journals or publication of three book chapters or
publication of a book as an author or two books as a co-
author by a reputed publisher or three granted patents during
16",0,1.000,-academic;-degree;-degrees;-faculty;-course;-research;-programme
3045759_Draft-Regulation-Minimum-Qualifications-for-Appointment-and-Promotion-of-Teachers-and-Academic-Staff-in-Universities-and-Colleges-and-Measures-for-the-Maintenance-of-Standards-in-HE-Regulations-2025.pdf,16,"the assessment period.
Note: A combination of research publications, book chapters
and granted patents totalling three can also be considered.
v. As a sole supervisor at least one doctoral candidate awarded
Ph.D. degree or as a co-supervisor, two doctoral candidates
awarded Ph.D. degrees.
5.2. VI. Professor (Academic Level 14) to Professor (Academic
Level 15)
Eligibility:
i. A Professor who has completed ten years of service in
Academic Level 14 can be granted the Academic Level 15
on fulfillment of the following eligibility criteria:
ii. Notable contributions in at least four areas out of the nine
given at 3.8 during the assessment period.
iii. Contributions such as ten research publications in peer-
reviewed journals or publication of ten book chapters or
publication of three books as an author or six books as a co-
author by a reputed publisher or ten granted patents.
iv. As a sole supervisor, at least five doctoral candidates were
awarded Ph.D. degrees, or as a co-supervisor, ten doctoral
candidates were awarded Ph.D. degrees.
v. Favorable reviews from three eminent subject experts, out of
the panel of names approved by the relevant statutory bodies
of the university, who are not below the rank of a Professor
(Academic Level 15).
5.3. Eligibility Criteria for Assistant Professor (From Academic
Level 10 to 11, Academic Level 11 to 12), Associate Professor
(Academic Level 13 A), and Professor (Academic Level 14) in
colleges
5.3. I. Assistant Professor (Academic Level 10 to Academic
Level 11)
Eligibility:
a) An Assistant Professor who has completed (a) four years of
service with a Ph.D. degree (NCrF - Level 8) or (b) five years of
service with an M.Phil. or a PG Degree (NCrF - Level 7) or (c) six
years of service with a PG degree (NCrF - Level 6.5), and
satisfies the following conditions:
i. Attended one Orientation course of 21 days duration on
teaching methodology and completed any one of the following:
Refresher Course or Research Methodology Course or
Faculty Development Programme in online mode recognized
by the regulatory bodies (UGC, AICTE, etc.).
ii. Notable contributions in at least four areas out of the nine
17",0,1.000,+eligibility criteria;-academic;-university;-degree;-degrees;-faculty;-colleges;-course;-research;-programme
3045759_Draft-Regulation-Minimum-Qualifications-for-Appointment-and-Promotion-of-Teachers-and-Academic-Staff-in-Universities-and-Colleges-and-Measures-for-the-Maintenance-of-Standards-in-HE-Regulations-2025.pdf,18,"granted patents totalling ten of which three shall be a combination
of research papers or book chapters or granted patents during the
assessment period or Publication of four books as an author or
eight books as a co-author by a reputed publisher out of which
one book as an author or two books as a co-author shall be
published during the assessment period.
5.4 Eligibility Criteria in University / College for Assistant Librarian
(From Academic Level 10 to 11, Academic Level 11 to 12), Deputy
Librarian (Academic Level 13 A), and Additional Librarian
(Academic Level 14)
5.4 I. Assistant Librarian (Academic level 10 to Academic level
11):
Eligibility:
An Assistant Librarian in a University / College who has completed (a)
four years of service with a Ph.D. degree (NCrF - Level 8) or (b) five
years of service with an M.Phil. or a PG Degree (NCrF - Level 7) or
(c) six years of service with a PG degree (NCrF - Level 6.5), and
satisfies the following conditions:
i. Attended one Orientation course of 21 days duration and
completed any one of the following: Seminar/workshop/training
on automation and digitalization or short-term courses in online
mode recognized by the regulatory bodies (UGC, AICTE, etc.)
during the assessment period.
ii. Notable contributions in at least four areas out of the nine given
at 3.9 during the assessment period.
5.4.II. Assistant Librarian (Academic level 11 to Academic level
12):
Eligibility:
i. Assistant Librarian in a University / College who has completed
five years of service in Academic Level 11.
ii. Completed any of the following: Seminar/workshop/training on
automation and digitalization or short-term courses in online
mode recognized by the regulatory bodies (UGC, AICTE, etc.)
during the assessment period.
iii. Notable contributions in at least four areas out of the nine given
at 3.9 during the assessment period.
5.4. III. Assistant Librarian (Academic Level 12) to Deputy Librarian
(Academic Level 13A):
i. Assistant Librarian in a University / College who has completed
three years of service in Academic Level 12.
19",0,1.000,+eligibility criteria;-academic;-university;-degree;-college;-course;-courses;-research
3045759_Draft-Regulation-Minimum-Qualifications-for-Appointment-and-Promotion-of-Teachers-and-Academic-Staff-in-Universities-and-Colleges-and-Measures-for-the-Maintenance-of-Standards-in-HE-Regulations-2025.pdf,19,"ii. Completed any of the following: Seminar/workshop/training on
automation and digitalization or short-term courses in online mode
recognized by the regulatory bodies (UGC, AICTE, etc.) during the
assessment period.
iii. Notable contributions in at least four areas out of the nine given at
3.9 during the assessment period.
5.4 IV. Deputy Librarian (Academic Level 13A) to Additional
Librarian (Academic Level 14):
i. Deputy Librarian in a University / College who has completed three
years of service in Academic Level 13A.
ii. A Ph.D. Degree in the relevant/allied discipline.
iii. Completed any of the following: Seminar/workshop/training on
automation and digitalization or short-term courses in online mode
recognized by the regulatory bodies (UGC, AICTE, etc.) during the
assessment period.
iv. Notable contributions in at least four areas out of the nine given at
3.9 during the assessment period.
Note: The above provisions shall apply only to the persons in the
librarian cadre employed in a library of a university or college.
5.5 Eligibility Criteria in University / College for Assistant Director
of Physical Education and Sports (From Academic Level 10 to
11, Academic Level 11 to 12), Deputy Director of Physical
Education and Sports (Academic Level 13 A), and Additional
Director of Physical Education and Sports (Academic Level 14)
5.5. I. Assistant Director of Physical Education and Sports
(Academic Level 10 to Academic Level 11)
Eligibility:
a. Assistant Director of Physical Education and Sports in a University
/ College who has completed (a) four years of service with a Ph.D.
degree (NCrF - Level 8) or (b) five years of service with an M.Phil.
degree or a PG Degree (NCrF - Level 7) or (c) six years of service
with a PG degree (NCrF - Level 6.5) and satisfies the following
conditions:
i. Attended one Orientation course of 21 days duration on
teaching methodology and completed any one of the following:
Refresher Course or Research Methodology Course, or
Faculty Development Programme in online mode recognized
by the regulatory bodies (UGC, AICTE, etc.) during the
assessment period.
ii. Notable contributions in at least four areas out of the nine
20",0,1.000,+eligibility criteria;-academic;-university;-degree;-faculty;-college;-course;-courses;-education;-research;-programme;-cadre
3045759_Draft-Regulation-Minimum-Qualifications-for-Appointment-and-Promotion-of-Teachers-and-Academic-Staff-in-Universities-and-Colleges-and-Measures-for-the-Maintenance-of-Standards-in-HE-Regulations-2025.pdf,21,"assessment.
2. When a candidate succeeds in an assessment, his/her promotion
shall be effected as detailed below:
3. If the assessment is between 1st January and 30th June of a year,
promotion shall be granted from 1st July of the year.
4. If the assessment is between 1st July and 31st December of a year,
promotion shall be granted from 1st January of the following year.
Note: (1) For all selection committees specified in these
regulations, the Head of Department should be either in the same
or higher rank/position than the rank/position for which the
interview is to be held. (2) The selection of candidates to a higher
position shall be based on the credentials and interaction with the
selection committee. (3) The recommendations of the Selection
Committee shall be placed before the Syndicate/ Executive
Council /Board of Management / Governing Body or equivalent
statutory body of the HEIs for appropriate decision.
5.7 Composition of the Selection Committee in Universities and
Colleges
5.7. I. For Assistant Professor, Assistant Librarian, Assistant
Director of Physical Education and Sports (From Academic
Level 10 to 11, Academic Level 11 to 12), Associate Professor,
Deputy Librarian, Deputy Director of Physical Education and
Sports (Academic Level 13 A) and Professor, Additional
Librarian, Additional Director of Physical Education and Sports
(Academic Level 14) and Professor (Academic Level 15) in the
universities shall be the following:
i) The Vice-Chancellor shall be the Chairperson of the Selection
Committee.
ii) A teacher not below the rank of Professor to be nominated by the
Visitor/Chancellor/Equivalent Authority, wherever applicable.
iii) Three external subject experts nominated by the Vice-
Chancellor, out of the panel of names approved by the relevant
statutory bodies of the university.
iv) Dean of the Faculty, wherever applicable.
v) Head/Chairperson of the Department/School.
vi) A teacher representing SC/ST/OBC/ Minority / Women / Persons
with disabilities is to be nominated by the Vice-Chancellor (a) if
any of the candidates belonging to any of these categories is the
applicant and (b) if none of the members of the selection
committee belong to these categories.
Note: Five members, including at least two external subject experts,
shall constitute the quorum.
22",0,1.000,-promotion;-academic;-university;-faculty;-teacher;-colleges;-education
3045759_Draft-Regulation-Minimum-Qualifications-for-Appointment-and-Promotion-of-Teachers-and-Academic-Staff-in-Universities-and-Colleges-and-Measures-for-the-Maintenance-of-Standards-in-HE-Regulations-2025.pdf,22,"5.7. II. For Assistant Professor, Assistant Librarian, Assistant
Director of Physical Education and Sports (From Academic
Level 10 to 11, Academic Level 11 to 12), Associate Professor,
Deputy Librarian, Deputy Director of Physical Education and
Sports (Academic Level 13 A) and Professor, Additional
Librarian and Additional Director of Physical Education and
Sports (Academic Level 14) in the colleges shall be the
following:
i) The Chairperson of the Governing Body or equivalent statutory
body of the college shall be the Chairperson.
ii) The Principal of the College.
iii) Head of the Department.
iv) Three external subject experts selected by the Chairperson of
the College governing body or equivalent statutory body from a
panel of five names approved by the relevant statutory bodies
of the affiliating university and recommended by the Vice-
Chancellor.
v) A teacher representing SC/ST/OBC/ Minority / Women /
Persons with disabilities is to be nominated by the Vice-
Chancellor (a) if any of the candidates belonging to any of these
categories is the applicant and (b) if any of the members of the
selection committee does not belong to these categories.
Note: Five members, including at least two external subject
experts, shall constitute the quorum.
6.0 Counting of Past Services for Direct Recruitment and
Promotion under CAS
Previous regular service rendered in National or International HEIs
or research organizations as a Post-Doctoral Fellow shall be counted
for Assistant Professor, Associate Professor, Professor, and other
academic staff, provided that:
(a) The essential qualifications of the post held were not lower than
the qualifications prescribed in these regulations.
(b) The position held should be of an equivalent grade to the
existing scale or of the pre-revised scale of pay.
(c) The position held should be in the regular mode and not in a
guest or part-time mode.
(d) The previous full-time Ad-hoc or contractual service (by
whatever nomenclature it may be called) shall be counted,
provided that:
(i) In the case of Indian HEIs or research organizations, the
incumbent was appointed on the recommendation of a duly
constituted Selection Committee as per UGC regulations. In
23",0,1.000,-recruitment;-promotion;-academic;-university;-teacher;-college;-colleges;-education;-research
3045759_Draft-Regulation-Minimum-Qualifications-for-Appointment-and-Promotion-of-Teachers-and-Academic-Staff-in-Universities-and-Colleges-and-Measures-for-the-Maintenance-of-Standards-in-HE-Regulations-2025.pdf,23,"the case of international HEIs or research organizations, the
incumbent was appointed as per the rules of the respective
international HEIs or research organizations;
(ii)The incumbent was drawing total gross emoluments, as per
the prescribed pay scale communicated by UGC, not less
than the monthly gross emoluments of a regularly appointed
Assistant Professor or Associate Professor or Professor as
the case may be (Salary certificate should be supported by
authenticated proof such as ITR in case of Indian HEIs or
research organizations and through other authenticated
proof for international HEIs or research organizations).
(e) No distinctions shall be made with reference to the nature of
management of the institution where the previous service was
rendered (private/public) while counting the past service under this
clause.
7.0. Minimum Qualifications, Experience, Accomplishments,
Tenure, Selection Committee and Selection Procedure for the
appointment of Principal (for UG college - Academic level 13A
and for PG college - Academic level 14):
7.1. Minimum Qualifications, Experience, and Accomplishments
i. Ph.D. degree.
ii. For PG colleges, a Professor/Associate Professor with a total
experience of at least fifteen years of teaching/research in HEIs
is essential. For UG colleges, a Professor/Associate Professor
with a total experience of at least ten years of teaching/research
in HEIs is essential.
iii. A minimum of ten research publications in peer-reviewed
journals or publication of ten book chapters or publication of four
books as an author or eight books as a co-author by a reputed
publisher or ten granted patents. A combination of research
publications, book chapters, and granted patents totalling ten
can also be considered.
Note: The research publications should be in peer-reviewed
journals, and the book chapter or book must be published by a
recognized academic or professional publisher with a reputation
for rigorous peer review and quality editing. Self-published book
chapters or books will not be considered. The selection
committee shall decide whether the research publications are
in a peer-reviewed journal, whether the publication of a
book/book chapter is by a reputed publisher, and whether the
contributions are notable, based on the recommendations of the
three external experts of the selection committee constituted in
accordance with these regulations.
24",0,1.000,-pay scale;-academic;-appointment;-degree;-college;-colleges;-research
3045759_Draft-Regulation-Minimum-Qualifications-for-Appointment-and-Promotion-of-Teachers-and-Academic-Staff-in-Universities-and-Colleges-and-Measures-for-the-Maintenance-of-Standards-in-HE-Regulations-2025.pdf,25,"one academic session and may be renewed after review for
another academic session.
9.0. Professor of Practice:
HEIs may engage experts/professionals/practitioners from
industries/other professions for teaching and research. The
engagement of the Professor of Practice will be exclusive of the
sanctioned posts. The number of Professors of Practice in a HEI,
at any point in time, should not exceed 10% of the sanctioned
posts in a HEI. The provisions given in the UGC Guidelines for
engaging Professors of Practice in HEIs shall be applicable with
regard to tenure, selection procedure, duties and responsibilities,
etc.
10.0 Minimum Qualifications, Experience, Accomplishments,
Selection Committee, and Selection Procedure for the
Appointment of Vice-Chancellor in Universities.
10.1 Vice-Chancellor
i. A distinguished person possessing high academic qualifications
and demonstrated administrative and leadership capabilities,
strong alignment to constitutional values, strong social
commitment, belief in teamwork, pluralism, ability to work with
diverse people, with a flair for innovation and a global outlook in
higher education, along with the overall vision of the institution and
abilities to manage complex situations with a minimum of ten years
of experience as (i) a Professor in an HEI or (ii) at a senior level in
reputed research or academic administrative organizations or (iii)
at a senior level in industry, public administration, public policy
and/or public sector undertakings, with a proven track record of
significant academic or scholarly contributions, shall be eligible to
be appointed as Vice-Chancellor.
ii. The selection for the Vice-Chancellor post shall be through an all
India newspaper advertisement and public notification.
Applications can also be sought through nomination or a talent
search process by a Search cum Selection Committee.
iii. The Chancellor/Visitor shall constitute the Search cum Selection
Committee comprising three experts. The members of such
Search-cum-Selection Committee shall be eminent persons with a
proven track record of excellence (either Directors/Vice
Chancellors or former Directors/Vice Chancellors of HEIs) and
shall not be connected in any manner with the University
concerned or its colleges. If the Vice-Chancellor or any member
of the EC/Syndicate/ BoM/Equivalent body is an applicant for the
Vice-Chancellor’s post, they have to recuse themselves from the
meeting during the discussion of the agenda item wherein the
26",0,1.000,-academic;-appointment;-university;-colleges;-education;-higher education;-research
3045759_Draft-Regulation-Minimum-Qualifications-for-Appointment-and-Promotion-of-Teachers-and-Academic-Staff-in-Universities-and-Colleges-and-Measures-for-the-Maintenance-of-Standards-in-HE-Regulations-2025.pdf,26,"nominee of the EC/Syndicate/ BoM/Equivalent body is to be
decided. In case of violation, the applicant shall be disqualified as
a candidate for the post of Vice-Chancellor.
iv. The following shall be the constitution of the Search cum Selection
Committee.
a) a nominee of the Visitor/Chancellor, who shall be the
Chairperson of the Search cum Selection Committee.
b) a nominee of the Chairman, University Grants Commission.
c) a nominee of the apex body of the university such as Syndicate/
Senate/Executive Council / Board of Management/ Equivalent
Body of the University.
v. The conditions of service of the Vice Chancellor shall be prescribed
in the Statutes of the respective University in conformity with these
Regulations.
vi. The composition of the Search cum Selection Committee shall be
mandatory for the selection of Vice-Chancellors of all Universities
established or incorporated by or under a Central Act, Provincial
Act or State Act and recognized under Clause (f) of Section 2 of
the University Grants Commission Act, 1956 and every Institution
deemed to be a University under Section 3 of the said Act.
vii. The Search-cum-Selection Committee shall short-list the
candidates and interact with the short-listed candidates to prepare
a panel of 3-5 names for submission to the Visitor/Chancellor.
viii. The Visitor/Chancellor of the university shall appoint the Vice-
Chancellor out of the panel of names recommended by the
Search-cum-Selection Committee.
ix. The Vice-Chancellor shall hold office for a term of five years from
the date on which he or she enters upon his or her office or until
he or she attains the age of seventy years, whichever is earlier,
and shall be eligible for re-appointment for one more term by
following the procedure prescribed for the appointment of Vice-
Chancellor:
x. The term of office of the Vice-Chancellor shall form part of the
service period of the incumbent, making him/ her eligible for all
service-related benefits.
xi. If a Vice-Chancellor is not appointed as per these regulations,
such an appointment shall be null and void.
11.0 Consequences of Violation of UGC Regulations
If any HEI violates the provisions of these regulations, the
Commission shall constitute an enquiry committee to look into the
27",0,0.675,-appointment;-university
8thcpcnotification.pdf,3,"4 THE GAZETTE OF INDIA : EXTRAORDINARY [PART I—SEC.1]
MINISTRY OF FINANCE
(Department of Expenditure)
RESOLUTION
New Delhi, the 3rd November, 2025
F. No. 01-01/2025-E.III(A).—The Government of India have decided to appoint the Eighth Central Pay
Commission comprising of the following:-
1. Chairperson - Smt. Justice Ranjana Prakash Desai
2. Member (Part-Time) - Prof. Pulak Ghosh
3. Member-Secretary - Shri Pankaj Jain
2. The terms of reference of the Commission will be as follows:-
a) To examine and recommend changes that are desirable and feasible in the emoluments including pay,
allowances, and other facilities/ benefits, in cash or kind, having regard to rationalization, contemporary
functional requirements and the specialized needs of various Departments, agencies and services in
respect of following categories of employees:
(i) Central Government employees — industrial and non-industrial;
(ii) Personnel belonging to the All India Services;
(iii) Personnel belonging to the Defence Forces;
(iv) Personnel of the Union Territories;
(v) Officers and employees of the Indian Audit and Accounts Department;
(vi) Members of the regulatory bodies (excluding the RBI) set up under the Acts of Parliament;
(vii) Officers and employees of the Supreme Court;
(viii) Officers and employees of the High Courts whose expenditure is borne by the Union Territories;
and
(ix) Judicial officers of the subordinate courts in the Union Territories.
[Note: In respect of judicial officers, the Commission shall adhere to the principle enunciated by the
Supreme Court in its Judgement dated 24th August, 1993 in All India Judges’ Association and Others
V/s Union of India and Others, viz. that there shall be no link between service conditions of judges and
administrative executive and that the service conditions of judges have to meet the special needs of the
judiciary].
(b) To work out an emolument structure conducive to attracting talent to Government service, promoting
efficiency, accountability and responsibility in the work culture.
(c) To examine the existing schemes of bonus with a view to improving performance and productivity and
make recommendations on the general principles, financial parameters, productivity and performance-
linked parameters for an appropriate incentive Scheme to reward excellence in productivity and
performance.
(d) To review the existing allowances and conditions of their admissibility and recommend their
rationalization keeping in view the multiplicity of allowances.
(e)
(i) To review the Death-cum-Retirement Gratuity of employees borne on the National Pension
System (including Unified Pension Scheme) and make recommendations thereon.
(ii) To review the Death-cum-Retirement Gratuity and pensions of employees not borne on the
National Pension System (including Unified Pension Scheme) and make recommendations
thereon keeping in view Para f(iii) below.
(f) To make recommendations on the above, keeping in view:
(i) The economic conditions in the country and the need for fiscal prudence;
(ii) The need to ensure that adequate resources are available for developmental expenditure and
welfare measures;",0,0.850,-welfare;-pension;-allowances
8thcpcnotification.pdf,4,"[भाग I—खण् ड 1] भारत का रािपत्र : असाधारण 5
(iii) The unfunded cost of non-contributory pension schemes;
(iv) The likely impact of the recommendations on the finances of the State Governments which
usually adopt the recommendations with some modifications; and
(v) The prevailing emolument structure, benefits and working conditions available to employees
of Central Public Sector Undertakings and private sector.
3. The Commission will devise its own procedure and may appoint such Advisors, Institutional Consultants and
Experts, as it may consider necessary for any particular purpose. It may call for such information and take such evidence,
as it may consider necessary. Ministries and Departments of Government of India shall furnish such information and
documents and other assistance as may be required by the Commission. The Government of India trusts that State
Governments, Service Associations and others concerned will extend to the Commission their fullest cooperation and
assistance.
4. The Commission will have its headquarters in Delhi.
5. The Commission will make its recommendations within 18 months of the date of its constitution. It may
consider, if necessary, sending interim reports on any of the matters as and when the recommendations are finalized.
V. VUALNAM, Secy.
ORDER
ORDERED that the Resolution be published in the Gazette of India.
ORDERED also that a copy of the Resolution be communicated to the Ministries/Departments of the Government of
India, State Governments/ Administrations of Union Territories and all others concerned.
V. VUALNAM, Secy.
Uploaded by Dte. of Printing at Government of India Press, Ring Road, Mayapuri, New Delhi-110064
and Published by the Controller of Publications, Delhi-110054.",0,0.625,-pension
Department_of_Public_Enterprises_circular.pdf,0,"F. No. FPEIT(4)/?017-Fin.
Government nf lndia
Ministry of Finance
Department of Fublic Enterprises
Block No. 14, CGO Complex,
Lodi Road, New Delhi-110003
Dated the 18th November, ?021
To,
Chief Hxecutives of all GPSEs
Subject- General lnstructions on Procurement and Project Management
Sir/Madam,
The undersigned is directed to state that the Department of Expenditure vide
their OM dated zgth October, ?021 has issued 'General tnstructions on Procurement
and Project Managemenf . A cupy of these instructione is enclosed and reiterated to
all CPSEs for information and compliance.
En,$l ; As stFte$.
Yours
Joint Director
Tel : 2436-0258
/'d
U6Uto
:- $hri Kanwalpreet, Director (Procurement Policy Division), Department of
Expenditure, North Block, New Delhi.",1,1.000,+procurement;+procurement policy
Department_of_Public_Enterprises_circular.pdf,1,"No.F.1/112021-PPD
Govemment of lndia
Ministry of Finance
Department of Expenditure
Procurement Policy Division
264'c' t"" nlntJ'3:,$H
?3I'
:
Subiect: General lnstructions on Procurement and Proiect Management
It has always been a concern and challenge for the Govemment and its
agencies to execute public projects on time, within the approved cost and with
good quality. As the Government strives to step up the pace of economic
development, the role of procedure and rules, and the incentives and
disincentives they create, wanants careful examination.
2.
The Central Vigilance Commission (CVC) and the Comptroller &
Auditor General (CAG) are among the institutions which have, at various
times, had occasion to comment on procurement and project management.
Taking cognizance of these issues, CVC issued a Concept Paper on
Altemative Procurement Strategy suggesting various reforms. Later after
elaborate olnsultations with various stakeholders and a reform workshop held
on 1 8.1 2.2020, CVC prepared Draft Guidelines on ""Reforms in Public
Procurement and Project Management"". The draft guidelines inter alia stated:
""Endeavour should be to explore the possibility of employing alternative
procurement methods and other emerging trends apart from regularly used
methods of procuremenf'.
Separately, the CAG held a workshop on 2lhFebruary, 2020, soliciting
ideas to improve procurement and project management. ln that workshop, the
then CAG himsetf observed: ""lt is also important to examine the information
available with the decision maker at the time of taking the procurement
decision. Post fasto wisdom is easy and costs of indecision high"". He hoped
that the Tocus of the presentations would be on discussing the chatlenges
faced in procurement, especially that of adhering to the L1 requirement and
related quality issues and new mechanisms/ strategies of procurement to
overcome these challenges"".
The National lnstitution for Transforming lndia (NlTl) Aayog also
prepared in August, 2O2O a detailed paper entitled ""lndian Public
Procurement Alternative Strategies and Way Forward"" with various
proposals.
Page I of22",1,1.000,+procurement;+procurement policy;+central vigilance;+cvc;-examination;+procurement-policy
Department_of_Public_Enterprises_circular.pdf,2,"3. A common theme arising in all these deliberations was a need to
improve procurement and project management rules and procedures, to
update them to present day needs, and empower those implementing projects
to take better decisions, while adhering to probity and fairness. The fact that
two premier institutions overseeing probity and accountability and lndia's
premier policy think-tank felt the need to improve public procurement and
project management procedures indicates the importance of the issue.
4.
The Draft Guidelines prepared under the aegis of the CVC provided a
sound platform for initiating reforms for empowering executing agencies and
officers to take effective decisions in public interest, not only without favour
but also without fear. These Draft Guidelines were considered by the
Committee of Secretaries, and it was decided that the Department of
Expenditure (DoE) would consider and issue guidelines, after soliciting and
incorporating comments from Ministries/ Departments. Comments were
solicited from all Ministries/ Departments and after due and detailed
consideration of the comments received, instructions as contained in the
subsequent paragraphs are being issued for compliance. While the primary
source of these instructions is the draft guidelines prepared by the CVC, the
views expressed in the CAG's workshop, by NlTl Aayog, and in other
comments received have also been duly considered and incorporated
wherever appropriate.
5.
The instructions below are ""general instructions"" within the meaning of
Rule 6(1) of the GFR. They shall prevail in case of any general or case-
specific conflict with the existing provisions of the Manual for Procurement of
Goods, 2A17, Manual for Procurement of Consultancy and other Services
2017, Manual for Procurement of Works 2019 or any other instruction issued
by DoE in the past. For the purpose of these instructions:
(i)
lnstructions containing 'may' are to be considered desirable or
good practices which procuring entities/ project executing
agencies are encouraged to implement but not mandatory.
(ii) Instructions containing 'should' are required to be followed in
generat. However, there may be circumstances where it may not
be practical/ desirable to implement them. ln such cases, the
concerned officer/ agency may deviate by recording reasons in
writing for not implementing the same.
Page 2 of 22",1,1.000,+procurement;+procuring;+gfr;+cvc;+procurement-policy
Department_of_Public_Enterprises_circular.pdf,3,"(iii)
lnstructions containing 'shatl' are mandatory; any deviation shall
require relaxation of rules from the DoE (for Ministries/
Departments etc.) or from the Board of Directors (for Central
Public Sector Enterprises).
(iv)
lnstructions containing ""allowed"" indicate an optional course of
action to be decided upon on merits.
(v)
""Procuring Entit/' or ""Project Executing Authorit/ or ""Project
Executing Agency'' means Central Govemment Ministries/
Departments, Attached/ Subordinate bodies
including
Autonomous Bodies or Central public Sector Enterprises
(CPSEs) (etc) executing projects/ works.
(vi)
""Public Authority'' means the client organization, which may 6e
asking a ""Procuring Entity'' or 'Project Executing Authority'' or
""Project Executing Agency'' to execute a project or work on their
behalf. For example, in case a university executes the works
through central Public works Department (cpwD), then the
said university will be the public authority and CpWD will be the
Procuring Entity or Project Executing Authority or project
Executing Agency. (The public authority and the project
executing authority may also be the same.)
6.
Feasibility Study/ Ground Survey: Before undertaking a project
Feasibility study/ Preliminary Project Report (PPR) may be prepared by the
Project Executing Agency as prescribed in Para 2.2.1 of the Manual for
I
Procurement of Works 201 (hereinafter catted Manual). A presentation on
the findings of the feasibility study/ PPR.may be made by a team (which may
include engineerV consultants/ outside experts, finance officers etc.) before
the public authority/ or designated cornpetent authority. This is to provide an
opportunity to the public authority to have an overatl assessment of the
situation, appraisal of various options as well as likely challenges and
mitigation measures. ln the case of very large projects, such presentation may
be made to the head of the public authority. The record of discussions during
the presentation may become part of the Detailed Project Report (DPR) and
tender file/ project record.
Page 3 of 22",1,1.000,+procurement;+procuring;+procuring entity;+tender;-university;-course
Department_of_Public_Enterprises_circular.pdf,4,"7,
Detailed Project Report (DPR):
7.1
As prescribed in Para 2.4 of the Manual, once the pQect is considered
viable and the competent public authority gives approval, a DPFU Detailed
Estimate should be prepared with due care and accuracy, using latest
technological tools collecting all relevant ground information including
consultation with the field units, wherever applicable.
7.2
Presentation may be made about the DPR before the public authority,
for projects above a threshold value, as decided by Project Executing
Authorities. The presentation may include salient features of the p@ect
including general layout, architectural drawings, broad specifications, cash
flow (over the life of the project), composition of the project team, quality
management plan for the project, important milestones in the project
execution, obligations of the authority and the contractor/ concessionaire
(hereinafter refened to as ""contracto/') and possible risks and mitigation
measures. ln the case of very large projects such presentation may be made
to the head of the public authority. The record of discussions during the
presentation shall become part of tender file/project record.
7.3.
Wherever consultants are appointed for preparation of DPR, field units
of the public authorities should also be associated with the process. The
inputs from these field units can be useful in proposing best solutions for
design and execution of the work as they are the custodian of legacy data,
which may not be available with the consultants, as they may not be operating
regularly in that geographical region.
7.4. Endeavour may be made to enlarge the base of the 'Schedule of
Rates' published by various organizations to bring a maximum number of
items under its ambit. For non-scheduled items, rates may be finalized by a
committee constituted by the organization concerned/ consultants as the case
maybe.
8.
Availability of Land and Statutory Clearances:
8.1
!t is desirable to have 100% of the required land in possession before
award of contract; however, it may not always be possible to have the entire
land due to prevailing circumstances. Also, it may not be prudent to put the
entire process of award of contract on hold for want of the remaining portion
of land, which in the assessment of public authority or the project executing
Page 4of22",1,1.000,+tender;+contract;+contractor
Department_of_Public_Enterprises_circular.pdf,5,"authority, could possibly be acquired in a targeted manner after award of the
contract, without affecting progress.
8.2
Minimum necessary encumbrance free land shoutd be available before
award of contract. The minimum may be determined based on the
circumstances of each case or general guidelines, issued by the concerned
authorities. Only such land, non availability of which, will prevent essential
components of work from execution, should be insisted upon.
8.3
Time taken in grant of statutory and other clearances also contributes
to the time and cost of public projects. These clearances are required to
achieve specific objectives like concem for the environment, aviation safety,
preservation of national heritage, conservation of forest and wildlife etc. Public
Authorities/ Project Executing Authorities should plan for obtaining all
necessary clearances quickly and closely monitor the prcgress.
9. Pre-Tender activities:
9.1
Architectural and structural drawings: Architectural and structural
drawings (fit for construction) are among the core requirements for projects.
Finalization of these drawings at the earliest, preferably at the time of
preparation of the cost estimate itself, can help to determine quantities of
various items of the work. Adverse consequences of not preparing these
drawings before invitation of tenderc may manifest in the form of delay in
execution of the work and deviations in quantities of the items of work. Hence,
approved architectural and structural drawings should be available before
invitation of tenderc. Fit for construction (sometimes catled Good for
construction) drawings means the architectural and structurat drawings
approved by the project executing authority as wel! as by the authority
goveming the extant rules/ laws, including byelaws, such as local authorities.
9.2
Pre-Notice lnviting Tender (NlT) Conference: tn complex and
innovative procurement cases or where the procuring entity may not have the
required knowledge to formulate tender provisions, a pre-NlT conference may
help the procuring entity in obtaining inputs from the industry. Such
conferences should be widely publicised so that different potential suppliers
can attend.
9.3
Empanelment of contractors: Public authorities may empanel/ register
contractors of those specific goods and services which are required by them
regularly. Performance of such empanelled contractors should be reviewed
Page 5 of 22",1,1.000,+procurement;+procuring;+procuring entity;+tender;+contract;+suppliers
Department_of_Public_Enterprises_circular.pdf,6,"periodically. The list of registered contractors shall be updated on a regular
basis. The category/ class of contractors may be upgraded/ downgraded or
contractors may be de-listed based on their performance. Empanelment of
contractors shall be done in a fair and equitable manner, preferably online
after giving due publicity. The practice of inviting bids for works tenders only
from empanelled contractors may be confined to tenders up to certain
threshold value, as decided by the project executing authorities.
10.
Tender documents:
10.1 The tender document is the fundamental document in the public
procurement process as after award of the contract it becomes part of the
contract agreement. All necessary provisions governing the contract should
be clearly provided in the tender document. Examples are technical
specifications, drawings, commercial terms and conditions including payment
terms, obligations of the procuring entity and the
contractor,
timeframe/milestones for execution of the project, tax implications, compliance
framework for statutory and other norms, reporting on progress/quality of the
work, dispute resolution. Provisions/clauses in the tender document should be
clear to avoid differences in interpretation and possible time ovemJn, cost
overrun and quality compromises. Comprehensive survey & soil investigation
report, area grading & mapping of underground facilities, where project is to
be executed, may be made available and made part of tender document.
Model Tender Documents issued by the DoE may be used, with due
customisation.
10.2 In tenders containing General Conditions of Contract (GCC), additional/
special conditions to be incorporated in the tender document, shall be need
based and specific. The GCCs should not be altered and changes, if any, in
conditions of contract should only be made through the Special Conditions of
Contract.
10.3 ldentification of milestones may be done in an optimal and sequential
manner and the same may be stipulated in the tender document along with
enabling provisions.
10.4 Payment terms prescribed in the tender document should be such that
the payment made to contractors at every stage is commensurate to quantum
of work done, subject to any requirements for initial mobilisation.
Page 6 of 22",1,1.000,+procurement;+procuring;+procuring entity;+tender;+tenders;+contract;+contractor;+bids;+procurement-policy
Department_of_Public_Enterprises_circular.pdf,8,"systems may be used for capturing progress and quality of work, site records/
photographs/ videos etc. including geo tagging.
11.3 Wherever applicable, the role of the Project Management Consultant
(PMC) should be clearly defined in the contracts. Deployment of the PMC
does not absolve the project executing authority of the responsibility to
supervise the quality and timelines of the project.
11.4 The credentials and deployment schedule of key and other technical
personnel to be engaged by PMC on the work should be taken along with the
bid. During execution, adherence to deployment of key and other technical
personnel as per the schedule of deployment should be ensured.
.5
1 1 Execution of the work shall primarily be the responsibility of the officials
designated with such responsibility. However, for larye contracts senior
officers shall also review the progress and quality of the work at various
stages of construction. To this effect, presentations on the project
performance may be made periodically before the senior officers depending
upon the value of the p@ect and progress of the project vis-d-vis schedule.
Project executing authorities should put in place detailed instructions in this
regard.
11.6 Project executing authorities should put in place a system for capturing
the photographs and videos of important and critical activities of construction.
This may be implemented in projects above a threshold value or, if possible,
in all projects. Such photos/ videos may be uploaded in lT based project
monitoring system to facilitate monitoring the progress and quality of work as
well as assessment of delay in execution of work by stakeholders and senior
management. Apart from this, photographs and videos may serve as
permanent record of the project for posterity in case needed for any
eventuality including litigation or enquiry/investigation.
11.7 Sub-contracting: As per Para 6.1.6 of the Manual, the works contract
may provide for the contractor to get specified works executed from sub-
contractors included in the pre-qualification application or later agreed to by
the Procuring Entity, with a caveat that the responsibility for all sub-contract
work rests with the prime contractor. Sub-contracting may be for specialized
items of work, such as reinforced earth retaining walls, pre-stressing works,
and so on. Procurement of material, hiring of equipment or engagement of
labour will not mean sub-contracting. The total value of subcontracted work
should not exceed the percentage of the contract price specified in the
Page 8 of 22",1,1.000,+procurement;+procuring;+procuring entity;+contract;+contracts;+contractor;+bid
Department_of_Public_Enterprises_circular.pdf,9,"contract (say 25%). Sub-contracting by the contractor without the approval of
the Procuring Entity shall be a breach of contract, unless explicitly permitted in
the contract.
11.8 Rejection of Single Bid: lt has become a practice among some
procuring entities to routinely assume that open tenders which result in singte
bids are not acceptable and to go for re-tender as a 'safe' coursie of action.
This is not conect. Re-bidding has costs: firstly the actuat costs of re-
tendering; secondly the delay in execution of the work with consequent delay
in the attainment of the purpose for which the procurement is being done; and
thirdly the possibility that the re-bid may result in a higher bid.
Lack of competition shall not be determined solely on the basis of the
number of Bidders. Even when only one Bid is submitted, the process should
be considered valid provided following conditions are satisfied:
(i)
the procurement was satisfactorily advertised and sufficient time
was given for submission of bids;
(ii)
the qualification criteria were not unduly restrictive; and
(iii)
prices are reasonable in comparison to market values.
11-9 Electronic-Measurement Books(e-MBs): Project
executing
authorities should, as earty as possible, implement e-MBs and the same
should be integrated with lT based project monitoring system, being used by
the procuring entities.
11'1O Extension of time for completion of pr{ects: Procuring entity may
put in place a graded authority structure whereby extension of time for
completion of contract, beyond a specified threshold value of contract, may be
granted by the next higher authority.
11.11 Delay in taking timely decisions: Delay in decision making by the
officials of the project executing authority on various changes in the project
scheme arising out of emerging situations during execution of the work is also
one of the contributors to the delay in completion of projects. Sometimes
timely decisions on these changes are so crucial that the next step could only
be taken after addressing the change. Delay in decisions by the project
executing authority can also lead to litigation due to inadequate utilizatior/
idling of resources of the contractor. There is frequenfly a feeting among
officials that indecision is safe while a decision may lead to adverse
Page 9 of 22",1,1.000,+procurement;+procuring;+procuring entity;+tender;+tenders;+tendering;+bidders;+bidding;+breach of contract;+contract;+contractor;+bid;+bids
Department_of_Public_Enterprises_circular.pdf,10,"consequences for the decision maker. Therefore, there is a need for project
executing authorities to put in place a system of resolution of the issues
coupted with timelines for various levels to take decisions.
11.12 Project executing authorities may review the flow chart of decision
making and remove redundancies for faster decision making. They may also
fix timelines for taking decisions on variations, extra items and changes in
scope and specifications, etc. to avoid delay and litigation arising out of
delayed decisions.
11,13 Awarding of works in stalled contracts: lt is noted that in cases,
where a contractor abandons or stops the work mid-way, either due to
insolvency or a dispute or other reason, engagement of the new contractor
takes considerable time and in the meanwhile public money is locked up in
assets which cannot be utilized, apart from inconvenience and loss of
amenities to the general public due to such half compteted works.
Notwithstanding anything in the GFR or the Manual, procuring entities should
devise methods (including limited/ single tenders) to deal with part completed
contracts, wherever the work is abandoned by the contractor mid-way.
However, for issuance of limited/ single tenders in such cases, at least 2Oo/o,
of work should have been billed by the contractor who has abandoned the
work. Procurement approval of such limited/ single tender should be at the
next higher level or such level as may be prescribed.
12.
Delay in payment to the contractors:
12.1 Delay in eligible payments to contractors leads to delay in execution of
projects, cost overuns and disputes. Hence, ad-hoc payments of not tess
than 75o/o of eligible running account bill/ due stage payment, shatt be made
within 10 working days of the submission of the bill. This period of 10 days is
for completion of all processes including prima facie scrutiny and certification
by the engineer in-charge (as declared by procuring entities). The rernaining
payment is also to be made after final checking of the bill within 28 working
days of submission of bill by the contractor. ln case the payment has not been
released within 10 working days as prescribed above, it shall be made as
soon as possible, and after payment a written explanation for the delay shall
be submitted to the next higher authority within three working days.
12.2 Public authorities may put in place a provision for payment of interest in
case of delayed payment of bills by more than 30 working days after
Page tO of 22",1,1.000,+procurement;+procuring;+tender;+tenders;+gfr;+contracts;+contractor
Department_of_Public_Enterprises_circular.pdf,11,"submission of bill by the contractor. Where interest is to be paid, the rate of
interest should be the rate of interest on General Provident Fund.
12.3 ln case of unwaranted discretionary delays in payments, including
failure to authorise / make ad hoc payments as prescribed in para 12.1above,
responsibility shall be fixed on the concemed officerc. Project executing
authorities should have a system to rnonitor delays in payments and to
identify such unwarranted delays.
12.4 The Final bill should also be paid to the contractor within three months
after completion of work.
12.5 All project executing authorities implementing works contracts involving
aggregate payments of more than Rs.100 crore per annum shatt have an
online system for monitoring of the bills submitted by contractors. Such
system shall have the facility for contractors to track the status of their bilts. lt
shall be mandatory for all contractors' bills to be entered into the system with
date of submission and date of payment. Such system shall be put in place
within one year of issue of these instructions.
13.
Engineering, Procurement and Construction (EPC) contracts:
13.1 ln EPC contracts, since primary responsibility to execute the work ties
with the EPC contractor, success of the project also depends upon the quality
of the tender document wherein enough clarity on the broad framework for
execution of the work and the obligations of the contractor needs to be built in.
13-2 Milestones for payment to the contractor should be fixed in a manner
that facilitates smooth cash flow for the contractor as wetl as for progress of
the work. Milestones fixed should avoid excessive front loading or back
loading, i.e., amount of payment should be commensurate with stage-wise
quantum of worU cost incuned. Milestones for payment to the contractor
should also be linked with the deliverables.
13.3 In case of EPC contracts, onty general anangement drawings and
architectural contrcl parameters should be part of the EPC tender document.
ln case of EPC contracts, timelines for submission of drawings by the
contractors and approval thereof by the competent authority should be ctearly
prescribed in the tender document, wherein, damages for non-adherence of
such timelines in this regard may arso be incorporated.
ll
Page of 22",1,1.000,+procurement;+tender;+contracts;+contractor;+crore
Department_of_Public_Enterprises_circular.pdf,12,"13.4 EPC contracts shall specify broad technical specifications and key
output parameters. Over-specification of design may lead to increase in cost.
Technica! specifications shall be framed in such a manner to allow sufficient
freedom to the contractor to optimize design. Provisions on the following
should be included in commercial conditions:
(i)
Limitation of liability for procuring entity as well as contractor.
(ii)
Deviation limits and procedure for change of scope.
(iii) Contract closing timelines and procedure to ensure timely
closing of the contract.
(iv)
Performance parameters and liquidated damages for shortfall in
performance.
. (v) Risk rnatrix and responsibilities of the contractor and the
procuring entity.
ln addition, a latent defect period beyond the defect liability period may
be included to protect the procuring entity and public authority interest in case
of any design/ engineering defect after the defect liability period is over,
wherever appropriate.
13.5 To mitigate the risk involved in the methodology proposed by the
contractor, the project executing authority shall either have an in-house
engineering, quality assurance and project management expert or
alternatively hire an experienced engineer to intensively examine the proposal
submitted by the contractor. Project executing authorities are to ensure that
optimal technological solutions are provided by the contractor.
13.6 To ensure quality, regular inspection and quality checks must be
carried out. The Project executing authority shall carry out stage inspections
in manufacturing of critical equipmenU critical activities of the p$ect.
14. Substitution of key personne! during execution of consultancy
contract:
(i) Quality in consultancy contracts is largely dependent upon
deployment and performance of key personnel, during execution
of the contract.
Page L2 of 22",1,1.000,+procuring;+procuring entity;+liquidated damages;+contract;+contracts;+contractor
Department_of_Public_Enterprises_circular.pdf,13,"(ii)
The following conditions should be incorporated in Tender
Documents for procurement of Consultancy Services:
a)
Substitution of key personnel can be allowed in compelling
or unavoidable situations only and the substitute shall be of
equivalent or higher credentials. Such substitution may
ordinarily be limited to not more than 30% of total key
personnel, subject to equally, or befter, qualffied and
experienced personnel being provided to the satisfaction of
the procuring entity.
b)
Replacement of first 1Oo/o of key personnel will be subject
to reduction of remuneration. The remuneration is to be
reduced, s?y, by 5o/o of the remuneration which would have
been paid to the original personnel, from the date of the
replacement till completion of contract.
c) ln case of the next 10o/o replacement, the reduction in
remuneration may be equa! to (say) lOYo (ten per cent) and
for the third 10o/o replacement such reduction may be equa!
to (say) 15o/o (fifteen per cent). ln case such percentages
are not relevant, or for some other practical considerations,
for a particular contract, the procuring entity may formulate
a suitable mechanism following the above logic, which
should be specified in the tender documents.
(iii)
Public authorities may make use of lT enabted systems at the
designated place of deployment to ensure presence of key
personnel as per the schedule of deployment.
15.
Additional Methods of Procurement:
15.1 Fixed Budget - based Selection (FBS) for consultancy services:
15.1.1 GFRs 2017 provide three methods for selection/evaluation of
consultancy proposals viz. Quality and Cost Based Setection (QCBS), Least
Cost System (LCS) and Single Source Setection (SSS). The Fixed Budget-
based Selection (FBS) method is hereby also allowed for selection of
eonsuhants- Under this method, cost of the consulting services shatt be
specified as a fixed budget in the tender document itself. FBS may be used
when:
Page L? of 22",1,1.000,+procurement;+procuring;+procuring entity;+tender;+contract
Department_of_Public_Enterprises_circular.pdf,14,"(i)
the type of consulting service required is simple and/or repetitive
and can be precisely defined; and
(ii) the budget can be reasonably estimated and set based on
credible cost estimates and/ or previous selections which have
been successfully executed; and
(iii) the budget is sufficient for the consultant to perform the
assignment.
15.1.2 Under FBS, the selection of the consultant shall be made by one of the
following two methods:-
(i)
By a competitive selection process, based only on quality, using
specific marking criteria for quality in the manner indicated in
Rule 192(i) of the GFR. The proposal with the highest technicat
score that meets the fixed budget requirement shall be
considered for placement of contract.
(ii)
ln cases of repetitive or multiple assignments, by empanelling
suitable consultants, through an open advertised process with
specified quality criteria. Thereafter, selection of a specific
consultant for a specific assignment from such panel shall be
based on overall considerations of public interest including
timeliness, practicabil:ty, number of other assignments already
given to that consultant in the past, etc. ln such cases the
budget for each assignment shall also be fixed by the procuring
entity.
15.2 Quality-cum-Cost based Setection (aCBS) for Works and Non-
Gonsultancy Seryices:-
15.2.1 Procuring entities are hereby allowed to use QCBS for procurement of
works and non-consultancy services in the following cases:
(i)
where the procurement has been declared to be a Quality
Oriented Procurement (OOP) by the competent authority or
(ii)
for procurement of Non-Consulting Services, where estimated
value of procurement (including all taxes and option clause)
does not exceed Rs 10 crore.
Page L4 of 22",1,1.000,+procurement;+procuring;+gfr;+contract;+crore
Department_of_Public_Enterprises_circular.pdf,16,"(i)
Two or more persons who have expert knowledge and/or long
experience relevant to the procurement in question;
(ii)
One or more persons with extensive experience in handling
public projects and/or public finance in the Govemment or
State/Central Public Sector;
(iii)
One or more persons with experience in financial managemenU
fi na ncia I ad min istratio n/a ud iUaccounta ncy;
(iv)
Not more than one member representing the procuring entity
who may inter alia provide administrative support to the
Committee.
(v)
Any person who is a member of the STC shall not associate
himself in any manner with any bidder for the procurement
concerned.
(vi)
The persons referred to in sub paras (i) to (iii) shall be persons
not working under the Competent Authority specified in para
15.2.2 and shall not belong to any organization under the control
of, or receiving funding from, the procuring entity or the Ministry/
Department to which such procuring entity belongs.
15.2.4The names of members of the Special Technical Committee shall be
decided either by the Competent Authority specified in para 15,2.2 above or
by any other authority to whom such power is delegated by the competent
authority; however, powers shall not be delegated to the officer or authority
competent to finalize the particular procurement. Sitting fee may be paid to
the members of the STC. lncidental costs including travel shall be paid by the
procuring entity.
15.2.5 The STC shall make specific recommendations on the following
matters:-
(i) The weight to be given to non-financial parameters (not
exceeding 30%).
(ii)
The specific quality/ technical parameters, their weights, their
scoring methodology, the minimum qualification score etc. and
other relevant criteria necessary for ensuring fair and
transparent quality/ technical evaluation of the bids.
Page 16 of 22",1,1.000,+procurement;+procuring;+procuring entity;+bidder;+bids
Department_of_Public_Enterprises_circular.pdf,17,"The recommendations of the STC shall be followed except where there
are special grounds in public interest for deviating from them. However, every
case of deviation from the recommendations of the STC shall require approval
of the Competent Authority specified in para 15.2.2(i) above who approved
the declaration of the procurement as QOP.
15.2.6|n respect of QCBS for Non-Consultancy Services not exceeding Rs.10
crore, a Technical Committee shall be constituted to carry out functions
mentioned in para 15.2.5 in lieu of the STC. The composition of the Technicat
Committee shall follow the provisions of para 15.2.3 (i) to (v). The proviiions
of 15.2.3 (vi) shall however not be applicabre in such cases.
15.2.7 Grounds for Declaring a Procurement to be Quality Oriented
Procurement: A procurement should be declared as a QOP only if there is
enough justification in terms of value addition or enhancement of delivery or
paramount importance of quality. Reasons for not adopting two cove rl pre-
qualification-based/ least cost system shall be documented.
15.2.8 Tender Documents - Fixing/ Selection of the Evatuatior/ Quatification
Criteria
(i)
To ensure quality, some of the criteria used in marking may be
made mandatory and if a bidder does not meet those, then bids
shall not be evaluated further.
(ii)
Weightage may also be given for timety comptetion of past
projects of similar nature by the bidder.
(iii)
ln all cases of QOP, a pre-bid meeting shall be held in which the
technical criteria including the marking scheme shal be
discussed with the potential bidders. lf any changes in the
criteria are necessitated by such consultation, such changes
shall require the recommendation of the STC. ln Non-
Consultancy Services, pre-bid meetings may be hetd at the
discretion of the public authority.
15.2.9 Fixing of Scoring/ Marking Criteria:
(i)
The scoring should not be a variable that relies on the subjective
opinion of the evaluating panel. The rnarking scheme should
enable achievement of almost simitar scores irrespective of the
persons/ experts being involved in the evaluation process. When
Page L7 of 22",1,1.000,+procurement;+tender;+bidder;+bidders;+bid;+bids;+crore;+amount-threshold;+bid-process
Department_of_Public_Enterprises_circular.pdf,18,"the outcomes are consistent for the available information, the
QCBS parameters are more reliable. Unambiguous description
and criteria help to avoid grey areas so as to ensure that there is
only one possible s@re for the item. As far as possible, the
criteria should be so specific and clear that bidders can self-
mark their own bids.
(ii) It is better to specify minimum marks for meeting the qualifying
criteria specified.
(iii) Examples of fixed quality parameters that ought not to be
considered for relative scoring include organizations' ISO/
standards' accreditation, etc. These are required to establish the
credentials of the service provider but cannot be used for
relative comparison between various bidders.
(iv) Bidders should be asked to produce certificates for the past
performance. A format may be given in the tender itself outlining
the contract details, completion, sustainability of service etc and
bidders may be asked to fill it and give evidence to that effect.
(v) Bidders may be asked to submit a detailed presentation on their
proposals in the form of soft copy along with the bid so as to
facilitate better understanding of their proposal and to ensure
commitment.
(vi) Besides the Bill of Quantity (BOQ) output criteria for payment,
Key Performance lndicators (KPls) may be specified with
minimum achievement levels for payment so as to ensure
quality compliance.
15.2.10 Evaluation of QCBS BrUs: For evaluation, a suitable committee shall
be constituted. However, members of the STC shall not be involved.
15.2.11Joint ventures in QCBS:
(i)
ln conventional tenders, some bidders adopt ""name borowing""
and Joint Ventures (JV) often do not function in letter and spirit.
This results in lack of quality and accountability. JVs often end in
one-sided participation, diluting the essence of the tender
evaluation during its performance. Since quality is given
weightage in the evaluation itsell in QCBS procurement, it is
Page t8 of 22",1,1.000,+procurement;+tender;+tenders;+bidders;+contract;+bid;+bids
Department_of_Public_Enterprises_circular.pdf,19,"even more important to guard against such tendencies.
Therefore, Joint ventures may be avoided in ecBS
procurements as far as possible. Joint ventures could, however,
become necessary in high technology or innovative projects
where a single entity may not be abre to execute the work alone.
(ii)
lf JVs are allowed, adequate safeguards should be provided.
since weightage for quality/ experience influences the award
itself, measures should be taken to ensure that all the JV
partners are present and deliver seruices all through the contract
period. An lmplementation Board with participation of all JV
partners may be provided for wherein the project Manager from
the procuring entity shall atso be allowed audience when
required. Meeting of JV partners with the project executing
authority for quarterly progress review may be made as a
criterion linked to achievement of key dates or even payment.
16.
Arbitration and dispute resolution:
16.1
During operation of the contracts, issues and disputes arising due to
lack of clarity in the contract become the root cause for litigation. Litigation
has adverse implications on the timelines and overall cost of the project.
Before resorting to arbitration/ litigation, the parties may opt for mutual
discussion, mediation, and conciliation for tho resolution of disputes.
16.2
Arbitration/ Court awards should be critically reviewed. ln cases where
there is a decision against GovernmenUPublic Sector Enterprise (pSE), the
decision to appeal should not be taken in a routine manner but only when the
case genuinely merits going for the appeat and there are high chances of
winning in the courU higher court. There is a perception that such appeals etc.
are sornetimes resorted to postpone the prcblem and defer personal
accountability. Casual appealing in arbitration/court cases has resulted in
payment of heavy damages/ compensation/ additional interest cost, thereby
causing more harm to the exchequer, in addition to tamishing the image of the
Government.
16.3 The procuring entity should monitor the success rate of appeating
against arloitration awards. There should be a clear delegation to empower
officials to accept arbitration/ court orders. A special board/committee may be
set up to review the case before an appeal is filed against an order.
ArbitrationlCourt awards should not be routinely appealed without due
Page L9 of 22",1,1.000,+procuring;+procuring entity;+contract;+contracts
Department_of_Public_Enterprises_circular.pdf,20,"application of mind on all facts and circumstances including realistic
probability of suocess. The Board/Committee or other authority deciding on
the matter shall clarify that it has considered both legal merits and the
practical chances of success and after considering the cost of, and arising
through, litigation/appeal/further litigation as the case may be, it is satisfied
that such litigation lappeallfurther litigation cost is likely to be financially
beneficial compared to accepting the arbitration/court award.
16.4 Statistics have shown that in cases where the arbitration award is
challenged, a large majority of cases are decided in favour of the contractor.
ln such cases, the amount becomes payable with interest, at a rate which is
often far higher than the Government's cost of funds. This results in huge
financial losses to the Govemment. Hence, in aggregate, it is in public interest
to take the risk of paying a substantia! part of the award amount subject to the
result of the litigation, even if in some rare cases of insolvency etc. recovery of
the amount in case of success may become difficult. lnstructions have been
issued in this matter in the past but have not been fully complied with. The
GFRs have now been amended accordingly.
1O.S All pnrcuring entities and public authorities are required to comply with
Rule Z27Aof GFRs. The only circumstances in which such payment need not
be made is where the contractor declines, or is unable, to provide the
requisite Bank Guarantee and /or fails to open escrow account as required.
Persons responsible for not adhering to the Rule 227A of the GFRs are liable
to be held personally accountable for the additional interest arising, in the
event of the final court order going against the procuring entity.
17.
Aligning the interest of stakeholders
17.1 The incentive structure for all the key stakeholders of public
procurement ought to be such that the system itself will ensure timely delivery
of the projects/works in a qualitative manner within approved cost. A balanced
framework and work culture, where risks and rewards are properly shared
amongst stakeholders and timely completion of quality pQects is the common
goal, can be the bedrock of efficient project managernent. An incentive
structure, which may include pecuniary as well as non-pecuniary aspects
(including public recognition), linked with measurable parameters of
outcome/output, can help align the interests of stakeholders. An ethics-based
regime, wherein integrity of all the stakeholders is nurtured, can help increase
efficiency in all aspects of project management.
Page 2O of 22",1,1.000,+procurement;+procuring;+procuring entity;+contractor;+procurement-policy
Department_of_Public_Enterprises_circular.pdf,21,"17.2 Public authorities may devise strategies to provide incentives to
contractors/ concessionaires/ consultants/ architects/ other stakeholders by
various means, including bonus, better rating and recognition for early/ timely
and quality completion of projects. Similar strategies may be devised for
recognition of engineers/ officers/ other team members for early/ timely and
quality completion of the projects. The practice of mentioning the names of
contractor and the project in-charge publicly at work sites may be
implemented. Such recognition may be in a form which has long shelf life so
as to associate the contractor and project in-charge with the life of the project.
17.3 ""Coming together is a beginning; keeping together is progress; working
together is success."" lt is an accepted fact that the success of any project is
dependent on a well-co-ordinated team working towards a common goal. For
successful execution of any project within specified time, cost and quality, the
interest of all the stakeholders needs to be aligned. Coordinated efforts of all
stakeholders such as contractors, consultants, public authority and project
executing authority and public representatives will bring about the best
outcome.
possible .,
ts"".9
(Kanwalpreet)
Director (Procurement Policy)
Tel.: 23093811
E-mail: kanwal. irss@gov. in
To
(i)
Secretaries to All Central Government Ministries/ Depaitments
(ii) of a
Secretary, Department Public Enterprises with request for
reiterating these instructions to all Central Public Sector Enterprises
Copv to:
(i)
Cabinet Secretary
(ii)
Secretary, Central Vigilance Commission.
Page 2l of 22",1,1.000,+procurement;+procurement policy;+central vigilance;+contractor
DoE_Prevention_sexual_harassment.pdf,0,"THE SEXUAL HARASSMENT OF WOMEN AT WORKPLACE
(PREVENTION, PROHIBITION AND REDRESSAL) ACT, 2013
________________
ARRANGEMENT OF SECTIONS
_________________
CHAPTER I
PRELIMINARY
SECTIONS
1. Short title, extent and commencement.
2. Definitions.
3. Prevention of sexual harassment.
CHAPTER II
CONSTITUTION OF INTERNAL COMPLAINTS COMMITTEE
4. Constitution of Internal Complaints Committee.
CHAPTER III
CONSTITUTION OF LOCAL COMPLAINTS COMMITTEE
5. Notification of District Officer.
6. Constitution and jurisdiction of Local Committee.
7. Composition tenure and other terms and conditions of Local Committee.
8. Grants and audit.
CHAPTER IV
COMPLAINT
9. Complaint of sexual harassment.
10. Conciliation.
11. Inquiry into complaint.
CHAPTER V
INQUIRY INTO COMPLAINT
12. Action during pendency of inquiry.
13. Inquiry report.
14. Punishment for false or malicious complaint and false evidence.
15. Determination of compensation.
16. Prohibition of publication or making known contents of complaint and inquiry proceedings.
17. Penalty for publication or making known contents of complaint and inquiry proceedings.
18. Appeal.
1",0,0.725,+penalty;-workplace;-harassment;-complaint
DoE_Prevention_sexual_harassment.pdf,2,"THE SEXUAL HARASSMENT OF WOMEN AT WORKPLACE
(PREVENTION, PROHIBITION AND REDRESSAL) ACT, 2013
ACT NO. 14 OF 2013
[22nd April, 2013]
An Act to provide protection against sexual harassment of women at workplace and for the
prevention and redressal of complaints of sexual harassment and for matters connected
therewith or incidental thereto.
WHEREAS sexual harassment results in violation of the fundamental rights of a woman to equality
under articles 14 and 15 of the Constitution of India and her right to life and to live with dignity under
article 21 of the Constitution and right to practice any profession or to carry on any occupation, trade or
business with includes a right to a safe environment free from sexual harassment;
AND WHEREAS the protection against sexual harassment and the right to work with dignity are
universally recognised human rights by international conventions and instruments such as Convention on
the Elimination of all Forms of Discrimination against Women, which has been ratified on the 25thJune,
1993 by the Government of India;
AND WHEREAS it is expedient to make provisions for giving effect to the said Convention for
protection of women against sexual harassment at workplace.
BE it enacted by Parliament in the Sixty-fourth Year of the Republic of India as follows: —
CHAPTER I
PRELIMINARY
1. Short title, extent and commencement.—(1) This Act may be called the Sexual Harassment of
Women at Workplace (Prevention, Prohibition and Redressal) Act, 2013.
(2) It extends to the whole of India.
(3) It shall come into force on such date1 as the Central Government may, by notification in the
Official Gazette, appoint.
2. Definitions.—In this Act, unless the context otherwise requires, —
(a) “aggrieved woman” means—
(i) in relation to a workplace, a woman, of any age whether employed or not, who alleges to
have been subjected to any act of sexual harassment by the respondent;
(ii) in relation to dwelling place or house, a woman of any age who is employed in such a
dwelling place or house;
(b) “appropriate Government” means—
(i) in relation to a workplace which is established, owned, controlled or wholly or
substantially financed by funds provided directly or indirectly—
(A) by the Central Government or the Union territory administration, the Central
Government;
(B) by the State Government, the State Government;
1. 9th December, 2013, vide notification No. S.O. 3606(E), dated 9th December, 2013, see Gazette of India, Extraordinary, Part
II, sec. 3(ii).
3",0,0.775,-workplace;-harassment
DoE_Prevention_sexual_harassment.pdf,4,"(n) “sexual harassment” includes any one or more of the following unwelcome acts or behavior
(whether directly or by implication) namely:—
(i) physical contact and advances; or
(ii) a demand or request for sexual favours; or
(iii) making sexually coloured remarks; or
(iv) showing pornography; or
(v) any other unwelcome physical, verbal or non-verbal conduct of sexual nature;
(o) “workplace” includes—
(i) any department, organisation, undertaking, establishment, enterprise, institution, office,
branch or unit which is established, owned, controlled or wholly or substantially financed by
funds provided directly or indirectly by the appropriate Government or the local authority or a
Government company or a corporation or a co-operative society;
(ii) any private sector organisation or a private venture, undertaking, enterprise, institution,
establishment, society, trust, non-governmental organisation, unit or service provider carrying on
commercial, professional, vocational, educational, entertainmental, industrial, health services or
financial activities including production, supply, sale, distribution or service;
(iii) hospitals or nursing homes;
(iv) any sports institute, stadium, sports complex or competition or games venue, whether
residential or not used for training, sports or other activities relating thereto;
(v) any place visited by the employee arising out of or during the course of employment
including transportation by the employer for undertaking such journey;
(vi) a dwelling place or a house;
(p) “unorganised sector” in relation to a workplace means an enterprise owned by individuals or
self-employed workers and engaged in the production or sale of goods or providing service of any
kind whatsoever, and where the enterprise employs workers, the number of such workers is less than
ten.
3. Prevention of sexual harassment.—(1) No woman shall be subjected to sexual harassment at any
workplace.
(2) The following circumstances, among other circumstances, if it occurs, or is present in relation to
or connected with any act or behavior of sexual harassment may amount to sexual harassment:—
(i) implied or explicit promise of preferential treatment in her employment; or
(ii) implied or explicit threat of detrimental treatment in her employment ; or
(iii) implied or explicit threat about her present or future employment status; or
(iv) interference with her work or creating an intimidating or offensive or hostile work
environment for her; or
(v) humiliating treatment likely to affect her health or safety.
CHAPTER II
CONSTITUTION OF INTERNAL COMPLAINTS COMMITTEE
4. Constitution of Internal Complaints Committee.— (1) Every employer of a workplace shall, by
an order in writing, constitute a Committee to be known as the “Internal Complaints Committee”:
5",0,0.950,-course;-educational;-workplace;-harassment
DoE_Prevention_sexual_harassment.pdf,5,"Provided that where the offices or administrative units of the workplace are located at different places
or divisional or sub-divisional level, the Internal Committee shall be constituted at all administrative units
or offices.
(2) The Internal Committees shall consist of the following members to be nominated by the
employer, namely: —
(a) a Presiding Officer who shall be a woman employed at a senior level at workplace from
amongst the employees:
Provided that in case a senior level woman employee is not available, the Presiding Officer shall
be nominated from other offices or administrative units of the workplace referred to in sub-section(1):
Provided further that in case the other offices or administrative units of the workplace do not
have a senior level woman employee, the Presiding Officer shall be nominated from any other
workplace of the same employer or other department or organisation;
(b) not less than two Members from amongst employees preferably committed to the cause of
women or who have had experience in social work or have legal knowledge;
(c) one member from amongst non-governmental organisations or associations committed to the
cause of women or a person familiar with the issues relating to sexual harassment:
Provided that at least one-half of the total Members so nominated shall be women.
(3) The Presiding Officer and every Member of the Internal Committee shall hold office for such
period, not exceeding three years, from the date of their nomination as may be specified by the employer.
(4) The Member appointed from amongst the non-governmental organisations or associations shall be
paid such fees or allowances for holding the proceedings of the Internal Committee, by the employer, as
may be prescribed.
(5) Where the Presiding Officer or any Member of the Internal Committee, —
(a) contravenes the provisions of section 16; or
(b) has been convicted for an offence or an inquiry into an offence under any law for the time
being in force is pending against him; or
(c) he has been found quilty in any disciplinary proceedings or a disciplinary proceeding is
pending against him; or
(d) has so abused his position as to render his continuance in office prejudicial to the public
interest,
such Presiding Officer or Member, as the case may be, shall be removed from the Committee and the
vacancy so created or any casual vacancy shall be filled by fresh nomination in accordance with the
provisions of this section.
CHAPTER III
CONSTITUTION OF LOCAL COMPLAINTS COMMITTEE
5. Notification of District Officer.—The appropriate Government may notify a District Magistrate
or Additional District Magistrate or the Collector or Deputy Collector as a District Officer for every
District to exercise powers or discharge functions under this Act.
6. Constitution and jurisdiction of 1[Local Committee].—(1) Every District Officer shall constitute
in the district concerned, a committee to be known as the “1[Local Committee]” to receive complaints of
1. Subs. by Act 23 of 2016, s. 3 and the Second Schedule, for “Local Complaints Committee” (w.e.f. 6-5-2016).
6",0,1.000,-vacancy;-allowances;-workplace;-harassment;-disciplinary
DoE_Prevention_sexual_harassment.pdf,6,"sexual harassment from establishments where the 1[Internal Committee] has not been constituted due to
having less than ten workers or if the complaint is against the employer himself.
(2) The District Officer shall designate one nodal officer in every block, taluka and tehsil in rural or
tribal area and ward or municipality in the urban area, to receive complaints and forward the same to the
concerned 2[Local Committee] within a period of seven days.
(3) The jurisdiction of the 2[Local Committee] shall extend to the areas of the district where it is
constituted.
7. Composition, tenure and other terms and conditions of 2[Local Committee].—(1) The 2[Local
Committee] shall consist of the following members to be nominated by the District Officer, namely: —
(a) a Chairperson to be nominated from amongst the eminent women in the field of social work
and committed to the cause of women;
(b) one Member to be nominated from amongst the women working in block, taluka or tehsil or
ward or municipality in the district;
(c) two Members, of whom at least one shall be a woman, to be nominated from amongst such
non-governmental organisations or associations committed to the cause of women or a person
familiar with the issues relating to sexual harassment, which may be prescribed:
Provided that at least one of the nominees should, preferably, have a background in law or legal
knowledge:
Provided further that at least one of the nominees shall be a woman belonging to the Scheduled
Castes or the Scheduled Tribes or the Other Backward Classes or minority community notified by the
Central Government, from time to time;
(d) the concerned officer dealing with the social welfare or women and child development in the
district, shall be a member ex officio.
(2) The Chairperson and every Member of the Local Committee shall hold office for such period, not
exceeding three years, form the date of their appointment as may be specified by the District Officer.
(3) Where the Chairperson or any Member of the 2[Local Committee]—
(a) contravenes the provisions of section 16; or
(b) has been convicted for an offence or an inquiry into an offence under any law for the time
being in force is pending against him; or
(c) has been found guilty in any disciplinary proceedings or a disciplinary proceeding is pending
against him; or
(d) has so abused his position as to render his continuance in office prejudicial to the public
interest,
such Chairperson or Member, as the case may be, shall be removed from the Committee and the vacancy
so created or any casual vacancy shall be filled by fresh nomination in accordance with the provisions of
this section.
(4) The Chairperson or Members of the Local Committee other than the Members nominated under
clauses (b) and (d) of sub-section (1) shall be entitled to such fees or allowances for holding the
proceedings of the Local Committee as may be prescribed.
8. Grants and audit.—(1) The Central Government may, after due appropriation made by Parliament
by law in this behalf, make to the State Government grants of such sums of money as the Central
1. Subs. by Act 23 of 2016, s. 3 and the Second Schedule, for “Internal Complaints Committee” (w.e.f. 6-5-2016).
2. Subs. by s. 3 and the Second Schedule, ibid., for “Local Complaints Committee” (w.e.f. 6-5-2016).
7",0,1.000,-welfare;-appointment;-vacancy;-allowances;-harassment;-complaint;-disciplinary
DoE_Prevention_sexual_harassment.pdf,7,"Government my think fit, for being utilised for the payment of fees or allowances referred to in sub-
section (4) of section 7.
(2) The State Government may set up an agency and transfer the grants made under sub-section (1) to
that agency.
(3) The agency shall pay to the District Officer, such sums as may be required for the payment of fees
or allowances referred to in sub-section (4) of section 7.
(4) The accounts of the agency referred to in sub-section (2) shall be maintained and audited in such
manner as may, in consultation with the Accountant General of the State, be prescribed and the person
holding the custody of the accounts of the agency shall furnish, to the State Government, before such
date, as may be prescribed, its audited copy of accounts together with auditors’ report thereon.
CHAPTER IV
COMPLAINT
9. Complaint of sexual harassment.—(1) Any aggrieved woman may make, in writing, a complaint
of sexual harassment at workplace to the Internal Committee if so constituted, or the Local Committee, in
case it is not so constituted, within a period of three months from the date of incident and in case of a
series of incidents, within a period of three months from the date of last incident:
Provided that where such complaint cannot be made in writing, the Presiding Officer or any Member
of the Internal Committee or the Chairperson or any Member of the Local Committee, as the case may be,
shall render all reasonable assistance to the woman for making the complaint in writing:
Provided further that the Internal Committee or, as the case may be, the Local Committee may, for
the reasons to be recorded in writing, extend the time limit not exceeding three months , if it is satisfied
that the circumstances were such which prevented the woman from filing a complaint within the said
period.
(2) Where the aggrieved woman is unable to make a complaint on account of her physical or mental
incapacity or death or otherwise, her legal heir or such other person as may be prescribed may make a
complaint under this section.
10. Conciliation.—(1) The Internal Committee or, as the case may be, the Local Committee, may,
before initiating an inquiry under section 11 and at the request of the aggrieved woman take steps to settle
the matter between her and the respondent through conciliation:
Provided that no monetary settlement shall be made as a basis of conciliation.
(2) Where settlement has been arrived at under sub-section (1), the Internal Committee or the Local
Committee, as the case may be, shall record the settlement so arrived and forward the same to the
employer or the District Officer to take action as specified in the recommendation.
(3) The Internal Committee or the Local Committee, as the case may be, shall provide the copies of
the settlement as recorded under sub-section (2) to the aggrieved woman and the respondent.
(4) Where a settlement is arrived at under sub-section (1), no further inquiry shall be conducted by the
Internal Committee or the Local Committee, as the case may be.
11. Inquiry into complaint.— (1) Subject to the provisions of section 10, the Internal Committee or
the Local Committee, as the case may be, shall, where the respondent is an employee, proceed to make
inquiry into the complaint in accordance with the provisions of the service rules applicable to the
respondent and where no such rules exist, in such manner as may be prescribed or in case of a domestic
worker, the Local Committee shall, if prima facie case exist, forward the complaint to the police, within a
period of seven days for registering the case under section 509 of the Indian Penal Code (45 of 1860), and
any other relevant provisions of the said Code where applicable:
8",0,1.000,-transfer;-allowances;-workplace;-harassment;-complaint
DoE_Prevention_sexual_harassment.pdf,8,"Provided that where the aggrieved woman informs the Internal Committee or the Local Committee, as
the case may be, that any term or condition of the settlement arrived at under sub-section (2) of section 10
has not been complied with by the respondent, the Internal Committee or the Local Committee shall
proceed to make an inquiry into the complaint or, as the case may be, forward the complaint to the police:
Provided further that where both the parties are employees, the parties shall, during the course of
inquiry, be given an opportunity of being heard and a copy of the findings shall be made available to both
the parties enabling them to make representation against the findings before the Committee.
(2) Notwithstanding anything contained in section 509 of the Indian Penal Code (45 of 1860), the
court may, when the respondent is convicted of the offence, order payment of such sums as it may
consider appropriate, to the aggrieved woman by the respondent, having regard to the provisions of
section 15.
(3) For the purpose of making an inquiry under sub-section (1), the Internal Committee or the Local
Committee, as the case may be, shall have the same powers as are vested in a civil court the Code of Civil
Procedure, 1908 (5 of 1908) when trying a suit in respect of the following matters, namely:—
(a) summoning and enforcing the attendance of any person and examining him on oath;
(b) requiring the discovery and production of documents; and
(c) any other matter which may be prescribed.
(4) The inquiry under sub-section (1) shall be completed within a period of ninety days.
CHAPTER V
INQUIRY INTO COMPLAINT
12. Action during pendency of inquiry.—(1) During the pendency of an inquiry on a written
request made by the aggrieved woman, the Internal Committee or the local Committee, as the case may
be, may recommend to the employer to—
(a) transfer the aggrieved woman or the respondent to any other workplace; or
(b) grant leave to the aggrieved woman up to a period of three months; or
(c) grant such other relief to the aggrieved woman a may be prescribed.
(2) The leave granted to the aggrieved woman under this section shall be in addition to the leave she
would be otherwise entitled.
(3) On the recommendation of the Internal Committee or the Local Committee, as the case may be,
under sub-section (1), the employer shall implement the recommendations made under sub-section (1)
and send the report of such implementation to the Internal Committee or the Local Committee, as the case
may be.
13. Inquiry report.—(1) On the completion of an inquiry under this Act, the Internal Committee or
the Local Committee, as the case may be, shall provide a report of its findings to the employer, or as the
case may be, the District Officer within a period of ten days from the date of completion of the inquiry
and such report be made available to the concerned parties.
(2) Where the Internal Committee or the Local Committee, as the case may be, arrives at the
conclusion that the allegation against the respondent has not been proved, it shall recommend to the
employer and the District Officer that no action is required to be taken in the matter.
9",0,1.000,-transfer;-attendance;-leave;-course;-workplace;-complaint
DoE_Prevention_sexual_harassment.pdf,9,"(3) Where the Internal Committee or the Local Committee, as the case may be, arrives at the
conclusion that the allegation against the respondent has been proved, it shall recommend to the employer
or the District Officer, as the case may be—
(i) to take action for sexual harassment as a misconduct in accordance with the provisions of the
service rules applicable to the respondent or where no such service rules have been made, in such
manner as may be prescribed;
(ii) to deduct, notwithstanding anything in the service rules applicable to the respondent, from the
salary or wages of the respondent such sum as it may consider appropriate to be paid to the aggrieved
woman or to her legal heirs, as it may determine, in accordance with the provisions of section 15:
Provide that in case the employer is unable to make such deduction from the salary of the
respondent due to his being absent from duty or cessation of employment it may direct to the
respondent to pay such sum to the aggrieved woman:
Provided further that in case the respondent fails to pay the sum referred to in clause (ii), the
Internal Committee or as, the case may be, the Local Committee may forward the order for recovery
of the sum as an arrear of land revenue to the concerned District Officer.
(4) The employer or the District Officer shall act upon the recommendation within sixty days of its
receipt by him.
14. Punishment for false or malicious complaint and false evidence.—(1) Where the Internal
Committee or the Local Committee, as the case may be, arrives at a conclusion that the allegation against
the respondent is malicious or the aggrieved woman or any other person making the complaint has made
the complaint knowing it to be false or the aggrieved woman or any other person making the complaint
has produced any forged or misleading document, it may recommend to the employer or the District
Officer, as the case may be, to take action against the woman or the person who has made the complaint
under sub-section (1) or sub-section (2) of section 9, as the case may be, in accordance with the
provisions of the service rules applicable to her or him or where no such service rules exist, in such
manner as may be prescribed:
Provided that a mere inability to substantiate a complaint or provide adequate proof need not attract
action against the complainant under this section:
Provided further that the malicious intent on part of the complainant shall be established after an
inquiry in accordance with the procedure prescribed, before any action is recommended.
(2) Where the Internal Committee or the Local Committee, as the case may be, arrives at a conclusion
that during the inquiry any witness has given false evidence or produced any forged or misleading
document, it may recommend to the employer of the witness or the District Officer, as the case may be, to
take action in accordance with the provisions of the service rules applicable to the said witness or where
no such service rules exist, in such manner as may be prescribed.
15. Determination of compensation.—For the purpose of determining the sums to be paid to the
aggrieved woman under clause (ii) of sub-section (3) of section 13, the Internal Committee or the Local
Committee, as the case may be, shall have regard to—
(a) the mental trauma, pain, suffering and emotional distress caused to the aggrieved woman;
(b) the loss in the career opportunity due to the incident of sexual harassment;
(c) medical expenses incurred by the victim for physical or psychiatric treatment;
(d) the income and financial status of the respondent;
(e) feasibility of such payment in lump sum or in instalments.
10",0,0.800,-medical;-harassment;-complaint
DoE_Prevention_sexual_harassment.pdf,10,"16. Prohibition of publication or making known contents of complaint and inquiry
proceedings.—Notwithstanding anything contained in the Right to Information Act, 2005 (22 of 2005),
the contents of the complaint made under section 9, the identity and addresses of the aggrieved woman,
respondent and witnesses, any information relating to conciliation and inquiry proceedings,
recommendations of the Internal Committee or the Local Committee, as the case may be, and the action
taken by the employer or the District Officer under the provisions of this Act shall not be published,
communicated or made known to the public, press and media in any manner:
Provided that information may be disseminated regarding the justice secured to any vicitim of sexual
harassment under this Act without disclosing the name, address, identity or any other particulars
calculated to lead to the identification of the aggrieved woman and witnesses.
17. Penalty for publication or making known contents of complaint and inquiry proceedings.—
Where any person entrusted with the duty to handle or deal with the complaint, inquiry or any
recommendations or action to be taken under the provisions of this Act, contravenes the provisions of
section 16, he shall be liable for penalty in accordance with the provisions of the service rules applicable
to the said person or where no such service rules exist, in such manner as may be prescribed.
18. Appeal.—(1) Any person aggrieved from the recommendations made under sub-section (2) of
section 13 or under clause (i) or clause (ii) of sub-section (3) of section 13 or sub-section (1) or sub-
section (2) of section 14 or section 17 or non-implementation of such recommendations may prefer an
appeal to the court or tribunal in accordance with the provisions of the service rules applicable to the said
person or where no such service rules exist then, without prejudice to provisions contained in any other
law for the time being in force, the person aggrieved may prefer an appeal in such manner as may be
prescribed.
(2) The appeal under sub-section (1) shall be preferred within a period of ninety days of the
recommendations.
CHAPTER VI
DUTIES OF EMPLOYER
19. Duties of employer.— Every employer shall—
(a) provide a safe working environment at the workplace with shall include safety from the
persons coming into contact at the workplace;
(b) display at any conspicuous place in the workplace, the penal consequences of sexual
harassments; and the order constituting, the Internal Committee under sub-section (1) of section 4;
(c) organise workshops and awareness programmes at regular intervals for sensitising the
employees with the provisions of the Act and orientation programmes for the members of the Internal
Committee in the manner as may be prescribed;
(d) provide necessary facilities to the Internal Committee or the Local Committee, as the case
may be, for dealing with the complaint and conducting an inquiry;
(e) assist in securing the attendance of respondent and witnesses before the Internal Committee or
the Local Committee, as the case may be;
(f) make available such information to the Internal Committee or the Local Committee, as the
case be, as it may require having regard to the complaint made under sub-section (1) of section 9;
(g) provide assistance to the woman if she so chooses to file a complaint in relation to the offence
under the Indian Penal Code (45 of 1860) or any other law for the time being in force;
(h) cause to initiate action, under the Indian Penal Code (45 of 1860) or any other law for the time
being in force, against the perpetrator, or if the aggrieved woman so desires, where the perpetrator is
not an employee, in the workplace at which the incident of sexual harassment took place;
11",0,0.875,+penalty;-attendance;-workplace;-harassment;-complaint
DoE_Prevention_sexual_harassment.pdf,11,"(i) treat sexual harassment as a misconduct under the service rules and initiate action for such
misconduct;
(j) monitor the timely submission of reports by the Internal Committee.
CHAPTER VII
DUTIES AND POWERS OF DISTRICT OFFICER
20. Duties and powers of District Officer.—The District Officer shall, —
(a) monitor the timely submission of report furnished by the Local Committee;
(b) take such measures as may be necessary for engaging non-governmental organisations for
creation of awareness on sexual harassment and the rights of the women.
CHAPTER VIII
MISCELLANEOUS
21. Committee to submit annual report.— (1) The Internal Committee or the Local Committee, as
the case may be, shall in each calendar year prepare, in such form and at such time as may be prescribed,
an annual report and submit the same to the employer and the District Officer.
(2) The District Officer shall forward a brief report on the annual reports received under sub-section
(1) to the State Government.
22. Employer to include information in annual report.—The employer shall include in its report
the number of cases filed, if any, and their disposal under this Act in the annual report of his organisation
or where no such report is required to be prepared, intimate such number of cases, if any, to the District
Officer.
23. Appropriate Government to monitor implementation and maintain data.—The appropriate
Government shall monitor the implementation of this Act and maintain date on the number of cases filed
and disposed of in respect of all cases of sexual harassment at workplace.
24. Appropriate Government to take measures to publicise the Act.—The appropriate
Government may, subject to the availability of financial and other resources, —
(a) develop relevant information, education, communication and training materials, and organise
awareness programmes, to advance the understanding of the public of the provisions of this Act
providing for protection against sexual harassment of woman at workplace;
(b) formulate orientation and training programmes for the members of the 1[Local Committee].
25. Power to call for information and inspection of records.—(1) The appropriate Government, on
being satisfied that it is necessary in the public interest or in the interest of women employees at a
workplace to do so, by order in writing,—
(a) call upon any employer or District Officer to furnish in writing such information relating to
sexual harassment as it may require;
(b) authorise any officer to make inspection of the records and workplace in relation to sexual
harassment, who shall submit a report of such inspection to it within such period as may be specified
in the order.
(2) Every employer and District Officer shall produce on demand before the officer making the
inspection all information, records and other documents in his custody having a bearing on the subject
matter of such inspection.
26. Penalty for non-compliance with provisions of Act.—(1) Where the employer fails to—
(a) constitute an Internal Committee under sub-section (1) of section 4;
1. Subs. by Act 23 of 2016, s. 3 and the Second Schedule, for “Local Complaints Committee” (w.e.f. 6-5-2016).
12",0,0.725,+penalty;-education;-workplace;-harassment
DoE_Prevention_sexual_harassment.pdf,12,"(b) take action under sections 13, 14 and 22; and
(c) contravenes or attempts to contravene or abets contravention of other provisions of this Act or
any rules made thereunder,
he shall be punishable with fine which may extend to fifty thousand rupees.
(2) If any employer, after having been previously convicted of an offence punishable under this Act
subsequently commits and is convicted of the same offence, he shall be liable to—
(i) twice the punishment, which might have been imposed on a first conviction, subject to the
punishment being maximum provided for the same offence:
Provided that in case a higher punishment is prescribed under any other law for the time being in
force, for the offence for which the accused is being prosecuted, the court shall take due cognizance
of the same while awarding the punishment;
(ii) cancellation, of his licence or withdrawal, or non-renewal, or approval, or cancellation of the
registration, as the case may be, by the Government or local authority required for carrying on his
business or activity.
27. Cognizance of offence by courts.—(1) No court shall take cognizance of any offence punishable
under this Act or any rules made thereunder, save on a complaint made by the aggrieved woman or any
person authorised by the Internal Committee or Local Committee in this behalf.
(2) No court inferior to that of a Metropolitan Magistrate or a Judicial Magistrate of the first class
shall try any offence punishable under this Act.
(3) Every offence under this Act shall be non-cognizable.
28. Act not in derogation of any other law.—The provisions of this Act shall be in addition to and
not in derogation of the provisions of any other law for the time being in force.
29. Power of appropriate Government to make rules.—(1) The Central Government may, by
notification in the Official Gazette, make rules for carrying out the provisions of this Act.
(2) In particular and without prejudice to the generality of the foregoing power, such rules may
provide for all or any of the following matters, namely:—
(a) the fees or allowances to be paid to the Members under sub-section (4) of section 4;
(b) nomination of members under clause (c) of sub-section (1) of section 7;
(c) the fees or allowances to be paid to the Chairperson, and Members under sub-section (4) of
section 7;
(d) the person who may make complaint under sub-section (2) of section 9;
(e) the manner of inquiry under sub-section (1) of section 11;
(f) the powers for making an inquiry under clause (c) of sub-section (2) of section 11;
(g) the relief to be recommended under clause (c) of sub-section (1) of section 12;
(h) the manner of action to be taken under clause (i) of sub-section (3) of section 13;
(i) the manner of action to be taken under sub-sections (1) and (2) of section 14;
(j) the manner of action to be taken under section 17;
(k) the manner of appeal under sub-section (1) of section 18;
13",0,0.675,-allowances;-complaint
Draft_Works_Manual_2nd_Edition.pdf,0,"Manual for Procurement
of
Works
Second Edition, 2025
Draft, March 2025
Government of India
Ministry of Finance
Department of Expenditure

Page Intentionally Left Blank

Manual for Procurement
of
Works
Second Edition, 2025
Draft, March 2025
Government of India
Ministry of Finance
Department of Expenditure

Page Intentionally Left Blank

Foreword",1,0.750,+procurement
Draft_Works_Manual_2nd_Edition.pdf,12,"AAEC Appreciable Adverse Effect on EPC Engineering, Procurement and
Competition Construction
AITB Appendix to Instructions to Bidders EPF Employee Provident Fund
(ITB, also named as BDS, ESI Employee State Insurance
sometimes, see below)
FA Financial Advisor
BC (selling) Bill for Collection Selling
FBS Fixed Budget System
(Foreign Exchange) Rate
FEMA Foreign Exchange Management
BDS Bid Data Sheet
Act
BG Bank Guarantee
FM Force Majeure
BIS Bureau of Indian Standards
FTP Full Technical Proposal
BOC Bid Opening Committee
GCC General Conditions of Contract
BOQ Bill of Quantities
GePNIC Government e-Procurement
BRO Border Roads Organisation (System) of National
C&AG Comptroller and Auditor General Informatics Centre
(of India) GFR General and Financial Rules, 2017
CA Competent Authority GOI Government of India
CBI Central Bureau of Investigation GTE Global Tender Enquiry
CCI Competition Commission of India H1 Highest Scoring Bidder
CIPP Code of Integrity for Public HOD Head of the Department
Procurement
HUF Hindu Undivided Family
CMC Contract Management Committee
ICT Information & Communications
CPO Central Purchasing Organizations Technology
CPPP Central Public Procurement Portal IEM Independent External Monitor
CPSE Central Public Sector Enterprise, IP Integrity Pact
see PSU also
ISO International Organization for
CPWD Central Public Works Department Standardization
CV Curriculum Vitae IT Information Technology
CVC Central Vigilance Commission ITB Instructions to Bidders (may in
CVO Chief Vigilance Officer some instance be called Instructions to
DFPR Delegation of Financial Power Tenderers - ITT)
DG Director General JV Joint Venture (Consortium)
DLC Defect Liability Certificate L1 Lowest Bidder
DLP Defect Liability Period LCC Life Cycle Cost
DoE Department of Expenditure LCS Least Cost System
DPR Detailed Project Report LD Liquidated Damages
DSC Digital Signature Certificate LEC Lowest Evaluated Cost
DSPE Delhi Special Police Establishment LOA Letter of Acceptance
Act, 1946 LOI Letter of Invitation
EC Evaluated Cost LTE Limited Tender Enquiry
ECS Electronic Clearing System MB Measurement Book
EIA Environmental impact assessment MES Military Engineering Service
EMD Earnest Money Deposit MoF Ministry of Finance
EOI Expression of Interest (Tender)
xviii",1,1.000,+procurement;+tender;+bidder;+bidders;+e-procurement;+earnest money;+limited tender;+gfr;+central vigilance;+emd;+cvc;+cppp;+expression of interest;+liquidated damages;+contract;+bid;+eoi;-curriculum;+eprocurement;+bid-process;+procurement-policy
Draft_Works_Manual_2nd_Edition.pdf,25,"Chapter 1: Introduction to Procurement of Works
and so on may be incidental to the supply of goods. The relationship of primacy
between the goods element and the works/ services element may be examined,
irrespective of the relative values. A possible alternative approach could be to have
separate but linked contracts for such elements of Goods, Works, and Services, but
implementation may become challenging. If the primary objective is the
Procurement of goods with services/ works being incidental to it, it may be
processed as procurement of Goods. However, if the primary objective is
Procurement of Works/ services with Procurement of goods being incidental, then it
should generally be processed as Procurement of works/ services (as the case may
be), irrespective of the relative values.
i) Procurement of “new product” viz. Mechanical, Electrical or ICT assets, etc, of the
nature of Machinery and Plant with incidental works/ services like fabrication,
installation, erection, commissioning, AMC/CMC should be handled as procurement
of goods, except for procurement of IT Projects as specified above.
ii) AMC/ CMC of existing Mechanical, Electrical or ICT assets of the nature of
Machinery and Plant should be treated as procurement of Non-Consultancy
Services.
Notes:
1. If the NC services primarily involve construction, fabrication, repair,
maintenance, overhaul, renovation, decoration, installation, erection,
excavation, dredging, and so on, of Civil assets, then it should be handled as
procurement of Works.
2. Procurement of new mechanical and electrical works (not in the nature of
Machinery and Plant) involving fabrication, installation, or erection of a
mechanical or electrical nature should be treated as procurement of Works if
elements of procurement of Goods are incidental.
3. Repair, renovation, maintenance, overhauling, decoration, AMC/ CMC or
similar work for existing Mechanical, Electrical or ICT assets NOT of the
nature of Machinery and Plant, etc, should normally be handled as
procurement of services.
d) It is possible that, depending on the nature and complexity of the assignment, a
task could be dealt with either as a consultancy or non-consultancy service. In
essence, if the intellectual and advisory part of services is the primary objective
(irrespective of the relative value of this component), the selection needs to be dealt
with in Consultancy mode. For example, if the task is looking at the condition of a
dam (for dam safety) by physically inspecting a dam through underwater
observation, this task is a collection of data using technologies and photography,
but the actual analysis is an intellectual and advisory task and is the primary
objective of the assignment. Therefore, the entire task needs to be dealt with as the
selection of a consultant.
1.5 Authorities competent to purchase goods and Consultation
with Financial Advisers
1. The first step in procurement to procure goods, services, or works involves a formal
decision to procure something along with the exact or approximate expenditure to be
incurred. A Competent authority that is competent to incur expenditure may accord
administrative sanction/ approval to incur expenditure on a specific procurement in
6",1,1.000,+procurement;+contracts;+purchase
Draft_Works_Manual_2nd_Edition.pdf,38,"Manual for Procurement of Works, Second Edition, 2025
2.5 Administrative Approval and Expenditure Sanction (A/A and
E/S)
1. Administrative approval and Expenditure Sanction (A/A and E/S) will be accorded to the
execution of work by the competent Financial authority in the Ministry/ Department after
due examination of Detailed Project Report and Preliminary estimates. Post Sanction
changes in scope and specification lead to delay, loss of quality and contractual
penalties therefore such A/A and E/S shall be accorded after carefully assessing their
requirements. The estimates framed by a PWO or other engineering organisation may
be modified for such sanction only with their concurrence.
2. The sanction order should contain scope of work, estimated cost, and timeschedule for
completion of workand funding sources along with their share.
3. A Department of Government of India may sanction expenditure on any scheme,
projects, as per the powers delegated from time to time by the Finance Ministry24,
subject to its outlay having been approved by the Competent Authority in accordance
with the appraisal and approval process prescribed by the Finance Ministry from time to
time. (Rule 16, DFPR 2024)
2.6 Detailed Designs, Detailed Estimates and Technical Sanction
1. Except where the work is to be undertaken in the EPC(Turnkey) mode, on receipt of
sanction of the project, based on DPR or PE and assurance of funds, the procuring entity
in consultation with the Works Committee (as mentioned in para 3.1.3-7 below) shall
prepare and accord Technical Sanction to detailed and coordinated design of all the
Architectural, Civil, Electrical, Mechanical, Horticulture and any other services included in
the scope of the sanction and of the Detailed Cost Estimates containing the detailed
specifications and quantities of various items prepared on the basis of the schedule of
rates maintained by CPWD or other Public Works Organizations - so as to ensure that
proposals are structurally sound and that the estimates are accurately calculated based
on adequate data. In case the work is to be executed through a Public Works
Organization or Public Sector Undertaking, preparation of detailed design/ estimates and
technical sanction shall be done/ accorded by that organization.
Architecturalandstructuraldrawings:Architecturalandstructuraldrawings (fit for
construction) are among the core requirements for
projects.Finalizationofthesedrawingsattheearliest,preferablyatthetimeofpreparation of the
cost estimate itself, can help to determine quantities ofvarious items of the work. Adverse
consequencesof not preparing thesedrawings before invitation of tenders may manifest
in the form of delay inexecution of the work and deviations in quantities of the items of
work. Hence,approved architectural and structural drawings should be available
beforeinvitationoftenders.Fitforconstruction(sometimescalledGoodforconstruction)drawin
gsmeansthearchitecturalandstructuraldrawingsapprovedbytheprojectexecutingauthoritya
swellasby theauthoritygoverningtheextantrules/laws,including
byelaws,suchaslocalauthorities.
2. Endeavour may be made to enlarge the base of the ‘Schedule of Rates’ published by
various organizations to bring a maximum number of items under its ambit. For non-
24 DoE’s O.M. No. 24(35)/PF-II/2012 dated5thAugust, 2016
19",1,1.000,+procurement;+procuring;+procuring entity;+tenders;+penalties;-examination;+office-memorandum
Draft_Works_Manual_2nd_Edition.pdf,51,"Chapter 3: Bidding Design for Works
17. General Instructions on Procurement and Project Management28 on EPC
a) In EPC contracts, since primary responsibility to execute the work lies with the EPC
contractor, success of the project also depends upon the quality of the tender
document wherein enough clarity on the broad framework for execution of the work
and the obligations of the contractor needs to be built in.
b) Milestones for payment to the contractor should be fixed in a manner that facilitates
smooth cash flow for the contractor as well as for progress of the work. Milestones
fixed should avoid excessive front loading or back loading, i.e., amount of payment
should be commensurate with stage-wise quantum of work/ cost incurred.
Milestones for payment to the contractor should also be linked with the deliverables.
c) In case of EPC contracts, only general arrangement drawings and architectural
control parameters should be part of the EPC tender document. In case of EPC
contracts, timelines for submission of drawings by the contractors and approval
thereof by the competent authority should be clearly prescribed in the tender
document, wherein, damages for non-adherence of such timelines ins this regard
may also be incorporated.
d) EPC contracts shall specify broad technical specification and key output
parameters. Over-specification of design may lead to increase in cost. Technical
specifications shall be framed in such a manner to allow sufficient freedom to the
contractor to optimize design. Provisions on the following should be included in
commercial conditions:
i) Limitation of liability for procuring entity as well as contractor.
ii) Deviation limits and procedure for change of scope.
iii) Contract closing timelines and procedure to ensure timely closing of contract.
iv) Performance parameters and liquidated damages for shortfall in performance
v) Risk matrix and responsibilities of the contractor and the procuring entity.
e) In addition, a latent defect period beyond the defect liability period may be included
to protect the procuring entity and public authority interest in case of any design/
engineering defect after the defect liability period is over, wherever appropriate.
f) To mitigate the risk involved in the methodology proposed by the contractor, the
project executive authority shall either have an in-house engineering, quality
assurance and project management expert or alternatively hire an experienced
engineer to intensively examine the proposal submitted by the contractor. Project
executing authorities are to ensure that optimal technological solutions are provided
by the contractor.
g) To ensure equality, regular inspection and quality checks must be carried out. The
Project, executing authority shall carry out stage inspections in manufacturing of
critical equipment/critical activities of the project.
Note: In this sub -para 17) instructions containing “shall” are mandatory; any deviation
from these instructions shall require relaxation from Ministry of Finance (for Ministries/
Departments etc.) or from the Board of Directors (for Central Public Sector
Enterprises).
28NO.F.1/1/2021-PPD dtd 29/10/2021
32",1,1.000,+procurement;+procuring;+procuring entity;+tender;+bidding;+liquidated damages;+contract;+contracts;+contractor
Draft_Works_Manual_2nd_Edition.pdf,64,"Chapter 3: Bidding Design for Works
i) Single Tender Enquiry (STE) or selection by nomination
e) Award of Work through Quotations/ Shopping Modes: Procurement in these
modes of procurement is done without tendering or calling for formal bids for
small value procurements. (Rule 154, 155 GFR 2017)
i) Procurement of Works through Quotations;
f) Framework Agreements: Also known as Rate Contracts, are agreements with
contractors to execute works at pre-agreed rates for a specified period.
4. Applicability, Terms and Conditions, Risks, and mitigations of these modes of
procurements (including restrictions regarding GTE mode for procurements below Rs
200 Crore) are detailed in Chapter 4 of the Manual for Procurement of Goods, 2024
which may be referred to. For the sake of brevity, these are not repeated here.
3.7 Open Tender Enquiry (OTE)
1. In OTE37, an attempt is made to attract the widest possible competition by publishing the
NIT simultaneously on the designated websites. This is the default mode of procurement
and gives the best value for money, but the procedure is relatively complex and
prolonged. The systemic cost of this procedure may be high enough to be unviable for
smaller value procurements.
2. OTE procedures through e-procurement or through traditional tendering should be
adopted in the following situations:
a) Procurements exceeding the threshold of Rs. 50 lakhs (Rupees Fifty Lakh);
b) All requirements with clear technical specifications;
c) For requirements that can ordinarily be fulfilled by the players available in the
open market, it is necessary to evaluate competitive offers to decide the most
suitable and economical option available and;
d) When the requirement cannot be fulfilled from known contractors or contractors
are presently limited, and the requirement is to be made broad based. In such
situations, even for procurements below Rs. 50 (Rupees Fifty) lakhs, the OTE
mode may be used if warranted.
3.7.1 Terms and Conditions
1. Participation should not be restricted to only Bidders enlisted with the Procuring Entity.
Bidders already enlisted are also free to participate. However, a requirement that
successful un-enlisted Bidders may have to get enlisted with the Procuring Entity, before
contract is placed on them, may be mentioned in the tender document.
2. Advertisements in such cases should be given on the GeM- Central Public Procurement
Portal (GeM-CPPP) at www.eprocure.gov.in. An organization that has its own website
should also publish all its advertised tender enquiries on the website. The procuring
entity should also post the complete tender document on its website and GeM- CPPP to
enable prospective bidders to make use of the document by downloading it from the
website/ the advertisements for the tender invitations should give the complete web
address from which the tender documents can be downloaded. While it is no longer
mandatory to issue advertisements in newspapers, there is no bar to issuing such
advertisements if the procuring entity consider the necessary. To promote wider
37Rule 161, GFR 2017
46",1,1.000,+procurement;+procuring;+procuring entity;+tender;+tendering;+bidders;+bidding;+e-procurement;+gem;+open tender;+gfr;+cppp;+contract;+contracts;+bids;+lakh;+crore;+gem-portal;+eprocurement;+procurement-policy
Draft_Works_Manual_2nd_Edition.pdf,77,"Manual for Procurement of Works, Second Edition, 2025
when limited numbers of tenderers are known to possess requisite skills, technology and
resources, by reason of their high complex or specialized nature, or for works of a secret
nature
3.10.1 Terms and Conditions
1. The panel of contractors in the list of enlisted/ registered contractors for the subject
matter of procurement, to whom it is proposed to send tender documents shall be got
approved from competent authority, before floating the tender.
2. In case the number of enlisted/ registered bidders for a work is large and unwieldy, a
transparent system of rotation of invitation to bid may be used to keep the invited
shortlist to a manageable number (say 8 to 12).
3. In the off-line tendering, copies of the tender documents should be sent free of cost
(except in case of priced specifications/ drawings) directly by speed post/ courier/ e-mail
to the firms which are enlisted bidders/ contractors. Further, Procuring Entity should also
mandatorily publish its limited tender enquiries on GeM- Central Public Procurement
Portal (CPPP). Apart from GeM- CPPP, the organisations should publish the tender
enquiries on its own/ Department’s or Ministry’s web site.
4. The minimum number of bidders to whom LTE should be sent is more than three. In
case less than three approved contractors are available, LTE may be sent to the
available approved contractors with the approval of the CA, duly recording the reasons.
Efforts should then be made to identify a higher number of approved contractors by the
enlistment/ registration section to obtain more responsive bids on a competitive basis.
5. A simplified Tender Document with brief terms and conditions should be used, instead
of a detailed Tender Document. In any case, all registered contractors, who normally are
invited to quote in such limited tenders, have already acknowledged acceptance of
“general conditions of contract” as part of the registration application, which is applicable
to such procurements, in addition to these brief “terms and conditions” in LTE tender
form. If necessary, specifications and drawings or any other document may be enclosed
with the limited tender form.
6. In domestic tenders, any bid in foreign currency should be summarily rejected.
7. Since selected bidders are normally enlisted/ registered with the Procuring Entity, Bid
Security/ EMD and Performance Security are normally not taken in LTE.
3.10.2 LTE - Risks and Mitigations
Risk Mitigation
1. Major risk in this mode is that the demand The e-procurement portal may be programmed
may be artificially split to avoid OTE or to raise an alert if the same item is attempted to
higher -level approvals be procured through LTE repeatedly. Audit
should take up a larger percentage of cases in
LTE for review.
2. There is a risk that LTE may not attract To ensure sufficient response, in addition to
sufficient number of bids and sometimes mails/emails to selected vendors, web-based
there may be a single acceptable offer. publicity should be given for limited tenders,
3. This may be because of an insufficient with suitable clarifications that unsolicited bids
database of enlisted/ known vendors.
shall not be considered.
Sufficient time should be allowed for the
4. It could also be due to bid documents not
submission of bids, say two weeks. A shorter or
reaching the targeted bidders – intentionally
59",1,1.000,+procurement;+procuring;+procuring entity;+tender;+tenders;+tendering;+bidders;+e-procurement;+gem;+performance security;+limited tender;+emd;+cppp;+vendors;+contract;+bid;+bids;+gem-portal;+eprocurement;+bid-process;+procurement-policy
Draft_Works_Manual_2nd_Edition.pdf,89,"Manual for Procurement of Works, Second Edition, 2025
inviting bids or proposals in any form whether they are advertised, issued to limited
number of parties or to a single party. These instructions would not apply to Works
procurement through quotation.
2. Individual cases where confidentiality is required, for reasons of national security, would
be exempted from the mandatory e-publishing requirement. The decision to exempt any
case on the said grounds should be approved by the Secretary of the Ministry/
Department with the concurrence of the concerned Financial Advisor. In the case of
Autonomous Bodies and Statutory Bodies’ approval of the head of the body with the
concurrence of the head of the finance should be obtained in each such case. Statistical
information on the number of cases in which exemption was granted and the value of the
concerned contract should be intimated on a Quarterly basis to the Ministry of Finance,
Department of Expenditure.
3. In order to increase certainty in the procurement process, all Ministries/Departments
shall fix days in every month for issuance of Notice Inviting Tender (NIT), and Tender
Opening across various locations, divisions or levels. For example, the tenders may be
released by the Ministries/Departments three times a month, i.e., on 10th, 20thand 30th of
every month and the bid submission dates are so determined that bids are opened only
on fixed scheduled dates, viz, 7th, 17thand 27thof every month. In case there are practical
difficulties due to large volume of tenders in having fixed days across the whole
organisation, the Ministries/Departments/CPSUs may decide to have region-wise, zone-
wise, or division-wise fixed days for issuance of NIT and Opening of Tenders. For
procurement of highly technological and complex works, tender submission dates may
be extended by the Ministries/Departments/CPSUs in order to reply to queries in the pre-
bid meetings or any other justifiable reason.For example, CPWD, which is a large
procurer of works have region-wise fixed days for issuance of NITs and opening of
tenders as per the following table:
Example 1: Fixation of Days by CPWD
Region Days for Issuance of NITs Days for Tender Opening
Delhi Monday Monday
Northern Tuesday Tuesday
Southern Wednesday Wednesday
Eastern Thursday Thursday
Western Friday Friday
Note:
(i) One week in the case of works with estimated cost put to tender up to Rs.2 crore and two
weeks in the case of works with estimated cost more than Rs.2 crore. If there is holiday on a
particular day, the day of inviting/uploading NIT may be proposed to earlier day and opening of
tender may be postponed to next day.
(ii) However, in case of exigencies of work, the Chief Engineer/Chief Project Manager or
equivalent can allow to call and open tenders on another day instead of specific fixed days.
4.4 Amendment of Tender Documents51
1. At any time prior to the date of submission of bids, the procuring entity may, Suo-moto or
in response to a clarification sought by a prospective bidder (directly or in pre-bid
conference), amend tender documents by issuing a corrigendum. Copies of such
51 Rule 173 (iii) of GFR 2017
71",1,1.000,+procurement;+procuring;+procuring entity;+tender;+tenders;+bidder;+gfr;+e-publishing;+contract;+quotation;+bid;+bids;+crore;-holiday;+amount-threshold;+eprocurement;+bid-process
Draft_Works_Manual_2nd_Edition.pdf,102,"Chapter 5: Forms of Securities, Prices, Payment Terms and Price Variations
by the Department for Promotion of Industry and Internal Trade (DPIIT) (please refer to
para 1.11-4) are exempt from payment of EMD. In case the bidder falls into these
categories, the bidder should furnish a certified copy of its valid registration details. This
exemption is valid for the monetary value of registration only.
6. A bidder’s bid security shall be forfeited if the bidder withdraws or amends its bid or
impairs or derogates from the tender in any respect within the period of validity of the
tender or if the successful bidder fails to furnish the required performance security or to
sign the contract within the specified period.
7. Bid securities of the unsuccessful bidders should be returned to them as soon as
possible after the expiry of the final bid validity period and, at the latest, by the 30th day
after the award of the contract. Bid security should be refunded to the successful bidder
upon receipt of performance security. However, in the case of two-packet or two-stage
tendering, Bid securities of unsuccessful bidders during the first stage, i.e., technical
evaluation, etc., should be returned within 30 days of declaration of the result of the first
stage, i.e., technical evaluation, etc.65
5.1.2 Performance Guarantee66
1. To ensure due performance of the contract, performance security (or Performance Bank
Guarantee (PBG) or Security Deposit (SD)) is to be obtained from the successful bidder
awarded the contract. Performance security should be for an amount of three(3) to ten
(10) per cent of the value of the contract for works67, as specified in the tender
documents. . The Procuring Entity may stipulate an upper ceiling for the Performance
Security amount. For an illustrative example, the ceiling can be Rs. 75 Lakhs for tenders
upto Rs. 50 Crores and Rs. 3 Crore for tenders above Rs. 50 Crore but below Rs. 300
Crore. For tenders of higher value than this, the Procuring Entity may decide the amount
of Performance Security (but not less than Rs. 3 Crore mentioned above). However,
Procuring Entities are free to decide their own quantum for Performance Security, with
the approval of Competent Authority and finance concurrence, based on their perception
of performance risks vis- vis need for competition.
2. Forms of Security: Performance security may be furnished in the form of Insurance
Surety Bond68, account payee demand draft, bank guarantee (including e-bank
guarantee69 issued/ confirmed70 from any of the scheduled banks in India, or online
payment in an acceptable form, safeguarding the Procuring Entity's interest.
3. In case of a JV, the BG towards performance security shall be provided by all partners
in proportion to their participation in the project. In case of GTE tenders, the
performance security should be in the same currency as the contract and must conform
to Uniform Rules for Demand Guarantees (URDG 758) – an international convention
regulating international securities71.
65Notified vide OM No. F.1/2/2022-PPD issued by Department of Expenditure dated 01.04.2022.
66 Rule 171 of GFR 2017
67 Notified vide OM No. F/1/2/2023-PPD issued by Department of Expenditure dated 01.01.2024
68Notified vide OM No. F.1/1/2022-PPD issued by Department of Expenditure dated 02.02.2022
69Notified vide OM No. F.1/4/2022-PPD issued by Department of Expenditure dated 05.08.2022.
70 A bank guarantee merely advised by a scheduled bank is not acceptable in lieu of being confirmed.
71 A set of rules developed by the International Chamber of Commerce first adopted in 1992. The latest version
URDG 758 provides a framework for harmonising international trading practices and establishes agreed-upon
84",1,1.000,+procuring;+procuring entity;+tender;+tenders;+tendering;+bidder;+bidders;+bid security;+performance security;+gfr;+emd;+contract;+bid;+crore;-promotion;+amount-threshold;+office-memorandum;+bid-process
Draft_Works_Manual_2nd_Edition.pdf,115,"Manual for Procurement of Works, Second Edition, 2025
5.6 Recovery of Public Money from Service Provider’s Bill
Sometimes, requests are received from a different Ministry/ Department for withholding
some payment of a service provider out of the payment or Securities due to it against a
contract. Such requests are to be examined by the Procuring Entity (which has received the
request) on the merits of the case for further action. It will, however, be the responsibility of
the Ministry/Department asking for withholding of payment to defend the Government
against any legal procedure arising out of such withholding as also for payment of any
interest thereof.
5.7 Payment against Time Barred Claims
Ordinarily, all claims against the Government are time barred after a period of three years
calculated from the date when the payment falls due unless the payment claim has been
under correspondence. However, the limitation is saved if there is an admission of liability to
pay, and fresh period of limitation starts from the time such admission is made. The drill to
be followed while dealing with time barred claims will be decided by the Procuring Entity
concerned in consultation with the paying authority. The paying authority is to ensure that no
payment against such time barred claim is made till a decision has been taken in this regard
by the CA.
97",1,1.000,+procurement;+procuring;+procuring entity;+contract;-admission
Draft_Works_Manual_2nd_Edition.pdf,128,"Chapter 6: Evaluation of Bids and Award of Work
changed. It should review the TC’s evaluation of each proposal (on technical,
contractual, and other aspects). The CA should decide how any acceptable deviation in
each proposal should be handled during contract formulation, in case that proposal is
ranked first. The technical evaluation report is a confidential document, and its contents
shall not be disclosed. All records relating to the evaluation shall be retained until
completion of the project and its audit.In such cases, after the approval of CA, the results
of the Techno-commercial bid evaluation are to be announced (including informing the
failed Bidders). In the case of two-packet or two-stage tendering, Bid securities of
unsuccessful bidders during the first stage, i.e., technical evaluation, etc., should be
returned within 30 days of declaration of result of the first stage, i.e., technical evaluation
etc, in terms of Para 5.1.1. The date/ time and place (or on the portal in case of e-
procurement) are announced for the opening of Financial Bids in the presence of
technically suitable bidders who are willing to attend the bid opening. Such a date should
be two to five (5) days after the announcement.
6.4.2 Evaluation of Financial Bids and Ranking of Tenders in General
1. The financial proposals shall be opened publicly (as per para 4.13 mutatis mutandis)
witnessed by representatives of the technically qualified service providers who choose to
do so. In off-line tenders, the Evaluation Committee demonstrably verifies that the
financial proposals have remained sealed and then opens them.
2. Unresponsive Tenders: Unresponsive tenders may again be identified after Financial
Bid opening, as in case of Technical Bid opening. Unless otherwise stipulated,
evaluation of the financial bids shall be on the price criteria only. If the price bid is
ambiguous so that it may very well lead to two equally valid total price amounts, then the
bid should be treated as unresponsive.
3. Ranking of Bids:Financial Bids of all Techno-commercially suitable bids are evaluated
and ranked to determine the lowest priced bidder (except in case of QCBS selection –
para 6.4.5 below) , based on the total outgo from the buyer’s pocket (including GST,
transportation, agency commission, insurance, price of incidental goods/ services etc. as
applicable. For CPSE availing Input Tax Credit, the price shall be “Net of GST”,
considering the Input Tax Credit on the GST portion to be availed by the CPSE.
4. Correction of Bids: Tender document should indicate thatthe evaluated bid prices will
be adjusted after considering: (a) correction for errors; (b) adjustments for any
acceptable variations, deviations; and (c) adjustments to reflect any discounts or other
modifications offered. Unless announced beforehand explicitly in the tender documents,
the quoted price should not be loaded on the basis of deviations in the commercial
conditions. If it is decided to incorporate such clauses, these should be unambiguous
and clear – and thereafter, there should be no relaxation during evaluation. Variations,
deviations, or alternative offers and other factors which are in excess of the bidding
documents or otherwise result in unsolicited benefits for the contractor should not be
considered in bid evaluation. All duties, taxes and other levies payable by the bidder
under the contract or for any other cause shall be included in the rates, prices and total
bid prices, and considered in evaluation of bids. Bids should be checked for any
arithmetical errors. These corrections shall be done in accordance with the provisions of
the bidding document. In cases other than e-Procurement, the quoted rates in the bids
shall be protected with lamination by the committee, if not done by the bidders. In
accordance with the corrections as approved by the TC, the amount stated in the bid will
110",1,1.000,+procurement;+tender;+tenders;+tendering;+bidder;+bidders;+bidding;+e-procurement;+technical bid;+bid evaluation;+contract;+contractor;+bid;+bids;+eprocurement;+bid-process
Draft_Works_Manual_2nd_Edition.pdf,141,"Manual for Procurement of Works, Second Edition, 2025
d) Copies of all contracts and agreements for purchases of the value of Rs. 50
(Fifty) lakh and above, and of all rate and running contracts entered into by civil
departments of the government should be sent to the Accountant General.
e) Copies of the LOA/Purchase Order should also be sent to the Jurisdictional
Assessing Officer for GST, mentioned in the bidder’s bid.
6.5.6 Audit Trails –Procurement Records
1. The procuring entity must maintain and retain audit trails, records and documents
generated or received during its procurement proceedings, in chronological order, the
files will be stored in an identified place and retrievable for scrutiny whenever needed
without wastage of time.
2. However, may organisations now process procurements on their own e-Procurement
Portals. In such cases, taking printouts and making a physical file just for records may be
counter-productive, provided the portals have provisions for audit trails. The documents
and records to be maintained electronically or physically will include the following:
a) documents pertaining to determination of need for procurement;
b) description of the subject matter of the procurement;
c) Statement of the justification for choice of a procurement method other than
open competitive tendering;
d) Documents relating to pre-qualification and registration of bidders, if applicable;
e) Particulars of issue, receipt, opening of the bids and the participating bidders at
each stage;
f) Requests for clarifications and any reply thereof including the clarifications given
during pre-bid conferences;
g) Bids evaluated, and documents relating to their evaluation; and
h) Contracts and Contract Amendments
i) Complaint handling, correspondences with clients, consultants, banks.
3. In organisations where physical files are maintained, the Procurement file should start
with the indent and related documents. All subsequent documents relating to
procurement planning; Copy of Bid Document and documents relating to its and
formulation, publishing and issue/ uploading; Bid Opening; Bids received;
correspondence and documents (including Technical Evaluation and TC report)relating
to pre-qualification, evaluation, Award of Contract; and finally, the contract copy, should
be kept on the file. In case of bulky bids received, all bids received may be kept in a
separate volume, with a copy of accepted bids later being put on the main volume. To
maintain integrity of the records relating to procurement, these files should be kept
secure and for contract management a new volume of file may be opened to obviate
frequent exposure of sensitive procurement file. In contract management volume, copies
of successful bid, Tender Committee Report & Contract may also be kept for ready
reference, besides correspondence and documents relating to Contract Management
and its closure.
6.6 Evaluation of Bids and Award of Contract – Risks and
Mitigation
Risk Mitigation
123",1,1.000,+procurement;+procuring;+procuring entity;+tender;+tendering;+bidder;+bidders;+e-procurement;+purchase order;+contract;+contracts;+purchase;+purchases;+bid;+bids;+lakh;-complaint;+eprocurement;+bid-process
Draft_Works_Manual_2nd_Edition.pdf,154,"Chapter 7: Execution and Monitoring of Works and Quality Assurance
firm/contractor for guidance in fabrication, these should be issued against an appropriate
bank guarantee. In addition to the bank guarantee, appropriate insurance may be asked
for if it is considered necessary. For low value items of less than Rs. 1,00,000 (Rupees
One Lakh), or for sending spares for repairs to the OEMs, this stipulation of the bank
guarantee may be waived and, if feasible, an indemnity bond may be taken. The
Contractor shall use such property for the execution of the contract and no other purpose
whatsoever. These assets shall remain the property of the Procuring Entity, and the
contractor shall take all reasonable care of all such assets. The contractor shall be
responsible for all damage or loss from whatever cause caused while such assets are
possessed or controlled by the contractor, staff, workers, or agents. As a measure of
transparency, the possibility of provision of such resources by Procuring Entity should
have been announced in the tender document or at least requested by the contractor in
the tender and written in the contract. Before the final payment or release of PBG/SD, a
certificate may be taken from the concerned Department that the contractor has returned
all documents, drawings, protective gear, material, equipment, facilities, and assets
loaned, including all ID cards and gate passes, and so on, in good condition. Further, it
should be certified that payment from the contractor has been received for usage of
electricity, water, crane, accommodation, weighing facility, and so on.
7.2.8 Issuing Contract Amendments
1. There are few contracts of any type that do not require a change at one time or
another. The formal method of making and documenting a change in the Works contract is
through a contract amendment. Contract amendments are issued when there areagreed-
upon changes in the scope of work, personnel inputs, costs, timing of the service delivery, or
out-of-pocket expenditures. Normally, these relate to changes that have a cost implication,
but when there is a significant change in the timing of an activity or a particular output, these
should also be recorded through a contract amendment. No amendment to the contract
should be made that can lead to a vitiation of the original tender decision or bestow an
undue advantage on the contractor. Where it becomes necessary/ inescapable, any
modification shall be carried out with the prior approval of the CA.
2. An amendment has legal implications as it amounts to 'novation' of Contract, that is,
it is treated as a 'substitution of a new Contract for old one' to the extent of these
amendments superseding the corresponding original terms and conditions. Amendment of
the contract can be done only with the consent of both parties, except for those changes for
which right of Purchaser for suo-moto amendment (i.e. penalties etc.) is reserved in the
Contract. Normally, the request for contract amendment is prepared by the Contractor and
submitted to the Procuring Entity. However, these can also be initiated by the Procuring
Entity, suo-moto. If the contractor does not raise objections within 14 days to any suo-moto
modifications/ amendments made by the Procuring Entity, it shall be assumed that the
contractor has consented to the amendment.
3. To take care of any change in the requirement during the contract period, there could
be situations wherein variations in the scope of work becomes necessary. These situations
should be dealt with objectivity and fairness and should not be considered to unduly push
the vendor to undertake work or take risks which was not explicitly communicated in the
tender document. At the same time the Contractor should not consider this as an opportunity
to unduly charge the Procuring Entity due to lack of available options. Generally, the value of
the change request should not be more than plus/minus 15 (Fifteen) per cent. The Tender
136",1,1.000,+procuring;+procuring entity;+tender;+vendor;+contract;+contracts;+contractor;+penalties;+lakh
Draft_Works_Manual_2nd_Edition.pdf,167,"Manual for Procurement of Works, Second Edition, 2025
2. If a compensation event occurs during the execution of the Contract, the Contractor must
give an 'early warning' to the Contracting Entity, failing which no compensation would be
granted. If the Contractor proves that a compensation event would delay the completion
of work, the Contract Manager will assess whether and by how much the intended
completion date should be extended without LD. Proposals for grant of EOT should be
considered and approved by the competent authority. The Contracting Entity may finalise
the grant of EOT within a maximum period of two months on receipt of such a proposal
from the Contract Manager.
3. The payment against actual work done and claimed in the monthly bills by the Contractor
and recommended for payment by the Contract Manager may continue to be made to
the Contractor, without recovery of LD where a proposal has been received from the
Contract Manager for grant of EOT. If the EOT proposal is finally rejected, LD must be
recovered. Besides EOT, the Contractor is entitled to claim compensation for any
financial loss due to such events. In each Contract, there are specific provisions defining
compensation events, how to determine the EOT, and/or compensation.
7.4.11 Time At Large
When the Procuring Entity does not explicitly express and reserve its rights and remedies
under the contract for delays in execution, it legally forfeits his right to such remedies. Under
such circumstances Time is said to become at large and the contractor gets freed from his
obligation to complete within the specified time. To avoid such a situation, before the expiry
of originally stipulated date of completion, the Procuring Entity should extend the currency of
the agreement and set a new time limit for completion and make the extended time as
essence of the contract, stipulating that this is being done without prejudice to his right to
recover damages and other remedies as per the contract.
7.5 Financial Monitoring
7.5.1 Financial Monitoring
Besides administering the contract with regard to its quality and completion, the contract
manager will regularly assess the financial position and exercise financial control. He will
update, on a quarterly basis, cash flow projections, cost estimates and yearly/ quarterly
milestones, and submit them to the Procuring Entity. Variations should take place with a
view to achieving economical completion of the work, and not to result in avoidable higher
rates or costs. In case of a significant number of variation orders or unexpectedly rapid cost
escalation, updation may be done more frequently. The financial statements should bring out
comparisons of the initial estimated/ tendered cost with the actual cost -- component- and
activity --wise -- both with respect of quantities and value. The Procuring Entity should
examine these statements critically. If costs are likely to be exceeded, this should be
anticipated, and a revised estimate of cost prepared, with complete explanations, for
approval by the CA.
7.5.2 Payments to Contractors
1. Advance Payment, as per Contract: The terms and conditions of such payments are
set out in the contract wherein the amount of advance payment is specified, as are the
timing of the payment and the amount of advance payment security to be provided by
the contractor (Please refer to para 5.3). The advance payment is set off by the
Procuring Entity in equal instalments against monthly billing statements until it has been
149",1,1.000,+procurement;+procuring;+procuring entity;+contract;+contractor
Draft_Works_Manual_2nd_Edition.pdf,179,"Manual for Procurement of Works, Second Edition, 2025
h) General or case-specific modification in the application of the above guidelines may
be authorised by the Secretary concerned (or an officer not below the level of Joint
Secretary to whom the authority is delegated by him) in respect of Government
Ministries/ Departments, attached/ subordinate offices and autonomous bodies, or
the Managing Director in respect of Central Public Sector Enterprises including
Banks and Financial institutions etc.
4. Appointment of Mediator(s):
a) Mediators can be of any nationality and must be registered with the Mediation
Council of India (MCI) or empanelled by a court-annexed mediation centre or
empanelled by an Authority constituted under the Legal Services Authorities Act,
1987 or empanelled by a mediation service provider (MSP) recognised by MCI.
b) Within 30 days of receipt of the “Notice of Mediation”, the Head of the Procuring
Organisation shall propose names of three likely mediators from its panel, asking
the other party to choose one as Mediator. The mutually accepted mediator shall
then be appointed to conduct mediation.
c) If parties do not agree on the mediator, they can approach a mediation service
provider (""MSP"", recognised by MCI), who shall appoint a mediator based on the
suitability and preferences of the parties within 7 days.
d) As brought out in Annex-2 of Annexure 14, in contracts having an Integrity Pact,
Independent External Monitors (IEMs) can be appointed as mediators, as per the
Standard Operating Procedure (SOP) issued by the Central Vigilance Commission
(CVC).
e) After a mediator is appointed, they must disclose any conflict of interest. Either
party can seek a replacement of the Mediator after such disclosure.
5. Venue: Mediation must be conducted within the territorial jurisdiction of the Court, which
has jurisdiction to decide the dispute unless both parties agree to do it online or at any
other place.
6. The Process:
a) The Mediator independently and impartially encourages open communication and
cooperation between disputing parties to reach an amicable settlement, but he does
not have the authority to impose a settlement upon the parties to the dispute. The
parties shall be informed expressly by the mediator that he only facilitates in arriving
at a resolution of the dispute and that he shall not impose any settlement nor give
any assurance that the mediation may result in a settlement.
b) Unlike court proceedings, Mediation is informal and flexible and allows for creative
problem-solving and exploration of various solutions. The Code of Civil Procedure
or the Bhartiya Sakshya Adhiniyam (BS), 2023 shall not be binding on the
mediator. The parties can determine the mediation’s venue, manner, and language.
c) Confidentiality: All the acknowledgements, opinions, suggestions, promises,
proposals, apologies, and admissions made during the mediation; acceptance/
willingness to accept proposals in the mediation; documents prepared solely for the
conduct of mediation are strictly confidential. These can neither be relied upon as
evidence in any subsequent court proceedings nor be asked to be disclosed by any
court/ tribunal. No audio or video recording of the mediation proceedings shall be
made or maintained by the parties or the participants, including the mediator and
161",1,1.000,+procurement;+procuring;+central vigilance;+cvc;+contracts;-appointment;-annexure
Draft_Works_Manual_2nd_Edition.pdf,192,"Chapter 7: Execution and Monitoring of Works and Quality Assurance
7.8.2 Termination of Contract for Default
1. Without prejudice to any other remedy for breach of contract, such as removal from the
list of enlistedcontractors, by written notice of default sent to the Contractor, the contract
may be terminated in whole or in part, if the contractor has:
a) seriously or repeatedly breached the contract, including
i) failure to complete the work within the time period(s) specified in the contract,
or any extension thereof granted.
ii) failure to obey instructions in relation to his progress or defective work, material
or plant.
iii) breach of the prohibition against sub-contracting.
iv) Failure to supply sufficient and suitable constructional plant, temporary works,
labour and material as proposed in the work programme.
v) Substantial suspension of work for more than the specified days without
authority from the contract manager and failure to proceed with the work within
the specified days of receipt of notice from the contract manager.
vi) Failure to comply with the requirements regarding JVs.
b) committed fraud.
c) If the contractor fails to perform any other obligation under the contract within the
period specified in the contract or any extension thereof granted.
d) If the contract is terminated in whole or in part, recourse may be taken to any
one or more of the following actions:
i) Forfeiture of the performance security.
ii) Upon such terms and in such manner as it deems appropriate, taking over the
site and to complete the works himself or with another contractor (risk
Purchase) and use the contractor's materials, equipment, temporary works as
he/ they think proper. In small value contracts, instead of Risk Purchase, a
fixed percentage recovery may be provided in the SBD.
2. However, the contractor shall continue to fulfil the contract to the extent not terminated.
3. Before cancelling the contract and taking further action, it may be desirable to obtain
legal advice.
7.8.3 Termination of Contract for Insolvency
If the contractor becomes bankrupt or becomes otherwise insolvent or undergoes liquidation
or loses substantially the technical or financial capability (based on which he was selected
for award of contract), at any time, the contract may be terminated, by giving a written notice
to the contractor, without compensation to the contractor, provided that such termination will
not prejudice or affect any right of action or remedy which has accrued or will accrue
thereafter to Procuring Entity.
7.8.4 Determination of Contract for Default/ Convenience of Procuring Entity
or for Frustration of Contract
1. After placement of the contract, there may be an unforeseen situation compelling
Procuring Entity to terminate the contract, in whole or in part for its (the Procuring
Entity’s) convenience, by serving written ‘Notice for Determination of Contract’ on the
contractor at any time during the currency of the contract. The notice shall indicate inter-
alia, that the termination is for the convenience of the Procuring Entity or the frustration
174",1,1.000,+procuring;+procuring entity;+performance security;+breach of contract;+contract;+contracts;+contractor;+purchase;-programme
Draft_Works_Manual_2nd_Edition.pdf,205,"Manual for Procurement of Works, Second Edition, 2025
Limit
Class-I (Super) Rs 650 crore Class-II Rs 15 crore
Class-I (AAA) Rs 260crore Class-III Rs 4crore
Class-I (AA) Rs 130crore Class-IV Rs 1.30 crore
Class-I (A) Rs 75crore Class-V Rs 40lakh
Class-I Rs 50crore
9. Procedure for Enlistment:Enlistment of contractors should be done by any Ministry/
Department in case it desires to enlist contractors for works which are exclusively
needed by it by keeping fundamental principles of public procurement in view (especially
the transparency principle - transparency, fairness, equality, competition and appeal
rights) with the approval of CA after carefully assessing and verifying credentials,
capability, quality control systems, past performance, after-sales service facilities,
financial background, and so on, of the contractor/ service provider(s):
a) Details of the procedure for enlistment of new firms may be uploaded on the
website and also published in the form of a booklet for information of the
contractors. Timeframes and criteria for enlistment of new contractors may be
clearly indicated;
b) Possible sources for any category/ group of requirements can be identified
based on internal and external references. Data of new contractors can be
obtained from the response received from contractors, open tender
advertisements, pre-qualification bids, Expression of Interest (EoI), against
various enquiries on the website, dedicated websites, exhibitions, buyer-seller
meets, various publications of BIS, trade journals, and so on. The e-
procurement portal does pre-registration of contractors online. Such data can
be a source of information on prospective contractors;
c) New contractor(s) may be considered for enlistment at any time, provided they
fulfil all the required conditions. For any larger scale or critical enlistment of
contractors, Procuring Entity should call for EOI by publicising its need for
development of sources. The stages to be followed together with the applicable
guidelines for EOI have been detailed in Chapter 3;
d) While registering the firms, an undertaking may be obtained from them that
they will abide by the CIPP enclosed with the application with a clear warning
that, in case of transgression of the code of integrity, their names are likely to
be deleted from the list of enlisted contractors, besides any other penalty or
more severe action as deemed fit; and
e) Along with the new/ renewal application for enlistment, the contractors should
also be asked to declare that, if awarded a contract in any LTE in which they
participate, they bind themselves to abide by the Procuring Entity’s General
Conditions of Contract (GCC). Such GCC should be part of the application
f) Enlisted contractors must participate in relevant limited tenders. In case they do
not respond to at least three (3) tenders in a year on being invited to do so (if
there were at least 6 invitations to them), they may be removed from the list of
enlisted contractors.
10. Eligibility
187",1,1.000,+procurement;+procuring;+procuring entity;+tender;+tenders;+open tender;+expression of interest;+contract;+contractor;+penalty;+bids;+eoi;+crore;+procurement-policy
Draft_Works_Manual_2nd_Edition.pdf,231,"Annexure 10: A Sample MOU
these are required. ‘Project Management Consultant’ shall provide necessary support in this
process.
19. ‘Project Management Consultant’ shall ensure adequate availability of men & material by their
contractors.
20. ‘Project Management Consultant’ shall ensure that it’s Contractor(s) implement required
Health, Safety & Environmental (HSE) practices at the Construction Sites and they also
comply with all statutory obligations related to workmen deployed at the Construction Site.
‘Project Management Consultant’ will act as Principal Employer in respect of all Statutory
Obligations related to workmen deployed at the site in execution of the work.
21. ‘Procuring Entity’ shall permit and facilitate to the ‘Project Management consultant’ all utilities
required for construction e.g. drawl of Ground Water, obtaining electricity connection, putting
up Labour Camps/ Huts inside the available space for facilitating construction by contractors
engaged by ‘Project Management Consultant’. ‘Project Management Consultant’ shall provide
necessary support in obtaining permission, if any, of Local Bodies in this regard. The cost in
this regard borne by ‘Procuring Entity’, if any, should not be duplicated as reimbursement by
the ‘Project Management Consultant’.
22. As soon as the work is allocated, ‘Project Management Consultant’ shall prepare and submit
to ‘Procuring Entity’ an Integrated Programme Chart for the execution of work showing clearly
all activities from the start of work to completion with details of manpower and other input
information required for the fulfilment of the timelines given therein. ‘Project Management
Consultant’ will intimate ‘Procuring Entity’, Project Team, both on - site and off-site, starting
from Chief Engineer to Junior Engineer associated with execution of the work. The
Programme Chart should inter-alia include descriptive note explaining sequence of the
various activities, CPM Network Milestones etc. This will form Base Line Programme, and the
subsequent progress of the work shall be reviewed with reference to this during periodic
Progress Review Meeting preferably monthly. Any increase in time period from the Base Line
Value shall be construed as Time Overrun
23. ‘Project Management Consultant’ shall be responsible for providing Physical Progress
Reports to ‘Procuring Entity’ in the form of CPM (Critical Path Method) Network on monthly
basis for reviewing of the progress of the work vis - a vis Base Line Programme and taking all
necessary remedial actions, after considering ‘Procuring Entity’s observations made in
respect of quality and progress of the work during the monthly/ periodic Project Review
Meetings. To ensure timely completion of work as per mutually agreed time-schedule/
milestones and within agreed Cost.
24. ‘Project Management Consultant’ shall also be responsible for providing to ‘Procuring Entity’
Financial Progress Reports of the project and up to date Expenditure incurred on the work on
monthly basis along with Certificate of Utilization of Fund against Fund earlier released to
‘Project Management Consultant’ by ‘Procuring Entity’.
25. ‘Project Management Consultant’ shall be responsible for total Project Management including
day-to-day supervision of works, maintenance of all project records and executing the works
as per prescribed guidelines, their own Works Manual, Codes, Books of Specifications etc
and also in accordance with relevant and extant provisions of General Financial Rules (GFR),
2017.
(E) Project Management, Cost and Time Control
26. ‘Project Management Consultant’ shall implement a system of ‘Project Team Concept' with
dedicated group of Engineers under single and unified command for implementation of
projects from concept to completion and call composite tenders to reduce the number of
packages for better management. ‘Project Management Consultant’ shall be obliged to adopt
all the above said measures to successful completion of the works within Approved Cost and
agreed Time period.
27. ‘Project Management Consultant’ shall be responsible for managing the Project from concept
214",1,1.000,+procuring;+procuring entity;+tenders;+gfr;+general financial rules;+contractor;-annexure;-programme
Draft_Works_Manual_2nd_Edition.pdf,244,"Annexure 14: Integrity Pact Format
(Refer para 8.3-2)
INTEGRITY PACT
Between
[the Procuring Organisation]hereinafter referred to as “The Principal,” and
__________________ hereinafter referred to as “The Bidder/ Contractor.”
Preamble
The Principal intends to award contract/s for__________________, under laid down
organisational procedures, The Principal values full compliance with all relevant laws of the
land, rules, regulations, economical use of resources, and fairness / transparency in its
relations with its Bidder(s) and / or Contractor(s).
To achieve these goals, the Principal shall appoint Independent External Monitors (IEMs)
who shall monitor the tender process and the execution of the contract for compliance with
the abovementioned principles.
Section 1 – Commitments of the Principal:
1) The Principal commits itself to take all measures necessary to prevent corruption and to
observe the following principles: -
a. No employee of the Principal, personally or through family members, shall in
connection with the tender for, or the execution of a contract, demand, take a
promise for or accept, for self or third person, any material or immaterial benefit
which the person is not legally entitled to.
b. The Principal shall treat all Bidder(s) with equity and reason during the tender
process. The Principal shall, in particular, before and during the tender process,
provide to all Bidder(s) the same information and shall not provide to any Bidder(s)
confidential / additional information through which the Bidder(s) could obtain an
advantage in the tender process or the contract execution.
c. The Principal shall exclude from the process all known persons having conflict of
interest.
2) If the Principal obtains information on the conduct of any of its employees which is a
criminal offence under the IPC/PC Act, or if there be a substantive suspicion in this
regard, the Principal shall inform the Chief Vigilance Officer and in addition shall initiate
disciplinary proceedings.
Section 2 – Commitments of the Bidder(s)/ Contractor(s):
1) The Bidder(s)/ Contractor(s) commits themselves to take all measures necessary to
prevent corruption. The Bidder(s)/ Contractor(s) commits themselves to observe the
following principles during participation in the tender process and the contract
execution.
a. The Bidder(s)/ Contractor(s) shall not, directly or through any other person or firm,
offer, promise, or give to any of the Principal’s employees involved in the tender
process or the execution of the contract or to any third person any material or other
benefit which they are not legally entitled to, in order to obtain in exchange any
advantage of any kind whatsoever during the tender process or the execution of the
contract.
227",1,1.000,+procuring;+tender;+bidder;+contract;+contractor;-annexure;-disciplinary
FAQs.pdf,0,"1 ^
UNIVERSiTY GRANTS COMMiSS10N
FREQUENTLY ASKED QUEST:ONS(FA凶
S.No. Questions pertain to Reply
Recog n ition/Specification A list of UGC specified degrees under Section 22 of UGC
of degrees Act, 1956 is available on UGC website at
httpllvvww. uq c. ac. i n/pdfnews/ 1 06 1 840 s pecif icatio n-of-
deorees― 2014.Ddf
iulv…
2. Validity of any degree A statutory university can award degree specified under
Section 22 of UGC Act, 1956, with the due approval of its
competent councils and statutory councils, wherever
required and in accordance with the Regulations notified
by UGC from time to time.
3. Equivalence of degrees Equivalence of degrees is not determined by the UGC.
For higher education purposes, it is decided by the
university concerned and for employment purposes by
the employing organisation. UGC public notice No. 9-
312016 dated 19.07.2016 on equivalence of degrees is
available on UGC website
at
http:l/www.uqc.ac.in/pdfnews/1 952431 UGC-Public-
Notice-req-equivalency-of-deqrees. pdf
4. Equivalence of PGDM to Equivalence between PGDM and Master degree is not
Master degree determined by the UGC.
5. Recognition of diplomas Diploma/certificate courses are not specified by UGC.
/
and certificates However, universities can run the diploma certificate
courses and with due approval of its governing
6. To start pre-university c U o G u C nc i d l o s e /s s ta n tu o t t o g ry ra c n o t u th n e ci l a w pp h r e o r v e a v l e / r r r e e c q o u g i r n e i d ti . on to start pre
courses university courses.
7. Recognition of two years A copy of UGC D.O. letter No. 1-1512015(CPP-ll) dated
bachelor's
degree 17th August, 2015 is available on UGC website at
Programme http : //www. u q c. ac. i n/p df new s I 2529 49 1 U G C- Lette r. pdf
8. Equivalence of foreign Equivalence of foreign degrees with lndian is not
degree and
foreign determine by UGC.
university / institutions
9. Approval of Technical Approval of Technical courses comes under the purview
courses of All lndia Council for Technical Education.",0,1.000,-university;-degree;-degrees;-courses;-education;-higher education;-programme
FAQs.pdf,1,"4pproval of courses comes under
the purvievv of Medical Council of lndia / Council
Medical/Paramedical
Courses
of eJcomes under the
Approvat Teacher's
prri""* of National Corn.il fo'T""'""h"""" Ed'
in the guiding
Recognition of integrated
prtnciptes which ari availablq ill tlt? U$!,notification on
ζ あ h Juり ,2014
[活 lon of degrees dated♂
es and-other awards bY
Time nml of Award Of U `ぎ niveisitles) Regulation, 2ObB is available on UGC
degrees
of a Uniform
ffin
Perioo Guidelines
for awarding of degrees' sp ξ rri'e"" 「砧 rioo w ど i こ inin which a 3tyfen!I?y^P.:l?:.:: :1
Iご llプ L・ 61311,avall ,^ a ^ b ^ l ^ e ^"" ^ o n ハ UG ●・ C :J ^l W :ぃ eb ^ s af l ハ e r at
as not been
VVhat iS the meanlng of
estab‖shed as per UGC Act, 1956 and funCtiOning in
fake UniversitY?
contravention of the UGC Act'
¨ any fake
universities arc in the
UGC first issues
H an o w ln O st O it o u e t s i o U n G a C s d a e c f l a a k re e s th h e ow e c x a a u c s t e s t n a o t t u ic s e t t f o r l t n h o c o u n nr t e i'm co J g n f i r z o e m d i t n h s e tit u S ti t o a n te / t L o o g ca e l t
universitY? about the
authorities for pnysrcal investigation/verification
e fa x c is t t s e n t c h e e a n m O a f t u te n r c t ' i i o s n in U g "" r o o f u t g ]h n e t t l o n s , t t it h u e te ' n B o a ti s c e e d o on f t th h e e -
C ,. o i"" m . m ""g iss .i io i"" n o f o i r n f s in ti a ii 'i r t # io p r t i o 'in -"" 'r t h to e i u nc c lu c de l t i h s e t n o a f m f e a k o e f
How to check u編 〜 H恥 lcde wtt f h S h T e n l U 眸 GC
『 駄 鳥 ‖ ぶこ 島}LL7cこ面 . ___:1_L:^ ら+
:::暫8:謡icate? 柵ル縞 ca“ 滞ぶこ仏 ew釧 田斜い ∝ ntton_o「
1品
What!s the meaning Of A‖ relate to the fake Universnles.
or
unrecognised Zali,
blacklisted and fake? 4
Passed
What is the current status lno r.""t15t !lf^':l""]::
PM? an order asainst iiPlil- ざ¶
of‖ 」彙 出
ltthf燻 :霊 f瀧
'悪 il:聞
hミ anuary,2015.
^stllPM ln」",0,0.975,-medical;-university;-degrees;-teacher;-courses
FAQs.pdf,2,"21 What is the current status Bhartiya Shiksha Parishad, Lucknow, UP has never been
of Bhartiya Shiksha recognized by UGC. Thus the Degrees/Certificates
Parishad, Lucknow, UP awarded by it at any point of time are not valid for Higher
and degrees issued by Education and employment.
it?
22. What is the status of my List of the Universities (Central Universities, State
University? Universities, State Private Universities and lnstitutions
Deemed to be Universities is available on the UGC
website http://www. uec.ac. inlold odf/Total%2Ol ist. odf.
Who will verify
23. my For verification of degree, you may directly approach the
degree? University.
24 I have a degree from a Equivalency is decided by Assoclation of lndian
foreign university. Who Universities (AlU), Kotla Marg, New Delhi.
would give equivalency
certificate?
25. Whether approval of Although approval of AICTE is not required toi
A U IC ni T v E e r i s s i r t e ie q s u ir t e o d for the Universities/Deemed to be Universities to start course in
start the field of Engineering & Technology and Management,
courses in the field of they have to maintain the norms & standards prescribed
Engineering? by the AICTE.
26. 汗 器 盤
wJw硼
り 爺 1992書 岬田 弱・
27. crtll a誦 研 赫 m、 命刊)雨輛 鋪 諭 闘 可 網 _ lal コ l l さ
哺ぱ潮ン
師ヽ0て さ
1呵
28 熊 黛 師 命 う 麟 翁 命 |
Ч●限―Ч劇沢 的 釘輛 crl
岬 舗
…Ч CIDIヽ 命 研 iф、dIシ 繭 金 呼 備 鎌 和 面 育 闘 師 諭
輌 /も呵劇」фヽ可
||
29.
珊ド昇嘉 票零
:薫 竜 ぽ 「 薫浦 諭 刊呵 諭 て さ 1針 → 闘
さ?
輌 閥 赫 市 哺 諭
出 釜 擁 罫
30. Iqマ qlq口 |。 q! 官 閥 mm書 筒
鎌 阿 諭 赫 諭 ‖ 血 瞑
辮 製 … ""“ …
…
瞑 さ
120転|
31. 雨 命可 命
赫 m
奇 鎌冊 諭 可町 20
…",0,1.000,-university;-degree;-degrees;-course;-courses;-education
FAQs.pdf,3,"縁妍浣雁耐 舎衡哺 帥 研 も呵劇￢怖可 11劇||
帥
輌 /も呵劇」
41ul?
q―
32 ¨ 岬 th) T HJl。●頭 Hl呵
諭 赫 ′ア総 研 fr-fl-s {zTaq dell
赫 節 輛 輛 Eqrfr gq qTffi-fi ffid TE q.7Td-q, qmq €{fff,q fr-ml-fl
qem-q G q.rq qrwflqr-oTqf;ilq efrfr 61 ffi qrft
ヤ
eiqe{ qq' sgffi sffq
f,erT
33.
赫 可劉財 命 弱きも司 劇、命櫛 創諭綸 都楡
面 頭 漱 膚 命 爺 命由 劇くЧ さ1天赫 辞哺 ― 舎摯浦 ― 鎌捕 釧油山 :
う蒻餞
@d by the Government of lndia,
o N f o r w es , e a r t v a w ti h o a n t a P r e e r c k e e n P t t a f g o e r Dept. of Personnel & Training, New Delhi Vide
SC, ST, OBC & O.fifl.ruo.SOO12l2lg6-Estt.(Res.) dated 2nd July, 1997, now
Minorities in the field at post based roster is aPPlicable.
Nationalized
i. All educational institutions receiving grant-in-aid from
firm/lndustries,
| Nationalized Banks and the public fund has to provide prescribed percentage.of
Central Civil/Defence reservation for SCs/STs and PWDs (Persons with
services? And at what disabilities) on the sanctioned strength of each-cadre
percentage of reservation (i e. Assistant Professor, Associate Professor'
are kept SC,ST,OBC & irofessors or by whatever other nomenclature the
current Reservation rule posts are t<nown; for the purpose of recruitment of
Minorities in the fixed of various teaching and non-teaching posts'
central
Colleges,
Universities like llT, llM, ii. Reservation to other Backward classes (oBCs) is
NllT and Research applicable at the entry level only in non-teaching posts
lnstitute (lSRO, DRDO). and in case of teaching posts at the level of Assistant
At what Percentage of Professor onlY.
Reservation are kePt for
respective section, what . Central Universities are receiving 100% maintenance
w are h a its t r a ul r e e r e i g t u 's la tio b n as o ic r g It ra "" n t g a e n t d ti n a g ls o lO t O he % D m ee a m in e te d n t a o n b ce e g un ra iv n er t s o iti r e s p ' a w rt h .. i c o h f
principles after maintenance grant are required to provide reservation
reservation. of 15o/o to Sineduted Castes, 7 '5o/o for Scheduled
Tribes, 27o/o lo Other Backward Classes and 3% for
Persons with Disabilities in the matter of teaching and
nonteaching posts as well as in admissions to all level
courses accept in Minority lnstitutions under Article
30(1) of the Constitution. However, State Universities
in""r,,oing their affiliated constituent colleges and other
institutes functioning within the State can follow the
p""t.""nirg"" of reJervation as prescribed by the
respective State Government.
The ReseⅣatlon of SC/STノOBCS iS Called VettiCal",0,1.000,-recruitment;-reservation;-colleges;-courses;-educational;-research;-cadre;-roster
FAQs.pdf,4,"| ^
“
`′
N
handicapped persons(P｀
Horizontal reservations Cu
and the persOns sel
handicapped quota (PVVE
Furnish
the
35.
definition/meaning of Academic Record""at the C
Good Academic Record 5% relaxation to SC)/ST and PWD candidates in the
as per UGC Rules and appointrnent to the post Of Lecturer/Asstt Professor and
eges
from which Educational equlvalent postin Universities and CO‖
level
(i.e.
Secondary/Higher
Secondary/Graduation
Level) should
be
considered for the Post of
Asst. Professor
in
niversities/Govt. Degree
U
I colleges,
36 ls lt MandatorY For Government order No.F.6-30/2005 U-5 oateo oln
Minority lnstitutions To December, 2005 is reproduced below for information.
Give Reservation To Last para ..
SC/ST/OBC ln Teaching "" Now, therefore, in exercise of the powers vested under
And Non-Teaching Post Section 20(1) of the University Grants Commission Act,
or have they discretion? 1956 the Government hereby directs the UGC to ensure
effective implementation of the reservation policy in the
central Universities and those of lnstitutions Deemed to
be Universities receiving aid from the Public funds except
in minority institutions under Article 30(1) of the
Constitution.""
37. Reservation
implemented in teaching
and non-teaching According to UGC Act, 1956, the UGC has to ensure
Posts
effective implementation of the reservation policy in the
and admission
central Universities, Deemed to be Universities and those
institutions receiving aid from the public funds except in
minority lnstitutions under Article 30(1) of the
Constitutions vide MHRD ( Dept. of Secondary & Higher
Education) order No. F.No.6-30 12005 U-5 dated 6""'
December,2005
ln compliance with this direction of the Government
and also keeping in view the various instructions issued
by the Government of lndia from time to time for
implementation of Reservation Policy of SCs/ STs, the
guidelines for reservation for SC/ST in educational
institutions were prepared by the UGC and approved by
the Commission and thereafter the same were issued
/sent to all Universities for strict implementation in
Universities , Deemed to be Universities, Colleges and
other qrant -in-aid institutions and centers vide letter No.",0,1.000,-admission;-academic;-reservation;-university;-degree;-colleges;-education;-educational
FAQs.pdf,5,"A
F.1-5/2006 (SCT) dated 25.8.2006 ( may be seen on UGC
website www.uoc.ac.in.)
The Central Universities are receiving 100% grant from
the Central Govt./UGC and they have to follow the
reservation policy of the Govt. of lndia for SC's/ST's in
toto i.e. 15o/o for SC's and 7 . 5o/o for ST's in the matter of
teaching and non-teaching posts as well as in
adrnissions to various courses/degrees. The
its
State Universities including affiliated/constituent
colleges and other institutes functioning within the State
can follow the percentage of reservation for SC/ST as
prescribed by the State Government..
Further, as per the direction of Ministry of HRD, UGC has
issued a circular letter
No.F.1-512006(SCT)
dated 19-11-2012 regarding The Central Educational
in
lnstitutions (Reservation Admission) Amendment
Act,2012 to all Universities for compliance and necessary
action as per the Gazette Notification No.33.
According to Para 3 of the aforesaid Act, the reservation
of seats in admission and its extent in a Central
Educational lnstitutions is to be provided in the following
manner, namely:-
Out of annual permitted strength in each branch of study
or faculty,lS% seats are to be reserved for Scheduled
Castes, 7.5o/o for Scheduled Tribes and 27o/o for Other
Backward Classes.
Tffitructions from time to time to all
38 UGC
Central Universities for (i) implementation of
Norms/rules/Guidelines
regarding SC/ST backlog SC/ST/PWD/OBC Reservation Policy of the Govt'/ UGC
appointment. (ii) strict compliance of reservation policy, (iii) display of
reservation roster on University website and (iv) filling up
of remaining identified backlog reserved vacancies of
these categories in teaching and non- teaching posts'
Vide letter No. F.1-33/2008(SCT) datedl O-1-2012,25-
6-2012 and 19-5-2014 and,No.F.1-15I2008(SCT)
dated 09-5-2013, D.O.No.1-8/2014(SCT) dated 17-6-
.2016.,-
201 4,04-9.20'1 5 and 30.1 1
39. Provide information UGC has issued clrcular to all the Universities/Deemed to
about the discrimination be Universities vide letters No.F.1-712011(SCT) dated
done to OBC, ST/SC & 19th July, 2011 on website www.uqc.ac.in.) and also a
other reservation D.O. letter dated 01 .03.2016 and 05.09'2016 to the Vice-
category by not Providing Chancellor of all Universities stating that
them they reservation
seat & scholarshiP (for (i) the officials/faculty members should desist from any
eg: government job, act of discrimination against Dalit students on grounds of
in
admission school their social oriqin.",0,1.000,-admission;-scholarship;-appointment;-reservation;-university;-degrees;-faculty;-students;-colleges;-courses;-educational;-roster
FAQs.pdf,6,"college etc) and what (ii) the University/lnstitute/College may develop a page
action has been taken by on their web-site for lodging such complaints of caste
the government of lndia discrimination by Dalit students and also place a
to step this Mal practices complaint register in the Registrar/Principal Office for the
(All over lndia in detail) purpose. lf any such incident comes to the notice of the
authorilies, action should be taken against the erring
official/faculty members promptly.
(iii) Senior Officers/faculty members, including liaison
Officer of the educational lnstitutions should keep a close
watch to ensure that such incidents do not occur at all.
Besides, this, they should be more sensitive whrle
dealing with incidents of caste discrimination.
40 What is a fact that
Government
is The UGC has been contributing towards social equity
considering to bear the and social economic mobility of the under privileged
entire expenses of sections of the society through special coaching
coaching for the student schemes in Universities and Colleges, the following
to
belonging reserved schemes as under:-
categories.
I .Remedial Coaching for SCiST/OBC (non-creamy tayer)
& Minorities Community Students
ll. Coaching for NET/SET for SC/ST/OBC (non-creamy
layer) & Minority Community Students
lll. Coaching Classes for entry in services for SCiST/OBC
(non-creamy layer) & Minority Community Students.
lV. Equal Opportunity Cells in Universities/Colleges.
41 What are the different Thefottowings@
schemes at Department '1. Higher Education for Persons with Special Needs.
of Higher Education for 2. Teacher Preparation in Special Education.
Persons With Disabilities 3. Visually Challenged Teachers
42 A a r n e d th e y w o e u bs r lt es of yours UGC has issued a letter to all universitG- iegarding to
associated make all government websites accessible / person witn
institutions are accessible disabilities vide this office letter No.6-7l2013(SCT)
for Persons with Different dated 05-03-2014.
Disabilities and follow
Guidelines for
lndia
Government
Websites
aGrGW).
43 What are the various TheCommissiontro@
f p o ol r ic y/facility/reservation the universities and deemed universities, the - po'iicy
overseas higher decisron, including reservation in admissions and
education for the welfare employment, of the Government of lndia pertaining to the
of Person with Different person with disabilities. ln addition and the guidelines
o Di f s abilities with support framed at the level of the Commission in thii regards
your have also been notified to all universitiei for
DepartmenVAssociated implementation. The Commission h?s also circulated the",0,1.000,-welfare;-reservation;-university;-faculty;-student;-students;-teacher;-teachers;-college;-colleges;-education;-educational;-higher education;-complaint
FAQs.pdf,7,"A
lnstltutlons disabilities equal opportunities protection ot rrgfrts ana tutt
participation Act, 1995 to the universities.
1.
The UGC has issued a letter to all universities
regarding full implementation of persons with Disabilities
Act, 1995 in universities and colleges and approved 3%
reservation for persons with disabilities in admission to all
the courses of study offered by universities and colleges
and 3% reservation for disabled people in jobs and also
decided that barrier free access for persons with
disabilities to the university, buildings, class rooms,
laboratories and toilets etc. be ensured vide this office
letter D.O. No.1'1-5195 (CPP-ll) (Vol-lll) dated 18-07-
2001.
2. The UGC has issued a letter to all universities
regarding use of computer by person with disabilities for
writing examination vide this office
letter
6.8.201 0(SCT/PWD) dated 27 to1 t2o1 1.
3. The UGC has issued a letter to all universities
regarding to make appropriate arrangements for medical
examination of students with disabilities seeking
admission against reserved seats vide this office letter
4 No . . 6 T -1 h /2 e 0 0 U 9 G (S C C T h /P a W s D is ) s u d e a d te a d 0 le 21 tt 0 e 2 r 1 2 t 0 o 1 1 a . ll universities
regarding to make appropriate arrangement for
evaluation of answer sheets of students having illegible
hand writing due to disability and have problem in speech
vide this office letter No.F.No.6-112011(SCT) dated
21t04t2011.
5. The UGC has issued a letter to all universities
regarding Fee waiver, free accommodation, food and
transport for student with disabilities vide this office letter
No.6-6/20 1 2(SCT) dated 261 1 012012.
6. all
The UGC has issued a letter to universities
regarding to EstablishmenUCreation of department of
lndian sign language in all the universities under UGC
and to start courses in sign language interpretation
thereafter vide this office letter No. .6-612012(SCT) dated
22t06t2012.
7.
UGC has issued a letter to all universities regarding
to consider giving the relaxation of 5% (i.e from 55% to
50%) of marks at Master's and 5% relaxation at graduate
level under the term of 'Good Academic Record par with
SC/ST candidates to the physically6 and visually
handicapped candidates for appointment as Principal,
Professor, Reader, Lecturer, Registrar, Dy. Registrar,
Assistant Registrar, Librarian, Dy. Librarian, Asstt.
of
Librarian, College Librarian, Director Physical
Education & Sports, Dy. Director of Physical Education
Sports, Asstt. Director of Physical Education & Sports
and Colleqe Director Phvsical Education & Sports vide",0,1.000,-admission;-examination;-academic;-appointment;-reservation;-medical;-university;-student;-students;-college;-colleges;-courses;-education
FAQs.pdf,8,".A
office letter No. 3-112000 (PS/PH) dated 19-03-2000.
8. The UGC has issued a letter to all universities
regarding 5o/o relaxation in marks at master's level for
physically handicapped persons for appearing at NET
examination vide this office letter No. 6-1t2002(Cpp-
ll)dated05-06-2002.
of all
Copies letters/ The UGC has issued a letter to all universities regarding
ci rcu la rs/i nstructions/ implementation of the reservation policy for person with
Orders etc from 1995 to disabilities in filling up of teaching and non teaching post
till date sent to in
all universities/colleges vide this office letter No. 6-
Universities in connection 1/201O(SCT) PWD dated 10-01-2012.
with the Disability Act for
appointment as Faculty
members
(Professor,
Associate
Professor,
Assistant Professor) for
disabled candidates for
full
participation
and
equal opportunity of
disabled provided in the
isability Act 1995.
Are all your
funding UGC has issued a letter to the universities to ensure
educational providing barrier free environment in the buildings which
institutions/bu ildin gs/dep would include provision of ramps, rails, lifts, adaplation of
artments/offices
are toilets for wheelchair user, brail signages and auditory
disabled friendly
accessible for Perso a n n s d 0 s 6 ig .0 n 1 a . l 2 s 0 , 0 ta 6 c ( t S il C e T f ) lo 3 o 0 r . i 0 n 8 g . 2 e 0 t 1 c 4 . . vide this office letter No.
with Different Disabitities.
Please furnish the details
Whether the employee UGC has issued a lettei to@
Teaching and
Non- clariflcation of granting similar status to the employees oi
Teaching staff appointed the centers for study of sociar exclusion and inclusive
in the Centre for Study of P-o-licy at par with the university employees vide this
Social Exclusion
and office letter No. F. 3-1 11}OO7(SCT) dated 11t}gt2}12
lnclusive Policy
are
permissible to avail the
following Leave:
Earned Leave, Medical
Leave,
Surrender of
Earned
leave,U.P.A. (Unearned
Leave on Pivate Affairs)
lncrement, L.T.C., & etc.
ls there any provision of The UGC has issued a tettEffi
free for
phys e ic d a u l c ly a tion a S-ygrele lourt judgment 26.03.2014, in Wp (Civit) No.
challenged 116 of 1998,-Justice Sunanda Bhandare Foundation V/s
student at University level Union of lndia & Anr, opined that even after lapse of
after attaining the age of lSyears since its inception, the pWD Act, 1995 is still to
18 years under Person pittt,and directed the",0,1.000,-leave;-examination;-appointment;-reservation;-medical;-university;-faculty;-student;-colleges;-educational
FAQs.pdf,9,"A ・
wlh Disabilly(PWD)Act, Central Government, State Governments and Union
1995. Territories to implement the provision of the Act positively
by the end of 2014. The Judgment is available on the
website of the Supreme Court.
Section 46 of the PWD Act cast an obligation on the
appropriate government to, inter alia, provide certain
facilities and services in public buildings to PWD's Article
9 (Accessibility of the UN Convention on the Rights of
Persons with Disabilities (UNCRPD) also says that PWDs
should have access, on an equal basis with others, to the
physical environment, to transportation, to information
and communication, including information and
communication technologies and systems, etc. vide this
office letter No. 6-1/2006(SCT)dated 30 August 2014.
48. Please refer to the OM The UGC has issued a letter to the Universlties regarding
issued by DoPT for the special recruitment drive to fi‖ up the vacancies for
filling up the backlog for persons with disab‖ities vide this office letter No. 6‐
the Person with 8/2015(SCT)dated 13-08-2015.
disabilities in May,2015 in
the compliance o the
order of the Apex Court
of lndia and
Please
provide me the no of the
Exrsting vacancies for
each kind of job
Posts
like group A,B& C for the
Person with Disabilities
and which kind
of
initiative has been taken
to fill up this backlog
vacancies for the Person
with disabilities and what
is the time limit to clear
this back log for the
Person with disabilities in
the compliance of the
Apex Court Order
49. Whether scribe facilitY is
permitted for visuallY 淵 驚澪:Ⅷ Ⅲ躙 t巴 晟黙
challenged
students
1::li棉L:路
:せ
:1ま 8門
pursuing for the above dated 01/05/2013
said courses while theY
are appearing for the
theory and
Practical
examination
50. Does UGC pay the salary The UGC does not pay the salary of the State University
and allowances of the teachers. The maintenance grants, including the salary of
State UniversitY the teaching and non teaching staff of the state
teachers? universities is paid by the State Government concerned'
The UGC provides General Development Assistance to
the State Universities which alqo include the compo",0,1.000,-recruitment;-examination;-university;-students;-teachers;-courses;-allowances
FAQs.pdf,10,"0 ^
@inted teaching staff subject to
the undertaking furnished by the state government
concerned to take over the liability of the post(s) after the
end of the plan period during which the posts have been
Commission.-
approved by the
ffites nor aPproves the teaching
51. How many teachers have
been approved bY the positions in the department of State Universities' The
UGC in the department of ieaching and non teaching posts in a state university are
xy in A universitY? created and maintained by the State Government
concerned. However, it is mandatory for the state
universities to follow the regulations on minimum
qualifications for the appointment of teachers prescribed
by the UGC from time to time.
52. Give me the details of The UGC adrnris tne expenditure incurred by the State
expenditure incurred bY universities in line with norms prescribed under the
A university against the Guidelines. The UGC does not seek the micro details of
grants paid by the UGC ? expenditure but the universities are required to submit the
accounts and utilization certificate, duly audited, covering
the broad heads of expenditure . All the state universities
are public authorities under section 2(h) of the RTI Act,
2005 and are bound to furnish any information sought by
qll!e!f!-&!-
any citizen within the ambit of section Z(0
53. What is the procedure to
the
avail salary for substitute Faculty Development Programme, following
teachers who are working documents are required. 1) Joining report of Teacher
in 2(f) I 12(B) colleges? Fellow with the signature of the Principal of Parent
College; 2) GovernmenU University order for the
appointment of substitute teacher, 3) NET/SET Certificate
copy, 4) PG Marks (Copy of marks card), 5) Monthly
Salary statement, 6) ln case the candidate does not have
necessary qualification as prescribed by UGC for
appointment of Assistant Professors, salary statement
should also carry the number of classes taken each
month. 7) Audited Utilisation Certificate for the salary
already paid.
Moreover, other institutional conditions will also be
applicable to release any funds from UGC. 1) No
schemes remaining unsettled from the college in previous
plan periods, 2) Valid PFMS registration and 3) Valid
NAAC/N BA Accreditation.
54. How do UGC fixes salary For substitute teachers appointed by the college who
for substitute teachers possess the eligibility and qualifications prescribed by
working under the UGC for Assistant Professor, salary is fixed in the
scheme
Faculty minimum pay scale prescribed for an Assistant Professor
Development Programme",0,1.000,-pay scale;-appointment;-university;-faculty;-teacher;-teachers;-college;-colleges;-programme
FAQs.pdf,11,"つ (with no increments).
・
Other candidate those who did not pass NETiSLET will
be eligible for Rs.1000/- per lecture as honorarium with a
maximum honorarium of Rs. 25,0001- per month. Also,
such substitute faculty members are not eligible to get
honorarium during the period of vacation.
55. Do UGC grant exemPtion Non―NET candidates are eligible to receive salary
from NET/SLET to prescribed for Assistant Professor as per UGC norms
| ons
PhDノMPhil degree Only r his Ph.D.is in funlment Of the followina COnd面
holders? as o市en in the latest requlation(4th Amendment of 2010
Refer to websle for details).Futther, the candidete
should have registered for PhE)prior to l 1/」 ul/2009.
(a)Ph.D degree of the Candidate awarded in
regular mode onlyl
(b)Evalualon of the Ph.D.thesis by at least two
external exanlinersi
papers
(c) Candidate had published two research
journal
out of which at least one in a refereed I
work'; I
from out of his/her Ph.D.
I
rn
(d) The candidate had presented two papers I
seminars/conferences from out of his/her Ph'D' I
work; I
I
(e) Open Ph.D. viva-voce of the candidate had l
been conducted.
Conditions (a) to (e) as above are to be certified by the
Vice-chancellor/ Pro-Vice-chancellor/ Dean (Academic
Affairs)/ Dean (University lnstructions)
There is no exemption to MPhil Degree holders from the
requirement of NET/SLET after 11th July, 2009, for
appointmenttothepostofAssistantProfessor.Please
refer to clause 3 of UGC (Minimum Qualifications for
AppointmentofTeachersandotherAcademicStaffin
for
Universities and Colleges and Measures the
Maintenance of Standards in Higher Education) (4th
Amendment), Regulations, 2016 for details'",0,1.000,-academic;-university;-degree;-faculty;-colleges;-education;-higher education;-research
FAQs.pdf,12,"earned
I am- substitute teacher νrebsite
working under FIP leave FDP guide‖ne para 6 2 avaHable in UGC
vacancy. Am I eligible for OG面
Earned Leave? Please 甘i:〃赫 ucc ttn10df∝ Wダ￢ 側 鋤 ""FDR
detail the Provisions of Ш )9iVe the detans Ofleave ruleS
leave for substitute",0,0.825,-leave;-teacher;-vacancy
FinalCivilList01092026.pdf,0,"S. Name of the Date of Date of Batch Year Date of
No Officer Birth Apptt. in Appointment to
(S/Shri/Ms.) ICoAS present Grade Present place of posting & Date Photo
CHIEF ADVISER (COST) (APEX SCALE: Level 17: Rs. 225,000 - Fixed)
Anand Kumar O/o Chief
1 13.07.1970 02.03.1998 1997 10.04.2026 10.04.2026
Pal Adviser Cost
ADDITIONAL CHIEF ADVISER (COST) (HAG+ : Level 16 : Rs. 205,400-224,400)
Amardeep
D/o Public
2 Singh 28.11.1968 27.08.1997 1997 01.01.2026 15.06.2023
Enterprises
Chowdhary
O/o Chief
3 Mithlesh 1 2 .03.1968 24.09.1997 1997 11.05.2026 (A/N) 11.05.2026 (A/N)
Adviser Cost
PRINCIPAL ADVISER (COST) (HAG : Level 15: Rs. 182,200-224,100)
D/o Chemicals &
4 G. Venkatesh* 07.07.1974 18.08.1997 1997 30.09.2024 (A/N) 20.04.2026 (A/N)
Petrochemicals
M/o Defence,
Singh Veer Department of
5 21.03.1972 05.08.1997 1997 07.02.2025 07.02.2025
Pratap Defence
Production
6 M.K. Sahoo 0 5.07.1968 15.07.1999 1998 27.01.2025 D/o Expenditure 15.03.2022
M/o Road
Sudhir Kumar
7 18.05.1967 03.02.1999 1998 13.05.2026 Transport & 13.05.2026
Jaiswal
Highways
Ministry of
Ghanshyam
8 29.02.1968 24.03.1999 1998 15.05.2026 Defence 15.05.2026
Sahu
(Finance)
ADVISER (COST) (SAG: Level 14: Rs.144,200 -218,200)
Ministry of
Manmohan
9 21.11.1970 05.02.1999 1998 01.02.2022 Defence 01.06.2022
Kaur
(Finance)
O/o Chief
10 Rajesh Yadav 29.01.1971 24.02.1999 1998 24.01.2022(A/N) 01.12.2023
Adviser Cost
11 Sanjay Kumar 15.01.1972 17.08.1999 1998 31.01.2022 (A/N) D/o Fertilizers 31.01.2022
D/o Consumer
12 Shashi Bhushan 30.08.1973 17.08.1999 1998 01.02.2022 01.02.2022
Affairs",0,0.750,-posting;-appointment
FinalCivilList01092026.pdf,1,"13 P.K. Saha 01.03.1967 05.04.1999 1998 25.11.2022 DIPAM 15.01.2024
DGTR,
14 K.K. Mahawar 10.07.1973 26.03.1999 1998 21.06.2022 Department of 28.02.2025
Commerce
Rajiv NPPA
15 13.08.1968 10.05.2002 2002 21.06.2022 01.06.2026
Wadhawan
Ministry of
Manish
16 28.07.1970 15.07.2002 2002 02.12.2022 Defence 10.01.2025
Goswami
(Finance)
D/o Economic
17 Chunilal Ghosh 01.04.1974 26.06.2008 2008 14.07.2025 14.07.2025 (A/N)
Affairs
Rajesh K. O/o Chief
18 30.01.1967 03.06.2008 2008 14.07.2025 27.06.2025
Agrawal Adviser Cost
M/o Health &
19 Lalit Wadhwa 02.08.1972 13.05.2008 2008 14.07.2025 11.08.2025
Family Welfare
DGTR,
Suraj Kumar
20 14.09.1978 04.06.2008 2008 14.07.2025 Department of 14.01.2025
Pradhan
Commerce
O/o Chief
21 Vijay Kumar 10.09.1979 06.06.2008 2008 14.07.2025 06.11.2023
Adviser Cost
22 Anu Kukreja 09.05.1973 19.01.2009 2009 12.05.2026 D/o Posts 12.05.2026
D/o Food &
Gurpreet Singh
23 30.03.1973 13.03.2009 2009 01.07.2026 Public 01.07.2026
Anand
Distribution
Ministry of
Makarand
24 09.04.1969 10.08.2009 2009 10.08.2026 Defence (Finance 10.08.2026
Phadke
Division)
DIRECTOR (COST) (JAG/NFSG: Level 13: Rs.123,100-215,900)
Shiv Shankar
25 15.07.1978 11.03.2010 2010 01.01.2023 NFRA 31.10.2025(A/N)
Ojha*
CGST Audit -
26 Sujoy Mitra 10.11.1976 22.03.2010 2010 01.01.2023 05.12.2023
Kolkata I
Ratn Kumar SFIO, M/o
27 27.06.1977 08.03.2010 2010 01.01.2023 04.06.2024
Khatwani* Corporate Affairs
Arun Kumar M/o Heavy
28 31.08.1972 19.03.2010 2010 01.01.2023 01.06.2022
Diwan Industries
M/o Health &
29 Bharti Sahai 04.01.1973 15.03.2010 2010 01.01.2023 02.02.2024
Family Welfare
Delhi
Rakesh Kakkar
30 31.05.1975 19.03.2010 2010 01.01.2023 Development 03.10.2023
*
Authority",0,0.625,-welfare
FinalCivilList01092026.pdf,4,"68 Mahesh Kumar 10.07.1986 19.12.2016 2016 01.01.2026 D/o Expenditure 17.12.2020
DGTR,
Prakash
69 01.02.1987 06.01.2017 2016 22.04.2026 Department of 22.04.2026
Hemani
Commerce
DEPUTY DIRECTOR (COST) (SENIOR TIME SCALE: Level 11; Rs.67,700 - 208,700)
70 Deepak Garg 27.03.1992 21.03.2017 2017 24.11.2021 NPPA 01.01.2026
Devanshi CAB, M/o
71 16.11.1991 22.02.2017 2017 16.11.2021 30.12.2022
Agarwal Corporate Affairs
O/o Chief
72 Neha Jain 01.03.1989 16.02.2017 2017 17.11.2021 01.07.2026
Adviser Cost
Bhupendra M/o Housing &
73 15.04.1990 10.02.2017 2017 28.12.2021 14.07.2025
Goyal Urban Affairs
CGST Audit -
74 Sumit Agrawal 12.11.1989 22.06.2017 2017 16.11.2021 18.08.2023
Jaipur
75 Kanav Dua 20.07.1990 06.03.2017 2017 16.11.2021 D/o Expenditure 07.01.2026
A.V. Siva
Vishakhapatnam
76 Prasada Reddy 29.05.1991 17.03.2017 2017 17.11.2021 08.07.2024
SEZ
*
FICC, D/o
77 Gori Shankar 21.07.1991 06.03.2017 2017 16.11.2021 25.04.2022
Fertilizers
78 Rajesh Garg 19.08.1989 15.03.2017 2017 17.11.2021 D/o Expenditure 07.07.2025
Ministry of Home
79 Aayush Bansal 10.10.1989 30.06.2017 2017 16.11.2021 14.07.2025 (A/N)
Affairs
Kalyansundari CGST Audit -
80 15.08.1993 17.04.2017 2017 31.12.2021 31.12.2021
R Coimbatore
O/o Chief
81 B Machendar 20.06.1987 13.02.2017 2017 30.12.2021 09.10.2025
Adviser Cost
D/o Food &
Public
Jay Prakash Distribution
82 25.03.1989 17.05.2017 2017 10.12.2021 27.07.2022
Ray (persuing study
course w.e.f.
28.07.2025)
Govt. Opium &
Ranganath
83 20.05.1984 03.04.2017 2017 29.12.2021 Alkaloid Factory- 06.04.2026
Audam
Ghazipur
PF(States)
Rahul
84 01.09.1989 01.03.2017 2017 06.12.2021 Division, D/o 06.07.2023
Chaurasia
Expenditure",0,0.600,-course
FinalCivilList01092026.pdf,7,"CGST Audit -
122 Arun P 26.02.1991 14.12.2023 2023 14.12.2023 14.12.2023
Bengaluru
CGST Audit -
123 Jithindas A H 06.05.1985 20.11.2023 2023 20.11.2023 20.11.2023
Kochi
Danish D/o Public
124 12.07.1990 23.01.2024 2023 23.01.2024 23.01.2024
Sulemani Enterprises
D/o Agriculture
125 Pawan Kumar 18.03.1997 30.11.2023 2023 30.11.2023 30.11.2023
& FW
D/o Higher
126 Suman Shaw 21.08.1992 07.12.2023 2023 07.12.2023 07.12.2023
Education
Mode Nagaraj CGST Audit -
127 20.10.1993 15.11.2023 2023 15.11.2023 15.11.2023
Naik Chennai-II
Dharamveer D/o Public
128 06.02.1986 14.11.2023 2023 14.11.2023 14.11.2023
Singh Enterprises
CGST Audit -
129 Muaz Arif 25.03.1999 30.06.2025 2025 30.06.2025 30.06.2025
Lucknow
Ravi Shankar CGST Audit -
130 03.12.2001 30.06.2025 2025 30.06.2025 30.06.2025
Sawadia Raipur
CGST Audit -
131 Vishesh Singla 14.01.1995 26.06.2025 2025 26.06.2025 26.06.2025
Panchkula
D/o Food &
Gaurang Kumar
132 20.08.1997 27.06.2025 2025 27.06.2025 Public 27.06.2025
Agarwal
Distribution
CGST Audit -
133 Ramesh Goyal 21.09.1990 01.07.2025 2025 01.07.2025 01.07.2025
Chandigarh
134 Himalaya Garg 05.02.1996 30.06.2025 2025 30.06.2025 D/o Expenditure 26.06.2026
Ministry of
135 Hemant Pareek 25.02.1995 17.07.2025 2025 17.07.2025 Health & Family 17.07.2025
Welfare
Office of CAC
136 Lavee Goyal 21.02.1999 30.06.2025 2025 30.06.2025 30.06.2025
(DoE)
Durga V Naval Dockyard -
137 30.06.1991 11.07.2025 2025 11.07.2025 11.07.2025
Nookaji Palaka Vizag
Pournami G CGST Audit -
138 09.08.1999 30.06.2025 2025 30.06.2025 30.06.2025
Panicker Bengaluru II
D/o Economic
139 Amit Mangal 25.07.1994 27.06.2025 2025 27.06.2025 27.06.2025
Affairs
CGST Audit -
140 Gautam Bagaria 06.09.1996 27.06.2025 2025 27.06.2025 27.06.2025
Kanpur",0,0.700,-welfare;-education
FinalCivilList01092026.pdf,9,"CGST Audit -
160 Rohit Badaik 08.09.1993 17.07.2025 2025 17.07.2025 17.07.2026
Ranchi
161 Mayur Panwar 13.11.1998 15.07.2025 2025 15.07.2025 NPPA 15.07.2025
Dipak Kumar CGST Audit -
162 05.01.1994 26.06.2025 2025 26.06.2025 26.06.2025
Jha Patna
* Officers on deputation/ex-cadre.
While all efforts have been made to make this database as authentic as possible, the O/o CAC or the National Informatics Centre will not be responsible for any loss to
any person caused by any shortcoming, defect or inaccuracy in the information available on the Website. Any discrepancy found may be brought to the
notice of the O/o CAC.",0,0.775,-deputation;-cadre
GKRY.pdf,0,"NO.31/11/2020-EO(MM-I)
Government of India
Department of Personnel & Training
(Office of the Establishment Officer)
North Block, New Delhi,
Dated the 23rd of June, 2020
OFFICE MEMORANDUM
Subject: Garib Kalyan Rojgar Abhiyaan: from 20th June 2020- Appointment of
Nodal Officers -reg.
The undersigned is directed to refer to the abovementioned subject and to state that the
officers of Government of India, as per annexed list, are hereby appointed as Central Nodal
officers, for coordinating the efforts of the Centre, State and the district in achieving the objectives
of the ""Garib Kalyan Rojgar Abhiyaan (GKRA)"" in identified Districts during the period of the
Abhiyaan. (The list of nodal officers indicating their State and districts is enclosed at Annexure-I).
2 The Nodal officers will work in close collaboration with the State Government officials
and the District Magistrates/Collectors/Deputy Commissioners as per the guidelines of the
Abhiyaan, being issued by the Department of Rural Development separately. It may be
noted that the Nodal Officers would be required to discharge their duties through VC's,
Digital Maps etc., details of which may be confirmed from the Department of Rural
Development.
3. In this regard, a workshop through videoconferencing is being organised on
26.06.2020, at 11 AM which will be addressed by the Secretary, Rural Development
andSecretaries of concerned Ministries/departments. All nodal officers are required to attend the
Workshop in which the tasks involved will be explained in detail. A VC link will be emailed.
4. For any clarification, they may contact the central coordinator of the Abhiyaan, Shri
Rohit Kumar, Joint Secretary (RE), Department of Rural Development (Tel: 23383553; email:
gkra-mord@gov.in)
,
5. Nodal officers are required to share their contact details including landline, fax, mobile &
Whatsapp numbers, email id, immediately email to gkra-mord@gov.in for facilitating
subsequent communication.
(Sriniva . Katikithala)
Establishment Officer and dltlonal Secretary
To
1. All Secretaries to Government of India (as per list attached)
2. All Chief Secretaries of the State Governments (as per list attached)",0,0.750,-appointment;-annexure;-establishment officer;+office-memorandum
GKRY.pdf,1,"List of JS Selected for Monitoring of Garib Kalyan Rojgar Abhiyaan(GKRA)
Sl.No. Name Designation Ministry Department Organisation State District
1 Rajbir Singh Panwar Joint Secretary M/o Agriculture & Farmers Welfare D/o Agriculture, Cooperation & Bihar East Champaran
Farmers Welfare
2 Preeta Verma CEO M/o Micro Small & Medium Khadi & Village Industries Bihar Katihar
Enterprises Commission (KVIC)
3 Alok Kumar Adviser NITI Aayog Bihar Madhubani
4 Atish Chandra Joint Secretary M/o Agriculture & Farmers Welfare D/o Agriculture, Cooperation & Bihar Gaya
Farmers Welfare
5 Richa Sharma Joint Secretary M/o Environment, Forest & Climate Bihar West Champaran
Change
6 Srikar R. Reddy OSD M/o Commerce & Industry D/o Commerce Bihar Darbhanga
7 Vennelaganti Radha Joint Secretary M/o Commerce & Industry Department For Promotion of Bihar Araria
Industry and Internal Trade
8 Amar Nath Joint Secretary M/o Petroleum & Natural Gas Bihar Muzaffarpur
9 Keshav Chandra Joint Secretary M/o Commerce & Industry D/o Commerce Bihar Purnia
10 Saurabh Endley Joint Secretary M/o Development of North Eastern Bihar Saran
Region
11 Darpan Jain Joint Secretary M/o Commerce & Industry D/o Commerce Bihar Rohtas
12 Sunil Kumar Joint Secretary M/o Science & Technology D/o Science & Technology Bihar Samatipur
13 Vipin Kumar Joint Secretary M/o Human Resources Dev D/o School Edu & Literacy Bihar Banka
14 Minhaj Alam Joint Secretary M/o Food Processing Industries Bihar Khagaria
15 Umakant Joint Secretary M/o Rural Dev D/o Land Resources Bihar Begusarai
16 Richa Bagla Joint Secretary D/o Atomic Energy Bihar Supaul
17 Baldeo Purushartha Joint Secretary M/o Finance D/o Economic Affairs Bihar Bhagalpur
18 Praveen Mahto Economic Adviser M/o Commerce & Industry D/o Commerce Bihar Saharsa
19 Ajay Shrivastav Economic Adviser M/o Commerce & Industry D/o Commerce Bihar Aurangabad
20 RK Chandolia Economic Adviser M/o External Affairs Bihar Buxar
21 Bharat Bhsahan DDG, Labour M/o Labour Labour Bureau Bihar Vaishali
Bureau
22 Madhu Ranjan Kumar Joint Secretary M/o Human Resource Development D/o Higher Education Bihar Kishanganj
23 Rambir Singh Joint Secretary M/o Development of North Eastern Bihar Madhepura
Region
24 Bhabani Prasad Pati Joint Secretary M/o Coal Bihar Sitamarhi
25 Vikram Sahay Joint Secretary M/o Information & Broadcasting Bihar Bhojpur
26 Kashi Nath Jha Joint Secretary M/o Chemicals & Fertilizers D/o Chemicals & Petro Bihar Siwan
Chemicals
27 Sunil Kumar Joint Secretary M/o Petroleum & Natural Gas Bihar Patna
28 Nigar Fatima Husain Joint Secretary M/o Minority Affairs Bihar Nalanda
29 B. N. Reddy Joint Secretary M/o Petroleum & Natural Gas Bihar Gopalganj
30 Anant Swarup Joint Secretary M/o Commerce & Industry D/o Commerce Bihar Jamui
31 Nita Kejrewal Joint Secretary M/o Rural Dev D/o Rural Development Bihar Nawada
32 Sagar Mehra Joint Secretary M/o Agriculture & Farmers Welfare D/o Fisheries Bihar Kaimur
33 Kamlesh Chaturvedi Joint Secretary M/o Road Transport & Highways Madhya BALAGHAT
Pradesh
34 Anil Kumar Agrawal Joint Secretary M/o Commerce & Industry Department For Promotion of Madhya JHABUA
Industry and Internal Trade Pradesh
35 Om Prakash Chaudhary Joint Secretary Ministry of Fisheries, Animal Department of Animal Madhya TIKAMGARH
Husbandry and Dairying Husbandry and Dairying Pradesh
36 Charanjit Singh Joint Secretary M/o Rural Dev D/o Rural Development Madhya CHHATARPUR
Pradesh
37 Asit Gopal Chairman M/o Tribal Affairs National Scheduled Tribes Madhya REWA
Finance and Development Pradesh
Corporation
38 Sanjay Rastogi Development M/o Textiles O/o Development Madhya SATNA
Commissioner Commissioner (Handlooms) Pradesh
(Handlooms)
39 Kailash Chand Gupta Joint Secretary M/o Skill Development & Madhya SAGAR
Entrepreneurship Pradesh
40 Vivek Kumar Dewangan Joint Secretary M/o Power Madhya PANNA
Pradesh
41 Vivek Aggarwal Joint Secretary M/o Agriculture & Farmers Welfare D/o Agriculture, Cooperation & Madhya BHIND
Farmers Welfare Pradesh
42 Hari Ranjan Rao Joint Secretary M/o Communications Department of Madhya ALIRAJPUR
Telecommunications (DoT) Pradesh
43 Bindu Sharma CMD M/o Textiles HHEC & CC Madhya BETUL
Pradesh
44 Pradeep Kumar Deputy Director M/o Electronics & Information UIDAI Madhya KHANDWA
General Technology Pradesh
45 Bijay Kumar Singh Executive Director M/o Consumer Affairs, Food & Public Food Corporation of India Madhya SHAHDOL
Distribution Pradesh
46 N B S Rajput Joint Secretary M/o Personnel, Public Grievances & D/o Administrative Reforms & Madhya DHAR
Pensions Public Grievances Pradesh
47 Manmeet Kaur Nanda Joint Secretary M/o Commerce & Industry Department For Promotion of Madhya DINDORI
Industry and Internal Trade Pradesh
48 Navneet Mohan Kothari Joint Secretary M/o Petroleum & Natural Gas Madhya KATNI
Pradesh
49 Nandita Gupta Joint Secretary M/o Consumer Affairs, Food & Public D/o Food & Public Distribution Madhya CHHINDWARA
Distribution Pradesh
50 Agrim Kaushal Economic Adviser Ministry of Heavy Industries & Public Department of Public Madhya SEONI
Enterprises Enterprises Pradesh
51 Gettu Joshi Economic Adviser Ministry of Power Central Electricity Madhya MANDLA
Regulatory Commission Pradesh
52 Dinesh Kapila EA Ministry of Housing & Urban Affairs Madhya KHARGONE
Pradesh",0,0.950,-promotion;-welfare;-education;-higher education
GKRY.pdf,2,"Sl.No. Name Designation Ministry Department Organisation State District
53 Shyam Sunder Dubey Joint Secretary M/o Housing and Urban Affairs Madhya SHIVPURI
Pradesh
54 Neeta Prasad Joint Secretary M/o Human Resources Dev D/o Higher Education Madhya BARWANI
Pradesh
55 Surendra Kumar Ahirwar Joint Secretary M/o Commerce & Industry D/o Commerce Madhya SIDHI
Pradesh
56 Naval Jit Kapoor Joint Secretary M/o Tribal Affairs Madhya SINGRAULI
Pradesh
57 Namita Jashwantrao Joint Secretary M/o Agriculture & Farmers Welfare D/o Agriculture, Cooperation & Rajasthan PALI
Priyadarshee Farmers Welfare
58 Samir kumar Joint Secretary M/o Jal Shakti Rajasthan UDAIPUR
59 Tanmay Kumar Joint Secretary M/o Power Rajasthan JAIPUR
60 Ram Prasad Meena Joint Secretary M/o Social Justice & Empowerment D/o Social Justice & Rajasthan NAGAUR
Empowerment
61 Alok Member (Admin) M/o Road Transport & Highways NHAI Rajasthan SIROHI
62 Sunil Paliwal CMD M/o Shipping Kamarajar Port Limited Rajasthan DUNGARPUR
63 Pushpendra Rajput Additional M/o Personnel Public Grievances & UPSC Rajasthan SIKAR
Secretary Pension
64 Ashok Kumar Singh Executive Director M/o Jal Shakti D/o Water Resources, River NCMC Rajasthan RAJSAMAND
Development & Ganga
Rejuvenation
65 Rajendra Ratnoo Joint Secretary M/o Commerce & Industry Department For Promotion of Rajasthan BARMER
Industry and Internal Trade
66 Priyank Bharti Joint Secretary M/o Road Transport & Highways Rajasthan CHITTORGARH
67 Saurabh Gaur Joint Secretary M/o Electronics & Information Rajasthan ALWAR
Technology
68 Alok Chandra Economic Adviser M/o Mines Rajasthan KARAULI
69 Navneet Gupta Joint Secretary M/o Communications Department of Rajasthan BIKANER
Telecommunications (DoT)
70 Vimalendra Anand Jt Secy & F A M/o Civil Aviation Rajasthan JODHPUR
Patwardhan
71 Gurveen Sidhu Joint Secretary M/o Chemicals & Fertilizers D/o Fertilizers Rajasthan BHILWARA
72 Mukta Shekhar Joint Secretary M/o Consumer Affairs, Food & Public D/o Food & Public Distribution Rajasthan BHARATPUR
Distribution
73 Yatinder Prasad Jt Secy & F A M/o Tribal Affairs Rajasthan BANSWARA
74 Sukriti Likhi Joint Secretary M/o Heavy Industries & Public D/o Heavy Industry Rajasthan AJMER
Enterprises
75 Neerja Sekhar Joint Secretary M/o Information & Broadcasting Rajasthan HANUMANGARH
76 Sajjan Singh Yadav Joint Secretary M/o Women & Child Development Rajasthan CHURU
77 Bhanu Pratap Yadav Joint Secretary M/o New & Renewable Energy Rajasthan JHUNJHUNU
78 Vineet Mathur Joint Secretary M/o Consumer Affairs, Food & Public D/o Consumer Affairs Rajasthan JALORE
Distribution
79 Neerja Adidam Managing M/o Agriculture & Farmers D/o Agriculture, National Food Secutiry Uttar Siddharth Nagar
Director Welfare Cooperation & Farmers Management Pradesh
Welfare
80 Biswajit Banerjee Joint Secretary M/o Rural Dev D/o Rural Development Uttar Basti
Pradesh
81 Anuradha Vemuri Joint Secretary M/o Skill Development & Uttar Gonda
Entrepreneurship Pradesh
82 Rakesh Kumar Verma Joint Secretary M/o Tourism Uttar Maharajganj
Pradesh
83 Ajay Tewari Joint Secretary M/o Labour & Employment Uttar Bahraich
Pradesh
84 Leena Johri Joint Secretary M/o Rural Dev D/o Rural Development Uttar Sitapur
Pradesh
85 Amit Kumar Ghosh Joint Secretary M/o Road Transport & Highways Uttar Jaunpur
Pradesh
86 Partha Sarthi Sensharma Joint Secretary M/o Chemicals & Fertilizers D/o Fertilizers Uttar Hardoi
Pradesh
87 Abhishek Singh CEO M/o Electronics & Information My Gov. Uttar Azamgarh
Technology Pradesh
88 Ashish Kr Goel Joint Secretary M/o Rural Dev D/o Rural Development Uttar Prayagraj
Pradesh
89 Santosh Kumar Yadav Joint Secretary M/o Human Resources Dev D/o School Edu & Literacy Uttar Gorakhpur
Pradesh
90 Amrit Abhijat Joint Secretary M/o Housing and Urban Affairs Uttar Sultanpur
Pradesh
91 Mritunjay Kumar Narayan Joint Secretary M/o Power Uttar Kushi Nagar
Pradesh
92 Sanjay Kumar Joint Secretary M/o Housing and Urban Affairs Uttar Sant Kabir Nagar
Pradesh
93 Satinder Pal Singh Joint Secretary M/o Shipping Uttar Banda
Pradesh
94 Alok Prem Nagar Joint Secretary M/o Panchayati Raj Uttar Ambedkar Nagar
Pradesh
95 Nitishwar Kumar Joint Secretary Ministry of Jal Shakti Department of Water Uttar Balrampur
Resources, River Pradesh
Development and Ganga
Rejuvenation
96 Shyamal Misra Joint Secretary M/o Commerce & Industry D/o Commerce Uttar Varanasi
Pradesh
97 Puneet Kansal Joint Secretary M/o Steel Uttar Ghazipur
Pradesh",0,1.000,-promotion;-welfare;-pension;-education;-higher education
GKRY.pdf,3,"Sl.No. Name Designation Ministry Department Organisation State District
98 Maneesh Garg Joint Secretary M/o Human Resources Dev D/o School Edu & Literacy Uttar Pratapgarh
Pradesh
99 Kamini Chauhan Ratan Joint Secretary M/o Human Resources Dev D/o Higher Education Uttar Rae Bareli
Pradesh
100 Subodh Kumar Singh Joint Secretary M/o Consumer Affairs, Food & D/o Food & Public Uttar Ayodhya
Public Distribution Distribution Pradesh
101 Manish Thakur Joint Secretary M/o Housing and Urban Affairs Uttar Deoria
Pradesh
102 Navdeep Rinwa Joint Secretary M/o Chemicals & Fertilizers D/o Pharmaceuticals Uttar Amethi
Pradesh
103 Ravinder Joint Secretary M/o Commerce & Industry Department For Promotion Uttar Lakhimpur Kheri
of Industry and Internal Pradesh
Trade
104 Subodh Yadav Joint Secretary Ministry of Jal Shakti Department of Water Uttar Unnao
Resources, River Pradesh
Development and Ganga
Rejuvenation
105 Diwakar Nath Misra Joint Secretary M/o Commerce & Industry D/o Commerce Uttar Shrawasti
Pradesh
106 Alaknanda Dayal Joint Secretary M/o Agriculture & Farmers D/o Agriculture, Uttar Fatehpur
Welfare Cooperation & Farmers Pradesh
Welfare
107 Nidhi Mani Tripathi Joint Secretary M/o Commerce & Industry D/o Commerce Uttar Mirzapur
Pradesh
108 Alka Nangia Arora Joint Secretary M/o Micro, Small & Medium Uttar Jalaun
Enterprises Pradesh
109 Suchindra Misra Joint Secretary M/o Finance D/o Financial Services Uttar Kaushambi
Pradesh
110 Usha Padhee Joint Secretary M/o Civil Aviation Odisha Ganjam
111 Jogiranjan Panigrahi Joint Secretary M/o Textiles Odisha Balasore
112 Vismita Tej Joint Secretary M/o Coal Odisha Bolangir
113 Sanjukta Mudgal Joint Secretary M/o Culture Odisha Bhadrak
114 Surendra Singh Joint Secretary M/o Social Justice & D/o Social Justice & Jharkhand Giridih
Empowerment Empowerment
115 Satendra Singh Joint Secretary M/o Mines Jharkhand Hazaribagh
116 Kunal Kumar Joint Secretary M/o Housing and Urban Affairs Jharkhand Godda",0,0.950,-promotion;-welfare;-education;-higher education
GeM_through_PFMS_non_PFMS_Agencies_Entities_NPAE_reg_1_0.pdf,0,"No. F.6/1812019.PPD
Government of lndia
Ministry of Finance
Department of Expenditure
Procurement Policy Division
512, Lok Nayak Bhawan, Khan Market,
New Delhi Dated the 29th December,2020.
OFFICE MEMORANDUM
Subject:
Procedures for payments for Goods/ Services to Sellers/ Service
Providers in Government e- Marketplace (GeM) - through PFMS
and by non- PFMS Agencies/ Entities (NpAE) -- reg.
Ref:
OM No. 611812019-PPD dated 23.01.2020 on the subject above.
Kind attention is invited towards para 7 A (iv) of above referred Office
Memorandum (copy enclosed) vide which provision of blocking of funds had been
stipulated for ensuring availability of funds in appropriate l'read at the time of
placement of Orders and to ensure timely payments to sellers/vendors. This
Department is in receipt of references made from various Ministries/ Departments
with respect to issues faced by them in the optimum utilization of available funds due
to said provision for blocking of funds.
2.
ln order to alleviate the operational issues as well as to ensure optimum
utilization of available funds, the following additions are being made in para 7A (iv) of
this department's OM No. 6/1 812019-PPD dated 23.01.2020.
a)
The provision of fund blocking equivalent to full contract value is
applicable only for contracts with delivery periods of up to 20 days. For
contracts with longer delivery periods, fund blocking of appropriate
amounts shall be initiated at a date 20 days prior to expected delivery
date or on the date of invoice generation by the Seller in GeM
whichever is earlier. In case of non-availability of required funds at that
point of time, both buyer and seller shall be alerted, and the Buyer, the
HoD, the DDO/ PAO and finally upto AS&FA of concerned
Ministry/Department shall be alerted by email and SMS by GeM. On
failure in making available the required funds in the appropriate head of
account within 10 days, seller has right to decline supply and to seek
contract cancellation without any administrative action against the
seller. Also, in such a case, any delay in delivery by the seller wil! also
become exempt from the provision of Liquidated Damages.
b) Functionality to un-block the blocked funds in exceptional cases/
emergency cases with some validations: Head of Department (HoD) of
the organization on GeM can unblock certain % of blocked funds of a
contract (may be upto 100%) with the approval of associated finance of
the Ministry/Department or the CPSE in exceptional cases/ emergency
cases after giving a clear undertaking that he wil! ensure timely",1,1.000,+procurement;+procurement policy;+gem;+liquidated damages;+vendors;+contract;+contracts;+gem-portal;+office-memorandum
LogoReport.pdf,0,"An Emblem Symbolising The Future
Background
It was something that Prime Minister, Shri Atal BehariVajpayee, said during his speech on the occasion of theinitiation of the University Grants Commission (UGC) GoldenJubilee Year on 28 December 2002 that sparked off the ideaof revisiting the old UGC logo. In his speech, Shri Vajpayeespoke of the need to take a fresh look at the UGC Act, 1956in the light of the new challenges for the education sectoremerging in the twenty-first century. He also suggested thatthe Commission could consider changing its name to the`University Education Development Commission”. This nametruly captures the changed role of the UGC in recent years.
Traditionally, UGC was entrusted with the task of coordination,formulation and maintenance of the standards of universityeducation. To this end, it engaged itself in, among otherthings, framing regulations on minimum standards ofeducation, determining standards of teaching, examinationand research in universities, monitoring developments in thefield of collegiate and university education, disbursing grantsto universities and colleges and setting up common facilities,services and programmes for a group of universities in theform of Inter-University Centres.
However, the higher education scenario has changedsignificantly over the years. The sector is now standing ata crossroads and is faced with multifarious challenges arisingfrom the exponential growth of higher education in the post-independence era, the changing global education scenario,changes in the global as well as domestic economy as wellas social and political changes. The five key issues facingthe higher education sector today are: access and equity;relevance; quality and excellence; governance; and resources.Addressing these issues requires innovative approachesand this is something the UGC has been attempting in asignificant manner over the last few years.
To increase access to education in the face of cripplingresource constraints, the UGC has been attempting totranscend geographical barriers by bringing about a synergybetween the conventional system of education and distance
An Emblem Symbolising
The Future
1
University Grants Commission
New Delhi",0,0.950,-university;-colleges;-education;-higher education;-research
LogoReport.pdf,1,"An Emblem Symbolising The Future An Emblem Symbolising The Future
education. It is also working actively to leverage informationtechnology in a big way to help it in qthuias littays ek,d wucitaht ipolna.n Ks ntoolwinlekd aglel uisn liivkeer sbiotitehs l igehlet catnrodn sicoaulnlyd .iLnik ae lpighhats, eitd e mnlaignhnteenr.s and empowers the individual andsociety as a whole, enabling them to overcome limitationsimposed by nature. And like sound, which seeps in throughthe most impermeable of barriers, knowledge cannot bestopped or barred in any way.
Acknowledging that education cannot remain isolated fromthe requirements of the job market, Tthhee U cGhaCk irsa aitnte tmhep tlionggoto staymkeb sotleispess t oth ien cIrnedaiasen tnhaet ieomn.p Ilotsytawbeinlittyy- foofu sr tsupdoeknetss raenpdreesnecnot uthrea gcionngt inuunoivuesr asnitdie usn tion temrrouvpete, dafslo twh eo fr eesdtu ocaf ttihoen , wwohrilcdhh aiss t rduolyn ae ,li ffer-olomn gth pero ccoerses .t Teahech liinnegs-bleealornwi nthge p crhoackersas p toor traakyn aonw loepdegne -blionokke,d t hleea urnltiimnga tper oscyemsbso. lOofn lee aorfn tihneg .a Tphper oraeclehveasnbceei nogf baodookpste hda iss ntoo tc doilmlapinsiseh tehde ebvaerrnieinr st hbise tpwaepeenr ldeisssc ieprlian eosf aen-lde aarlnloinwgin agn sdt uodnelinntes etod upcuarstiuoen .a T phreolfiensessi oanrael daelsgore sey amlobnogliwc itohf tah epiar ira coaf dheamnidcs ,o nbee.c aTuhsise wit ilils kgnivoew sletuddgeen ttsh aat bsauspicpgorrotus nadnindg liinft as dthisec ipnlainteio ann tdo ewqauridps tdheevme lowpitmh epnrto afensds ipornoaglrseksilsls. as well.
The UGC is also engaged in the task of preparing the highereducation sector to meet the challengTesh oef gPlorboalcisaetisosn andthe imperatives of the World Trade Organisation regime andthe General Agreement on Trade in Services (GATS). GATSwould open India’s education sector to foreign universities.The role of the public education system will become all themore important in this scenario since the private and foreignuniversities will not cater to students from non-metro andless affluent backgrounds. Apart from addressing the needsof its own students, India can also take a proactive approachand export Indian education, targeting the South East Asian,West Asian and African countries.
Thus the UGC is now engaged in pursuing a forward-lookingstrategy which will meet the demaTnhde fporro cseksilsle odf fhinuamlisainngr ethseo unrecwes l oagnodw saasfe ag ucaardre tfhuell yc ocuonntrsyi’dse inretedr eosntse .a tA tchoen gslcoiboaulsle dveecl.ision was taken withinthe UGC to tap the talent of youngIndia for the new logo. It was felt thatsince the logo was to represent thefuture UGC, the task should beentrusted to the country’s future – theyouth. This was also the view expressed by the three-memberexpert committee formed to oversee the process. The threeexperts are well-known names in the field of art: Prof. JeramPatel, former dean and head of the Department of AppliedArt at the M.S. University, Vadodara, Dr Rajeev Lochan,director of the National Gallery of Modern Art and Mr. NandKatyal, former art director of Span magazine, who is closelyassociated with the Lalit Kala Akademi at Garhi, in Delhi.
Given this changed role, it was felt that it was time to givea new look to the logo as well. The oldT lhoeg op,r oacdeospste wda ins 1fo9r9m2a,allyls loa udnidc hneodt hina Mvea ya 2m0o0t3to a lninde t wtheantt yc-aspixtu irnesdti ttuhteio ensss e–n ccoel loefgthees ,C doempamritsmseionnt’ss ogfo aarlsts a/fninde o abrjtesc tinivuensi.versities – were approached and requested to take partin the designing exercise. However, only sixteen of theseinstitutions accepted the invitation (Annexure A). The expertcommittee had a meeting with these institutions to work out
Capturing the essence of knowledge
The logo and the motto line, Gyan-Vigyan Vimukte(Knowledge Liberates), convey the UGC’s philosophy andavowed objective of uplifting the nation’s destiny through
Prof. Jeram Patel
Dr Rajeev Lochan
Mr Nand Katyal
2 3",0,0.850,-annexure;-university;-students;-education
LogoReport.pdf,2,"An Emblem Symbolising The Future An Emblem Symbolising The Future
the technical specifications of the Logo Design Competition.The participating institutions werTe hreeq uWesintend itnog h oDldecsomigpneteitiorns among their students and send in the ten bestentries to the UGC. So enthusiastic was the response amongthe students that the UGC received a total of 370 entriesagainst the expected 260.
The expert committee went through all the 370 entries andzeroed in on five (Annexure B). HowTewveenrt,y i-tt hferelte t hyaeta rth-oeldre Pwraiysa s Jcaoypaen faonrd f ujortinheedr itmhep rCovoellemgeen ot fiFni naell oAfr ttsh east eT.h Air uthvraenea-ndtahya pwuorrakmsh aofpte wr caosm thpelent inogrg haenri sperde -adte tghree eM i.nS .h Uisntoivreyr sfritoym,V athdeo dKarrias hinn at hMe elansotn w Geoevke ornf mSeepntteWmobmeern 2’s0 0C3o.l leTghee, fCivaensnhaonrtolirset.e Sd hdee shiagsn ebrese inn tienrtaecretesdte wd itinhp saeinntioinrg d seisnicgen esrhse. Twhaesd eas cighniledr,s hmaovdinifgie db etheeni rt daeusgihgtn sb yin h theerf aligthhet ro,f ath kee seung gpeasintitoenrs hreimceseivlfe, da nadn dh apdre dpeacreidde dv aornia ttrioaninsin ogfi nth teh es ealretsc taefdte dr efisniigsnhsin.Tg hSitratyn dearndt rXie.s finally emerged from the workshop.
Meanwhile, the UGC had constituted another committeecomprising members of the Commission to decide on thelogo and motto line. The five members of the committeewere Prof. V.N. Rajasekharan Pillai, Prof. B.N. Tandon,Prof. B.H. Briz-Kishore, Prof. Vasant Gadre and Prof.(Mrs) Aruna Goel. This committee and the committee ofexperts then met to consider the thirty entries. They suggestedthat each of the shortlisted thirty entries, along with theconcept statement, be circulated to all members of theCommission for their comments and that a three-day exhibitionof these designs be held so that the UGC officers and otherstaff could air their opinions and provide further feedback.
Annexure A
Finally, in November 2003, the two committees met againto consider the designs in the light of the suggestions/opinionsthat were received. The design executed by Ms PriyaJayanand, a final year student of the College of Fine Arts,Thiruvananthapuram was selected as the new UGC logo.The motto line, Gyan-Vigyan Vimukte (Knowledge Liberates),was suggested by Ms Aruna Goel and was acceptedunanimously since it was found to capture the essence ofknowledge and learning, besides reflecting the UGC’s roleof promoting excellence in higher education and holisticdevelopment of individuals.
List of participating Institutions/Colleges
1. College of Art, New Delhi
2. Government College of Art, Chandigarh
3. Chamarajendra Academy of Visual Art (CAVA),
Mysore
4. College of Fine Art, Thiruvananthapuram
5. Faculty of Fine Arts, Indira Kala Sangit
Vishwavidyalaya, Khairagarh
6. Departmentof Fine Arts, Kurukshetra University
7. Government College of Fine Art, Chennai
8. Government Institution of Fine Art, Indore
9. Kala Bhawana, Visva Bharati University,
Shantiniketan
10. Faculty of Fine Arts, M.S. University, Vadodara
11. Department of Fine Art, Faculty of Art Education,
Jamia Millia Islamia University, Delhi
12. Goa College of Art, Panaji
13. Industrial Design Centre, Indian Institute of
Technology Mumbai
14. National Institute of Design, Ahmedabad
15. CN College of Fine arts, Ahmedabad
16. Ipcowala Santram College of Fine Arts,
Balabvidyanagar, Gujarat
4 5",0,1.000,-annexure;-university;-faculty;-student;-students;-college;-colleges;-education;-higher education
LogoReport.pdf,3,"An Emblem Symbolising The Future
Annexure B
The Shortlisted Five
Mr. Shashank Jha Faculty of Fine Arts,M.S.University, Vadodara
Mr. Nimesh Shah Faculty of Fine Arts,M.S. University, Vadodara
Ms. Priya Jayanand College of Fine Arts,
Thiruvananthapuram
Mr. Lakshay Dharan Faculty of Fine Arts,Jamia Millia Islamia, Delhi
Mr. Bala Swamy M. Chamarajendra Academy of Visual Art (CAVA), Mysore
6
0585460189
,snoitacinummoC
ospylaC
yb
detnirP
dna
dengiseD
.3002
rebmeceD
.noissimmoC
stnarG
ytisrevinU
yb
dehsilbuP
University Grants Commission
Bahadur Shah Zafar Marg, New Delhi - 110 002
www.ugc.ac.in",0,0.900,-annexure;-university;-faculty;-college
Manual_Goods_2024.pdf,0,"FOREWORD
(Second Edition, 2024)
As part of initiatives to improve transparency, fairness, competition, value for money, and
good governance in public procurement, the Department of Expenditure, Ministry of Finance
published the Manual for Procurement of Goods along with other Manuals for Works and Services in
2017 / 2019 (later updated in 2022). These manuals have significantly influenced public procurement
practices and served well as a trusted companion for professionals and training establishments.
2. Since their publication, there have been many developments - policy initiatives,
clarifications, stakeholders' deliberations, Methodology for Assessment of Procurement Systems
(MAPS) report, 2020, Model Tender Documents for Goods, Non-consultancy, and Consultancy
Services, etc. necessitating thorough revision of procurement manuals.
3. In this context, this Manual has been comprehensively revised. It focuses on ease of business
for suppliers and clarity for the procurement professionals. A wide range of topics have been
rewritten such as clarifying extent of applicability to various entities, categorisation of
procurements, conflict of interest, interest-free advance payments, new forms of performance
securities, outsourcing procurement, auto-extension of bids, capping price variation and liquidated
damages, mitigating cartel formation, reverse auction, rate contracts, withdrawal by Ll bidders, Net
Present Value (NPV), Procurement during Natural Disasters and many others.
4. I would like to acknowledge the outstanding work done by the team led by Shri Sanjay
Aggarwal, Adviser, PPD comprising Shri Anil Kumar, Deputy Secretary (PPD), Shri Girish Bhatnagar, Sr
Consultant and Shri Vikram Rajvanshi, Consultant, PPD. This was truly a collaborative effort, and I
would like to thank Ministries, Departments, other organisations, and individuals who reviewed the
drafts of the Manual and provided their valuable inputs.
s. As we navigate the complexities of modern procurement, I invite both seasoned
procurement professionals and newcomers to explore the guidelines, valuable insights, and
actionable recommendations shared in these pages. As we publish this Goods Manual and continue
refining others, we remain open to your feedback.
(Dr. T. V. Somanathan)
Date: 22nd July, 2024 Finance Secretary & Secretary (Expenditure)
iii",1,1.000,+procurement;+tender;+bidders;+contracts;+bids;+suppliers;+procurement-policy
Manual_Goods_2024.pdf,18,"Chapter 1: Introduction –Principles and Policies Manual for Procurement of Goods, Second Edition, 2024
1.2. Clarification, Amendments and Revision of this Manual The following illustration may be used as guidance:
Financial limits in GFRs are to be calculated for the Indian Mission in
The Procurement Policy Division, Department of Expenditure, Ministry of Finance would be
Bangladesh, where the relevant local currency is Bangladesh Taka (BT).
the nodal authority for this Manual's revision, interpretation, and clarification.
Let the PPP conversion rate (as per international dollar) published by the
1.3. Applicability of this Manual IMF for INR and BT in a particular year be as follows:
Rs. 22.947 = 1 USD = 31.98 BT
1. Category of Procurements: This Manual is applicable to the Procurement of all ""Goods""
The PPP-based conversion rate for BT/ INR may be calculated as 31.98/
as defined in the ‘Procurement Glossary’ section. What is unique about the Procurement
22.947 = 1.394. Thus, a threshold of INR. 25,00,000 (say the threshold for
of goods (as compared to services and works) is the ability to precisely describe the
OTE) would be then 34,85,000 BT.
technical specification and scope of the requirement. Other Manuals for Procurement (of
Consultancy/ Non-consultancy Services and Works) are generically based on this Manual.
b) Exemptions: Please also refer to para 4.3.2-4-g) for exemption from restriction on
Global Tenders, para 1.11.4-3-f)ii) for exemption from restriction on bidders from Land-
Hence, for any topic for which guidance cannot be found in those manuals, this Manual
border countries and para 4.17.1-4 for exemption from eProcurement for Indian
for Procurement of Goods shall apply mutatis mutandis. For the sake of brevity, those
Missions and CPSE Units Abroad.
manuals refer to some of the sections of this Manual without reproducing them.
2. Procuring Entities: This Manual shall apply to all Procuring Entities covered by Rule 1 of 5. Portals: GeM portal, GePNIC portal (Government e-Procurement of NIC, eproc.gov.in),
and various such platforms of different Organisations carry out a substantial proportion of
GFR, i.e., all Central Government Ministries/Departments, attached and subordinate
Public Procurement. Hence, the procedures for such platforms should conform to these
bodies. These provisions shall also apply, as per the same rule, to autonomous bodies
‘Procurement Guidelines.’
except to the extent that the bye-laws of an autonomous body provide separate
procurement guidelines7 that the Government has approved. 6. Outsourced Procurement: These procurement guidelines would continue to apply if
these procuring entities outsource the procurement process, bundle the procurement
3. Statutory Bodies and CPSEs: These guidelines shall also be applicable to bodies
process with other contractual arrangements, or utilise the services of a procurement
substantially owned or controlled by or receiving substantial financial assistance from the
support agency or procurement agents to carry out the Procurement on their behalf.
Central Government (inter-alia, Central Public Sector Enterprises (CPSEs or undertakings,
including their subsidiary companies/ Ventures); Public Sector Banks (PSBs); Public 7. Customisation: This Manual is to be taken as generic guidelines, which are necessarily
Sector Insurance Companies (PSICs); Public Sector Financial Institutions (FIs); broad in nature. Procuring Entities are advised to customise these manuals, with the
Constitutional or Statutory Bodies, Public Academic Institutions (National/ Central approval of competent authority and financial concurrence, to suit their local/specialised
institutes), and Commissions that have been created under the Constitution of India or needs by issuing their own detailed Manuals (including customised formats); Model
specific legislations), except to the extent deviations7 that have been approved by their Tender Documents; Schedule of Procurement Powers and Checklists to serve as practical
competent authority (e.g., Board of Directors). instructions for their officers and to ensure completeness of examination of cases. For
procuring organisations that have their own detailed manuals or procedure orders, the
4. Indian Missions and CPSE Units Abroad: While the applicability of the Manual in the
initiation, authorisation, Procurement, and execution of contracts undertaken by them shall
case of Indian Missions abroad and CPSE Units abroad shall be as per sub-para 2) and
be regulated by detailed rules and orders contained in their respective regulations and by
3) above, respectively – the following is clarified:
other special orders applicable to them.
a) Adopting Financial Limits/ Thresholds in Local Currency: For procurements done
and for use outside India, in the host country’s local currency, Indian Missions and
8. Exemptions: These procurement guidelines would not apply to procurements by
procuring entities mentioned above for their own use from their subsidiary companies,
CPSE units abroad may adopt General Financial Rules (GFRs) financial limits/
including Joint Ventures, where they have a controlling share. Moreover, by a general or
thresholds of procurements (as mentioned in this Manual at various instances, e.g.,
special notification, the Government may permit certain ‘Procuring Entities’ mentioned in
selection of mode of Procurement etc.) by using latest INR-PPP conversion rates for
the sub-para above, considering unique conditions under which they operate, for all or
the local currency as published by the IMF (International Monetary Fund). For
certain categories of procurement, to adopt detailed approved guidelines for procurement,
convenience, such converted limits/ thresholds may be reviewed annually. Even if the
which may deviate in some respects but conform with all other essential aspects of these
Procurement is to be done in a currency other than the local currency, the applicable
‘Procurement Guidelines.’
financial limits/ thresholds of procurements shall be in terms of the INR-PPP
conversion rate for the local currency only. If the IMF does not publish the PPP 9. Procurements financed by Loans/ Grants extended by International Funding
conversion rate for local currency, then the conversion may be done to the currency Agencies:
most relevant to that mission/ unit in consultation with the Financial Advisor. a) For projects funded by the World Bank, Asian Development Bank, and other
International Funding Agencies (IFA), the Articles of Agreement, with the approval of
the Ministry of Finance, stipulate either the Indian (or State) Government’s own
procurement procedures or IFA’s specific procurement procedures to be followed by
7 Such approved guidelines must retain fundamental provisions relating to the Constitution and Government
instructions relating to Preferential Procurement Policies, GTE and Land Border restriction, General Instructions the borrowers.
on Procurement and Project Management (NO.F.1/1/2021-PPD dtd 20.10.2021)
2 3",1,1.000,+procurement;+procuring;+procurement policy;+tender;+tenders;+bidders;+e-procurement;+eprocurement;+gem;+gfr;+general financial rules;+contracts;+inr;-examination;-academic;+gem-portal;+eprocurement;+procurement-policy
Manual_Goods_2024.pdf,37,"Chapter 1: Introduction –Principles and Policies
b) Notwithstanding above, if in any project, it is considered that it is not practically feasible
to source such items from Class I local suppliers, it may take relaxation from such
stipulation with the approval of Secretary of the administrative Ministry/ Department
concerned or with the approval of the Competent Authority specified by the
Administrative Ministry/ Department, on case-specific basis.
3. Purchase Preference:
a) Subject to the provisions of the Order and to any specific instructions issued by the
Nodal Ministry or in pursuance of the Order, purchase preference shall be given to
‘Class-I local supplier’ in procurements undertaken by procuring entities in the manner
specified hereunder.
b) In the procurements of goods or works, which are covered by para 2-b) above and
which are divisible in nature, the ‘Class-I local supplier’ shall get purchase preference
over ‘Class-II local supplier’ as well as ‘Non-local supplier,’ as per following procedure:
Note:
1. If the procuring entity negotiates with the L1 bidder, who is not a Class-
I Local Supplier, the margin of purchase preference (L1+20%) should be
calculated based on the original L1 price, not the lower negotiated price,
and such eligible Class-I Local Suppliers shall be called to match the new
negotiated L1 price as per procedure mentioned above for placement of
50% quantity.
2. Since as per sub-para iii) below, MII order is applicable ‘where the bid is
evaluated on price alone’ – MII purchase preference would not be
applicable where evaluation is based inter-alia on non-price criteria, e.g.,
QCBS or FBS in Services and Works.
i) Among all qualified bids, the lowest bid will be termed L1. If L1 is a ‘Class-I local
supplier’, the contract for full quantity will be awarded to L1.
ii) If the L1 bid is not a ‘Class-I local supplier’, 50 (fifty) per cent of the order quantity
shall be awarded to L1. Thereafter, the lowest bidder among the ‘Class-I local
supplier’ will be invited to match the L1 price for the remaining 50 (fifty) per cent
quantity subject to the Class-I local supplier’s quoted price falling within the margin
of purchase preference (L1+20%) and contract for that quantity shall be awarded
to such ‘Class-I local supplier’ subject to matching the L1 price. In case the lowest
eligible ‘Class-I local supplier’ fails to match the L1 price or accepts less than the
offered quantity, the next higher ‘Class-I local supplier’ within the margin of
purchase preference (L1+20%) shall be invited to match the L1 price for the
remaining quantity and so on, and the contract shall be awarded accordingly. In
case some quantity out of the 50% (for the eligible Class-I Local Suppliers) is still
left uncovered, then such balance quantity may also be ordered on the L1 bidder.
iii) In the procurements of goods or works, which are covered by para 2-b) above and
which are not divisible in nature, and in the procurement of services where the bid
is evaluated on price alone, the ‘Class-I local supplier’ shall get purchase
preference over ‘Class-II local supplier’ as well as ‘Non-local supplier’, as per
following procedure:
1) Among all qualified bids, the lowest bid will be termed L1. If L1 is a ‘Class-I
local supplier’, the contract will be awarded to L1.
2) If L1 is not a ‘Class-I local supplier’, the lowest bidder among the ‘Class-I local
suppliers’ will be invited to match the L1 price subject to the Class-I local
22",1,1.000,+procurement;+procuring;+procuring entity;+bidder;+contract;+purchase;+bid;+bids;+supplier;+suppliers;+procurement-policy
Manual_Goods_2024.pdf,56,"Chapter 1: Introduction –Principles and Policies Manual for Procurement of Goods, Second Edition, 2024
less than 50%, as may be divisible. The contract can be awarded to the eligible eligible to bid on behalf of the domestic manufacturers under the Policy. However, this
domestic manufacturer for the entire quantity if the tendered capital goods are non- shall be subject to the following conditions:
divisible. If none of the eligible manufacturers meets domestic value addition i) The bidder shall furnish the authorization certificate issued by the domestic
requirements and matches the L1 bid, the original bidder holding the L1 bid shall manufacturer for selling domestically manufactured iron & steel products.
secure the order for the entire procurement value. ii) In case the procurement is covered under Appendix A of the Policy, the bidder shall
5. Clause in Tender Document: The tender document for procurement of both Goods as furnish the Affidavit of self-certification issued by the domestic manufacturer to the
well as for EPC contracts should explicitly outline the eligibility/ qualification criteria for procuring agency declaring that the iron & steel products are domestically
adherence to minimum prescribed domestic value addition by the bidder for iron and steel manufactured in terms of the domestic value addition prescribed.
products and capital goods for manufacturing iron & steel products (as indicated in iii) In case the procurement is covered under Appendix B of the Policy, the bidder shall
Appendix A and Appendix B). furnish the certification issued by the statutory auditor to the domestic manufacturer
6. Standing Committee: A Standing Committee under the Ministry of Steel (MoS), to be declaring that the capital goods to be used in the Iron & Steel industry are
chaired by the Secretary (Steel), shall be constituted to oversee the implementation of the domestically manufactured in terms of the domestic value addition prescribed.
Policy. The Committee shall comprise experts from Industry/ Industry Association/ iv) The bidder shall be responsible for furnishing other documents required to be
Government Institution or Body/ Ministry of Steel (MoS). The said Committee in MoS shall issued by the domestic manufacturer to the procuring agency as per the Policy.
have the mandate for the following: 8. Complaints and Penalties:
a) Monitoring the implementation of the Policy a) Complaints relating to mis-declaration made to the procuring agency or Ministry of
b) Review and notify the Iron & Steel products list and the domestic value addition Steel shall be dealt with in the prescribed time frame by examining the documents at
requirement criteria mentioned in Appendix A and Appendix B. the bidder’s cost. A refundable cautionary deposit is required for complaints to the
c) Issue necessary clarifications for implementation of the Policy, including grant of Ministry of Steel.
exclusions to procuring agencies as per section 3 b) Each procuring agency shall define the penalties in the tender document in case of
d) Constitute a separate committee to carry out grievance redressal wrong declaration by the bidder of the prescribed domestic value addition. The
e) The Standing Committee shall submit its recommendations for approval to the Ministry penalties may include forfeiting the EMD, other financial penalties, and debarment of
of Steel. the manufacturer/ service provider.
7. Certification of Local Content: 9. Specifications in Tenders and other procurement solicitations:
a) To qualify as domestically manufactured iron and steel products/ Capital goods for a) Every procuring entity shall ensure that the eligibility conditions with respect to previous
manufacturing iron & steel products, for purchase preference under this Policy, a experience fixed in any tender or solicitation do not require proof of supply in other
minimum domestic value addition of 20% to 50% is specified in Appendix A (of the countries or proof of exports.
policy - domestically manufactured iron and steel products) and 50% for Appendix B b) Procuring entities shall endeavour to see that eligibility conditions, including on matters
(of the policy - Capital goods for manufacturing iron & steel products). The domestic like turnover, production capability and financial strength, do not result in unreasonable
value-addition is based on self-certification. exclusion of local suppliers who would otherwise be eligible beyond what is essential
b) For products in Appendix A, each domestic manufacturer shall furnish the Affidavit of for ensuring the quality or creditworthiness of the supplier.
self-certification in the prescribed format to the procuring agency declaring that the iron c) Procuring entities shall review all existing eligibility norms and conditions with
& steel products are domestically manufactured in terms of the domestic value addition reference to sub-paragraphs a) and b) above.
prescribed. It shall be the responsibility of the domestic manufacturer to ensure that d) Reciprocity: If Ministry of Steel is satisfied that Indian suppliers of iron and steel
the products supplied are indeed domestically manufactured in terms of the domestic products are not allowed to participate and/ or compete in procurement by any foreign
value addition prescribed for the product. government due to restrictive tender conditions which have direct or indirect effect of
c) For capital goods in Appendix B, the bidder shall furnish the certification issued by the barring Indian companies such as registration in the procuring country, execution of
statutory auditor of the domestic manufacturer declaring that the capital goods are project of specific value in the procuring country etc., it may, if deemed appropriate,
domestically manufactured in terms of the domestic value addition prescribed. The restrict or exclude bidders from that country from eligibility for procurement of that item
bidder shall also be required to provide a domestic value addition certificate on a half- and/ or other items relating to Ministry of Steel.
yearly basis (September 30 and March 31), within 60 days of commencement of each e) For the purpose of sub-paragraph d) above, a supplier or bidder shall be considered
half-year, duly certified by the Statutory Auditors of the domestic manufacturer, to the to be from a country if (i) the entity is incorporated in that country, or (ii) a majority of
concerned procuring agencies till the completion of the supply, that the claims of its shareholding or effective control of the entity is exercised from that country, or (iii)
domestic value addition made for the product during the preceding 6 months are in more than 50% of the value of the item being supplied has been added in that country.
accordance with the Policy. Indian suppliers shall mean those entities that meet any of these tests with respect to
d) The bidders who are selling agents/ authorized distributors/ authorized dealers/ India. The term ‘entity’ of a country shall have the same meaning as under the FDI
authorized supply houses of the domestic manufacturers of iron & steel products are (Foreign Direct Investment) Policy of DPIIT as amended from time to time.
40 41",1,1.000,+procurement;+procuring;+procuring entity;+tender;+tenders;+bidder;+bidders;+emd;+turnover;+contract;+contracts;+purchase;+penalties;+bid;+supplier;+suppliers;+procurement-policy
Manual_Goods_2024.pdf,74,"Chapter 3: Supplier Relationship Management
an application for its review within a period of Five (5) days from its date, to the designated
officer named in the tender documents in this regard (or the Head of the Procuring Entity,
if not so specified), specifying the ground(s) and the relevant clauses of the tender
documents. Unsuccessful Bidders may seek de-briefing regarding the rejection of their
bid, in writing or electronically, within Five (5) days of the declaration of techno-commercial
or financial evaluation results.
3. Only a directly affected bidder can represent in this regard:
a) Only a bidder who has participated in the concerned procurement process, i.e., pre-
qualification, bidder registration or bidding, as the case may be, can make such
representation.
b) In case the pre-qualification bid has been evaluated before the bidding of Technical/
financial bids, an application for review in relation to the technical/ financial bid may be
filed only by a bidder who has qualified in the pre-qualification bid;
c) In case the technical bid has been evaluated before the opening of the financial bid,
an application for review in relation to the financial bid may be filed only by a bidder
whose technical bid is found to be acceptable.
d) The following decisions of the procuring entity in accordance with the provision of
internal guidelines shall not be subject to review:
i) Determination of the need for procurement;
ii) Selection of the mode of procurement or tendering system;
iii) Choice of selection procedure;
iv) Complaints against specifications except under the premise that they are either
vague or too specific to limit competition may be permissible.
v) Provisions limiting the participation of bidders in the procurement process in terms
of government policies.
vi) Provisions regarding purchase preferences to specific categories of bidders in
terms of policies of the Government
vii) The decision to enter into negotiations with the L1 bidder;
viii) Cancellation of the procurement process except where it is intended to
subsequently re-tender the same requirements;
ix) Issues related to ambiguity in contract terms shall not be taken up after a contract
has been signed; all such issues should be highlighted before the
vendor/contractor consummates the contract.
4. This grievance redressal is beside the avenue of complaints to the vigilance department
of the procuring organisation.
5. If received during the processing of the tender, the designated officer shall forward the
application to the TC/Convener of TC for its examination on merits and action as
considered necessary. An interim reply may be sent that the application will be kept in view
in the tender evaluation, and a final response shall be given only after the declaration of
the award of the contract. The Tender Committee shall place the application on record,
including its analysis and action taken thereon, in the TC minutes/ report to the Competent
Authority. After the award, the TC convener shall respond to the aggrieved party as per
sub-para 5) below.
6. If such grievance is received after the declaration of the award of the contract, the
designated officer shall forward the application to the Competent Authority of the tender
for his examination on merits and action as considered necessary. Such post award
grievance must be redressed and closed within 30 days of receipt of the grievance. If the
60",1,1.000,+procurement;+procuring;+procuring entity;+tender;+tendering;+bidder;+bidders;+bidding;+technical bid;+financial bid;+vendor;+contract;+contractor;+purchase;+bid;+bids;+supplier;-examination
Manual_Goods_2024.pdf,93,"Chapter 4: Modes of Procurement and Tendering Systems
(DDP at named place) basis. All importing Government Departments/ PSEs can now make
their own shipping arrangements without needing to route their requirements through the
Chartering Wing of the Ministry of Shipping. As per the extant directive of the Government,
airlifting of imported goods from abroad will be done only through an Indian carrier,
wherever applicable.
11. Insurance: Wherever necessary, the goods supplied under the contract shall be fully
insured in a freely convertible currency against loss or damage incidental to manufacture
or acquisition, transportation, storage and delivery as specified in the contract. If
considered necessary, the insurance may be done for coverage on an ""all risks"" basis,
including war risks and strike clauses. The amount covered under insurance should be
sufficient to cover the overall expenditure incurred by the purchaser for receiving the goods
at the destination. Insurance for imported goods/equipment would need to be arranged
very carefully and only for cases where the value of individual shipments is expected to be
more than Rupees five crore. Procuring entities with substantial import contracts may
arrange “Open Cover (all Risk)” annual insurance for all imports during the year with
insurance companies instead of insurance for each import separately. Where delivery of
imported goods is required by the purchaser on Cost Insurance and Freight, Carriage and
Insurance Paid, Delivery Duty Paid (CIF/CIP/ DDP) basis, the supplier shall arrange and
pay for marine/air insurance, making the purchaser the beneficiary. Where delivery is on
a Free On Board/ Free Alongside Ship (FOB/FAS) basis, marine/air insurance shall be the
purchaser's responsibility.
12. Import of Goods or services or both attract integrated tax (IGST). The IGST rate and GST
cess shall be applicable on the ‘Customs Assessable Value’ plus the ‘Basic Customs duty
applicable thereon.’ Foreign bidders shall indicate the break-up of prices for freight,
insurance, customs duty, port handling charges, clearing agency charges, related ITC
(HS) code, IGST/ GST cess, and related HSN code, as relevant to the quoted price basis.
4.3.2 Restrictions on Global Tenders up to Rs 200 Crores
1. No Global Tender Enquiry (GTE) shall be invited up to Rs. 200 crores or any limit as may
be prescribed by the Department of Expenditure from time to time.
2. In exceptional cases where the Ministry or Department feels that there are special reasons
for inviting GTE for tenders below such limit (including those in SLTE/ LTE mode or on a
Single Tender basis), it may record its detailed justification and seek prior approval for
relaxation from the Competent Authority specified by the Department of Expenditure.
a) The agencies/subordinate offices under the administrative control of a
Ministry/Department that require to float a Global Tender Enquiry (GTE) for
procurement of certain products/items/services shall submit their applications and
comments online through the GTE Portal under the e-Samiksha platform via
https://esamiksha.gov.in/GTE_NFEProposalForm.aspx OR
https://cabsec.gov.in/more/globaltenderenquiryproposal/ starting from 5th May 2022
and no physical application will be received.
b) 'GTE portal', a user-friendly IT application under the e-Samiksha platform, was
developed by Cabinet Secretariate60. For more details on this process, please refer to
GTE Guidelines on the eSamiksha portal - GTE_Guidelines.pdf (esamiksha.gov.in)
60 Issued by Cabinet Secretariat vide ID No. 213/2/1/2021-C.A.IV dated 02.05.2022.
80",1,1.000,+procurement;+procuring;+tender;+tenders;+tendering;+bidders;+contract;+contracts;+supplier;+crore;+amount-threshold
Manual_Goods_2024.pdf,112,"Chapter 4: Modes of Procurement and Tendering Systems Manual for Procurement of Goods, Second Edition, 2024
Working with approved vendors instils confidence in the quality of materials and
Risk Mitigation
components purchased and reduces the chances of defects. Downtime due to failures and
repairs is also minimized.
criteria, disregarding the very rationale of the and that their decision in this regard would
6. Monitoring and Updation: An AVL is a dynamic tool, and its effectiveness depends on
PQB and PQC. be final.
proactive management and adaptability. Updating an Approved Vendor List (AVL) over
time is crucial to maintain its effectiveness and relevance. If a new vendor applies for
4.7. Approved Vendor List (AVL)
inclusion in AVL, it may be added to AVL if it meets the PQC in the original PQB. Key
1. Strategic, Safety and Security Requirements: Many Organisations have regular and performance indicators (KPIs) for vendors should be part of the PQB document, including
continuous requirements of tailor-made items (for which the procuring entity is the on-time delivery, product quality, and responsiveness. These metrics may be used to
monopoly buyer), which are critical for the safety and security of its operations and where conduct periodic reviews of the AVL (e.g., annually, or biannually) and vendors who
large investments and gestation periods are needed for developing manufacturing and consistently fail to meet standards or demonstrate poor performance may be downgraded
quality control infrastructure/ processes for its production. In view of heavy investments, or removed from the AVL. Audits of existing vendors may be conducted to assess financial
vendors need regular and sustained offtake for financial viability. Such procurement needs stability, production capabilities, and adherence to contractual terms. The procuring Entity
to be done over an extended period of time only from vendors who have undergone should monitor industry trends, technological advancements, and new suppliers.
rigorous pre-qualification. The firms are assessed for requisite infrastructure to produce Feedback may be gathered from stakeholders who use or maintain the Goods. Their
consistent quality goods up to the assessed production capacity with regular monitoring of insights can highlight areas for improvement or identify potential issues with specific
the quality assurance system. It may even involve, if required, extended field trials of vendors. Vendors may be given support to enhance their capabilities and training, share
products and inspection of manufacturing/ quality assurance facilities and processes. Such best practices, and encourage continuous improvement.
time-consuming pre-qualification would not be feasible for each individual procurement.
7. Where AVL is not Desirable: The same contra-indications as in PQB mentioned in para
An example is the requirement for Railway Signalling equipment, Locomotive assemblies,
4.6.1-3 are much more accentuated in the case of AVL, as the list is used over prolonged
and Track fittings. A quality glitch in these would be disastrous.
periods. Hence, the AVL mode for an item for should be approved at the highest level in
2. Approved Vendor Lists: In such situations, a separate phase of PQB tendering (as in the Procuring Organisation. Since the AVL system strains the transparency principle and
para 4.6.1 above) is done with a much more stringent PQC, but the resultant shortlist of there is a heightened risk of cartelization and collusion, AVL should not be a routine/
qualified vendors is kept valid for an extended period (Say 2 to 5 years) as stipulated in normal mode of procurement of goods and should be done only as an exception under
the PQB documents. These are called Approved Vendor Lists (AVL). In some countries, specified circumstances as mentioned in sub-para 1) above, otherwise PQB modes of
these may be referred to as multi-use lists. procurement (para 4.5) may be used. AVL is contraindicated in the following
3. Categories of Approved Vendors: There may be gradation in the category of Approved circumstances:
vendors. The initial category may be called “Developmental Vendors” (may be named as a) Where the requirement is not related to Strategic, Safety or Security.
‘Temporarily or Provisionally Approved Vendors’ in some organisations), where approval b) Where the item is not tailor-made, nor is the Procuring Entity a monopoly buyer.
is granted based on an assessment of infrastructure facilities available and satisfactory c) Where the item is not regularly and continuously procured.
production of samples as per specification, but their capability to consistently produce the d) Where the requirement is technically and commercially not complex enough;
quality material giving satisfactory service life in the field, is yet to be established. After e) Where large investment and prolonged gestation period are not required in developing
these Development Vendors demonstrate a capability to produce consistent quality Goods manufacturing/ quality assurance facilities/ processes.
with required service life over a period (say 2 years), they are upgraded to the regular f) Where the technology is not stable and is evolving/ changing at a fast pace.
category of “Approved Vendors”. g) Where procurement can be done through limited tender enquiries;
4. Procurement Restricted to AVL: In all subsequent procurements, eligibility criteria
4.7.1 Approved Vendor Lists –Risks and Mitigations: The same risks and
restrict participation to the “Approved Vendor List” (Regular and Developmental), and all
mitigations as in para 4.6.3 apply in this case to a deeper level:
other bids are treated as unsolicited offers, which are normally rejected. Only a part (say
not more than 20%) of the total tendered quantity is distributed among Development
Risk Mitigation
Vendors, provided they quote lower than the regular Approved Vendors. The rest of the
1. Dependency on Vendors: It can shift 1. Diversify the Approved Vendor List (AVL) by
quantity (say 80% or more) is awarded to ‘Approved Vendors’. This ensures that
the balance of power to the hands of including multiple reliable vendors for critical
Development Vendors are able to demonstrate their capabilities for upgradation to the
vendor – leading to many disadvantages: goods. Maintain a backup list of Development
regular Approved Vendor Category. Thus, it should be ensured that development orders
1.1 Anti-competitive Practices: These Vendors to mitigate sudden disruptions.
are for a viable quantity for production and for the purpose of proving their capability.
Approved vendors can easily form a cartel Regularly monitor and update the AVL as per
5. Benefits of AVL: An AVL is a powerful tool that contributes to cost control, reliability, and
and indulge in Anti-competitive practices. para 4.6-6.
overall efficiency in procurement for strategic, safety and security Goods. It ensures that
vendors have undergone rigorous vetting and have demonstrated stability and reliability.
98 99",1,1.000,+procurement;+procuring;+procuring entity;+tender;+tendering;+limited tender;+eligibility criteria;+vendor;+vendors;+bids;+suppliers
Manual_Goods_2024.pdf,130,"Chapter 4: Modes of Procurement and Tendering Systems Manual for Procurement of Goods, Second Edition, 2024
project their Annual Procurement Plan of goods and services on GeM portal within 30 becoming the norm, the availability of market activities and the capability to analyse
(thirty) days of Budget approval. them artificially have provided an opportunity to automate decision-making activities,
g) It may be noted that it is the responsibility of the Procuring Entity to do due diligence such as the assessment of the reasonability of rates in such cases.
to ensure the reasonableness of rates. The government buyers may ascertain the b) In view of the above, GeM offers the functionality of Push Button Procurement (PBP)
reasonableness of prices before placing an order using the Business Analytics (BA) for small-value procurements with the following conditions:
tools available on GeM, including the last purchase price on GeM, the department’s i) PBP will be made only on GeM through bidding (PBP through Direct Purchase, L-
own last purchase price, etc. 1, Custom-bid, etc. are not permitted)
h) Demand for goods shall not be divided into small quantities to make piecemeal ii) The total procurement value of the specific case is permitted upto Rupees Five (5)
purchases to avoid procurement through L-1 Buying / bidding / reverse auction on GeM lakh83, inclusive of all taxes.
or the necessity of obtaining the sanction of higher authorities required with reference iii) This will be an additional method of procurement, and procuring entities are free to
to the estimated value of the total demand.” use or not to use this additional method of procurement.
7. GeM Portal: https://gem.gov.in. Detailed instructions for user organization registration, iv) This method can be used only if at least five bids are received. In case fewer than
supplier registration, listing of products, terms and conditions, online bidding, reverse five bids are received, the procurement is to restart using the usual procurement
auction, demand aggregation, call centre, etc., are available on this portal. modes. However, buyers will have a choice to extend the PBP date once by three
8. Uploading of Non-availability Report: It is mandatory for a buyer to generate a “GeM (3) days at the time of preparation of the tender document in case of lesser
Availability Report and Past Transaction Summary” (GeMAR&PTS)80 with a unique ID on participation.
the GeM portal using his login credentials on GeM for procurement outside GeM (for v) No splitting of requirements is to be done to bring procurement under this method.
example, for procurement through Central Public Procurement Portal). The Past
Transaction Summary will be provided, where available. “GeMAR&PTS” shall be a pre- vi) Once a bid is invited on GeM, the contract will be placed directly by GeM without
requisite for arriving at a decision by the competent authority for procurement of required any human intervention. [Provided condition in sub-para iv) above is complied].
goods and services by floating a bid outside GeM, and its unique ID would be required to vii) Gem will permit this method only for such categories where at least ten sources
be furnished on the publishing portal along with the tender proposed to be published. are listed.
9. Purchase of goods without quotation can be resorted for value upto Rs. 50,000/- only on c) GeM has published a manual on PBP for buyers on its website84.
each occasion may be made without inviting quotations or bids (please refer to para 4.11)
4.17.3 Procurement through Centralized Agencies or other Organizations.
based on a certificate to be recorded by the competent authority, only when the required
1. Departments/ Organisations that have not built up their own capability for procurement
goods are not available on GeM.
may engage procurement agents (for individual procurement or as outsourcing of service)
10. In case a certain item is not available on the GeM portal, Purchase of goods costing above
with the approval of the Competent Authority. Many canalized agencies authorised by the
[Rs.50,000/- (Rupees Fifty thousand only) and upto Rs.5,00,000/- (Rupees Five lakh] on
government and some CPSEs provide end-to-end procurement services, i.e., framing
each occasion may be made on the recommendations of a duly constituted Local
procurement documents, bidding process, evaluation, and contract management.
Purchase Committee (please refer to para 4.12).
Possibilities of other Ministries/ Departments or their attached and subsidiary offices
11. Where an item is available on GeM, and the Ministry/ Department/ Organization wants to
having spare-able quantities of required material may be explored. In such cases, Indents
buy outside the GeM in view of any compelling circumstances, the approval of the Standing
can be placed on them to supply requirements at mutually agreed terms. Procurements
Committee of GeM (SCoGeM) and the Secretary concerned shall be required.81
by such agencies would have to conform to these Procurement Guidelines. In such cases,
12. Receipt of Materials and Payment Procedures: Further Details on receipt of Materials
a Service Contract can be placed on them for procurement services at mutually agreed
and Payment procedures are given in Annexure 36.
terms.
13. Push Button Procurement on GeM82
2. Terms and Conditions:
a) As per Rule 144 (vii) and Rule 149 of GFR, 2017, the procuring entity should satisfy
a) Procurements by such agencies would have to conform to these Procurement
itself that the price of the selected offer is reasonable. Sometimes, especially
Guidelines.
infrequently, government buyers find it difficult to certify the reasonableness of rates.
b) Usual formalities for preparation, budgetary provisions, and approval/ signing of
Such users normally do not possess the requisite skills to make procurement
invoices.
decisions. It delays the procurement process. At the same time, for typically low-value
c) The Indent, in such cases, in the format prescribed by such Organisations, should be
procurements, efforts expended in assessing the reasonability of rates may be
signed by an officer to whom such powers have been delegated.
disproportionate. Additionally, with developments in technology and e-procurement
80Notified vide OM No. F.6.18.2019-PPD issued by Department of Expenditure dated 11th June 2021.
81 Refer OM No F.6/15/2018-PPD issued by Department of Expenditure dated 05.02.2020. 83 Notified vide OM No. F.6/7/2022-PPD issued by Department of Expenditure dated 11.01.2023.
82 Notified vide OM No. F.6/7/2022-PPD issued by Department of Expenditure dated 06.09.2022 84 https://assets-bg.gem.gov.in/resources/pdf/pbp-buyer_1662620846.pdf
116 117",1,1.000,+procurement;+procuring;+procuring entity;+tender;+tendering;+bidding;+e-procurement;+gem;+gfr;+contract;+purchase;+purchases;+quotation;+bid;+bids;+supplier;+lakh;-annexure;+gem-portal;+eprocurement;+office-memorandum;+procurement-policy
Manual_Goods_2024.pdf,149,"Chapter 6: Forms of Securities, Prices, Payment Terms and Price Variations Manual for Procurement of Goods, Second Edition, 2024
4. A bidder’s bid security shall be forfeited if the bidder withdraws or amends its bid or impairs 3. Procuring Entity may exempt the following entities (on their specific requests or otherwise)
or derogates from the tender in any respect within the period of validity of the tender or if from submission of Performance Security:
the successful bidder fails to furnish the required performance security or to sign the a) 103Govt. Ministries, Departments, Attached and Subordinate Offices, Autonomous
contract within the specified period. bodies,
5. Bid securities of the unsuccessful bidders should be returned to them as soon as possible b) OEM in whose favour PAC, in tenders issued against PAC.
after the expiry of the final bid validity period and, at the latest, by the 30th day after the 4. Performance Security is to be furnished by a specified date (generally 14 (fourteen) to 28
award of the contract. Bid security should be refunded to the successful bidder upon (twenty-eight) days after notification of the award, depending on the amount), and it should
receipt of performance security. However, in the case of two-packet or two-stage remain valid for a period of 60 (sixty, or any other period mentioned in the tender
tendering, Bid securities of unsuccessful bidders during the first stage, i.e., technical Documents) days beyond the date of completion of all contractual obligations of the
evaluation, etc., should be returned within 30 days of declaration of the result of the first supplier, including warranty obligations.
stage, i.e., technical evaluation, etc.98
5. In the case of Goods contracts (e.g., Rate Contracts and other long-term contracts)
spanning over multiple years, Procuring entities may consider proportionately reducing
6.1.2 Performance Security (Rule 171 of GFR 2017)
performance security in proportion to the balance contract period, wherever feasible,
1. To ensure due performance of the contract, performance security (or Performance Bank
instead of retaining the full performance security over the complete contract period which
Guarantee (PBG) or Security Deposit (SD)) is to be obtained from the successful bidder
may be of 2-3 years or may be more.
awarded the contract. Unlike contracts of Works and Plants, in the case of contracts for
6. The performance security will be forfeited and credited to the procuring entity’s account in
goods, the need for Performance Security depends on the market conditions and
the event of a breach of contract by the contractor. It should be refunded to the contractor
commercial practice for the particular kind of goods. Performance security should be for
without interest after he duly performs and completes the contract in all respects (full
an amount of three (3) to five (5) per cent (3 to 10% for Works) of the value of the contract,
performance security should be forfeited, even if the Contractor has partially executed the
as specified in the tender documents99. The procuring Entity may stipulate an upper ceiling
work) but not later than 60(sixty) days of completion of all such obligations, including the
for the Performance Security amount. For an illustrative example, the ceiling can be Rs 75
warranty under the contract. The senior officers should monitor the return of Bid/
Lakhs for tenders upto Rs 50 Crores and Rs 3 Crore for tenders above Rs 50 Cr but below
Performance Securities, and delays should be avoided. If feasible, the details of these
Rs 300 Cr. For tenders of higher value than this, the Procuring Entity may decide the
securities may be listed in the e-Procurement Portal/ website of the Procuring entity to
amount of Performance Security (but not less than Rs 3 Cr mentioned above). However,
make the process transparent and visible.
Procuring Entities are free to decide their own upper limits for performance security, with
the approval of Competent authority and finance concurrence, based on their perception 6.1.3 Insurance Surety Bond (ISB)
of performance risks vis-a vis need for competition. Performance security may be
An Insurance Surety Bond (ISB) is a three-party agreement that provides financial assurance
furnished in the form of an Insurance Surety Bond100, account payee demand draft from a
to one party (the beneficiary) by another party (the surety or bonding company) on behalf of a
commercial bank, bank guarantee (including e-bank guarantee101) issued/confirmed from
third party (the principal). ISB ensures that the principal fulfils their contractual obligations.
any of the commercial banks in India, or online payment in an acceptable form,
Unlike a Bank Guarantee, it is a type of premium-based insurance product and does not
safeguarding the purchaser's interest in all respects. In the case of GTE tenders, the
require a deposit of a collateral amount by the principal with the surety. Here are the key
performance security should be in the same currency as the contract and must conform to
components:
the Uniform Rules for Demand Guarantees (URDG 758) – an international convention
1. Principal: The principal is the party that obtains the surety bond. The principal is typically
regulating international securities102. Unlike the procurement of Works, in the procurement
the contractor or service provider who provides the Bid/ performance security to the
of Goods, the concept of taking part of the Performance Guarantee as money retained
Procuring Entity.
from the first or progressive bills of the supplier is not acceptable.
2. Beneficiary: The beneficiary is the party (Procuring Entity) that requires the Insurance
2. Submission of Performance Security is not necessary for a tender value upto Rupees 50
surety bond. The beneficiary seeks financial protection in case the principal fails to meet
(twenty-five) lakh.
their obligations.
3. Surety Insurer: The surety insurer is the bond issuing entity (Bank or Insurance company)
that issues the bond. They act as a guarantor, assuring the beneficiary that the principal
will perform as promised. If the principal defaults, the surety insurer assesses the extent
98Notified vide OM No. F.1/2/2022-PPD issued by Department of Expenditure dated 01.04.2022. of default and determines the amount payable under the bond. If the principal does not
99 Notified vide OM No. F.1/2/2023-PPD issued by Department of Expenditure dated 01.01.2024.
pay within 14 days, the surety insurer pays within 45 calendar days of receiving the
100Notified vide OM No. F.1/1/2022-PPD issued by Department of Expenditure dated 02.02.2022.
necessary documentation.
101 Notified vide OM No. F.1/4/2022-PPD issued by Department of Expenditure dated 05.08.2022.
102 A set of rules developed by the International Chamber of Commerce first adopted in 1992. The latest version
URDG 758 provides a framework for harmonising international trading practices and establishes agreed-upon rules
for independent guarantees and counter-guarantees among trading partners for securing payment and
performance in worldwide commercial contracts. 103 There is no bar from taking Performance Security from CPSEs
136 137",1,1.000,+procurement;+procuring;+procuring entity;+tender;+tenders;+tendering;+bidder;+bidders;+e-procurement;+bid security;+performance security;+gfr;+breach of contract;+contract;+contracts;+contractor;+bid;+supplier;+lakh;+crore;+amount-threshold;+eprocurement;+office-memorandum;+bid-process
Manual_Goods_2024.pdf,168,"Manual for Procurement of Goods, Second Edition, 2024
Chapter 7: Bid Evaluation and Award of Contract
7.1. Bid Evaluation Process
1. The evaluation of bids is one of the most significant processes of procurement and must
be transparent. All bids are to be evaluated strictly based on the terms and conditions
incorporated in the tender document and those stipulated by the bidders in their bids. No
hearsay information or hitherto undeclared condition should be brought in while evaluating
the bids. Care should be taken to ensure that preferences provided to any category of
bidders on certain specified grounds do not result in a single vendor selection. Similarly,
no tender enquiry condition (especially the significant/essential ones) should be
overlooked/ relaxed while evaluating the bids. The aim should be to ensure that no bidder
gets undue advantage at the cost of other bidders and/or at the cost of Procuring Entity.
2. Tender Committee:
a) For all cases having financial implications of more than Rs. 50 (Rupees Fifty) lakhs, a
Tender Committee (TC or called Tender Evaluation Committee TEC in some
organisations) to evaluate the bids should normally comprise three members, including
a finance member (nominated by the Financial Advisor) and a representative of the
user, as per SoPP. TC should not be large as it may slow down the evaluation process.
However, suitable domain/ technical experts may be included in the committee to
render assistance in the evaluation of the bids. There is no need to constitute any other
committee for technical evaluation, preliminary evaluation, etc. The representative of
the Procuring Entity will work as a convenor (Member Secretary) of the TC. The TC
shall be responsible for all aspects and stages of the tender evaluation. Tender
committees may be constituted with the approval of one level higher than the
competent authority. It is advantageous for organisations doing procurements regularly
to have pre-nominated (by designation) Tender committees for various categories and
value-slabs of procurements included in the SoPP.
b) As per Rule 173 (xxii) of GFR 2017, no member of the tender committee should be
reporting directly to any other member of such committee in case the estimated value
of the procurement exceeds Rs. 50 lakhs. This provision should be ensured in the
constitution of all purchase committees, irrespective of the value of procurement. The
Tender Committee to consider bids may be so constituted that an authority holding
powers for recommending the bids by virtue of his position as a member of the Tender
Committee shall not also be the accepting authority for such tenders.
c) The member secretary of the Tender Committee (or competent authority, in direct
acceptance cases) shall receive the bids opened along with other documents from the
Bid Opening Committee and be responsible for the safe custody of the documents and
for finalising the Procurement. The bid evaluation process is described in the
subsequent paragraphs of this chapter.
3. Schedule of Procurement Powers (SoPP):
a) There are delegations upto a threshold value (called direct acceptance threshold)
below which the evaluation of the Bids may be entrusted solely and directly to the
individual competent authority, without the involvement of a Tender committee or any
evaluation report. He would carry out all the steps in the evaluation described below
instead of the TC and directly record reasons and decisions in the file itself (or online,
157",1,1.000,+procurement;+procuring;+procuring entity;+tender;+tenders;+bidder;+bidders;+bid evaluation;+gfr;+vendor;+contract;+purchase;+bid;+bids;+bid-process
Manual_Goods_2024.pdf,187,"Chapter 7: Bid Evaluation and Award of Contract
during negotiations fails to reduce the costs to a reasonable level. If it is decided to re-
invite the bids, the Specifications should be critically reviewed/modified so as to address
the reasons for not receiving any acceptable bid in the earlier Invitation for bids. The
Procuring Entity may cancel the process of procurement or reject all bids under the
circumstances mentioned below:
a) If the quantity and quality of requirements have changed substantially or there is an
un-rectifiable infirmity in the tender process
b) when none of the bids is substantially responsive to the requirements of the
Procurement Documents;
c) none of the technical Proposals meets the minimum technical qualifying score;
d) If effective competition is lacking. However, lack of competition shall not be determined
solely based on the number of Bidders. (Please refer to the paragraph above regarding
receipt of a single offer.)
e) the Bids’/Proposals’ prices are substantially higher than the updated cost estimate or
available budget;
f) If the bidder, whose bid has been found to be the lowest evaluated bid, fails to sign the
procurement contract, or fails to provide the performance security as may be required
(Para 7.7.3) or otherwise withdraws from the procurement process (para 5.2.5), the
Procuring Entity shall re-tender the case113.
2. In cases where responsive bids are available, the aim should be to finalise the tender by
taking mitigating measures even in the conditions described above. If it is decided to
reinvite the tender, the justification should balance the perceived risks in the finalisation of
the tender (marginally higher rates) against the certainty of resultant delays, cost
escalations, and loss of transparency in the re-invited tender. It may be noted that once a
Tender is retendered, the bids in the old tender cannot be revived and reconsidered, as
per the Indian Contract Act, even if prices received in the new tender turn out to be higher.
3. The CA should accord approval for re-tendering based on the reasons/proper justification
in writing. The decision of the procuring entity to cancel the procurement shall be
immediately communicated to all bidders that participated in the procurement process, and
bids, if not opened, would not be opened and, in case of off-line tenders, be returned
unopened. EMD, cost of Tender Document (if any) etc should be promptly returned.
4. Before retendering, the procuring entity is first to check whether, while floating/issuing the
enquiry, all requirements, and formalities such as standard conditions, industry-friendly
qualification criteria, technical and commercial terms, wide publicity, sufficient time for
tendering, and so on, were fulfilled. If not, a fresh enquiry is to be issued after rectifying
the deficiencies.
7.6.12 Handling Dissent among Tender Committee
1. Tender Committee duties are to be discharged personally by the nominated officers. They
may get the help of their subordinate officers by way of reports/ evaluations, but they would
still be personally answerable to such decisions. TC members cannot co-opt or nominate
others to attend deliberations on their behalf. TC deliberations are best held across the
table and not through the circulation of notes.
2. All members of the TC should resolve their differences through personal discussions
instead of making to-and-fro references in writing. In cases where it is not possible to come
113 Notified vide OM No. F.1/1/2021-PPD issued by Department of Expenditure dated 21.04.2022.
176",1,1.000,+procurement;+procuring;+procuring entity;+tender;+tenders;+tendering;+bidder;+bidders;+performance security;+bid evaluation;+emd;+contract;+bid;+bids;+office-memorandum
Manual_Goods_2024.pdf,205,"Chapter 9: Contract Management Manual for Procurement of Goods, Second Edition, 2024
of the contract and the increased quantity. In case the recalculated value of the contract in such cases that there is a slight deviation from such monthly rate of supply. It should be
goes beyond the delegation of powers of the original CA, approval of the CA for the clarified in such cases that the variation in the periodic rate of supply within +/- 10 (ten) per
enhanced value may be taken. cent in any calendar month or +/- seven per cent cumulative in any calendar quarter, or
2. Conditions Governing Operation of Option Clause: Additional demands should be +/- five per cent cumulative in any calendar year would not be considered as a violation of
available for coverage, and over-provisioning may be avoided by keeping informed the delivery schedule and would not attract LD. Any excess quantity supplied even beyond
officers concerned with provisioning/tender evaluation for the next cycle of procurement. such variations shall also not attract LD but may be rejected as a violation of the delivery
The following points must be kept in mind while operating the option clause: schedule if the Procuring Entity finds it inconvenient to store/ use.
a) If the quantity has been increased under the option clause, the negative option clause 3. Unless otherwise agreed, the buyer of goods is not bound to accept instalments or part
should not be invoked thereafter, or vice a versa. deliveries.
b) In case of a decrease in the ordered quantity, it would be fair to allow the firm to supply
9.3.2 Terms of Delivery
work-in-progress or goods already put up for inspection;
Terms of delivery (FOR, FOB, CIF, CFR, and so on), inter alia, determine the delivery point of
c) There should be no declining trend in the price of the stores as evidenced by the fact
the ordered goods from where the purchaser is to receive/collect the goods. It also decides
that no order has since been placed at lower rates and no tender has been opened
the legally critical issue of when the ‘titles of the goods’ have passed to the purchaser. The
since the time offers have been received at lower rates – even if not finalised;
delivery period is to be read in conjunction with the terms of delivery. Therefore, the delivery
d) If the option clause exists during the provisioning of the next cycle and tender
is taken to have been made at the time when goods reach the delivery point as per the delivery
evaluation in the next cycle of procurement shows an increasing price trend, the
terms. Chapter 6 has more details in this regard.
application of the option clause must be positively considered. The contract
management authority must also keep an eye on delivery against the contract. If other
9.3.3 Delays in Delivery
conditions are satisfied, the option clause must be exercised;
1. Delay in Delivery: Suppliers shall be required to adhere to the delivery schedule
e) The option clause is normally exercised after receipt of 50 (fifty) per cent quantity. If
(including any instalment thereof or incidental Work/ Services, e.g., installation,
the delivery period is going to expire and other conditions are fulfilled, it can be
commissioning, operator training, etc.) specified in the purchase order (or as extended)
exercised even earlier;
and, if there is a delay in supplies, it amounts to breach of contract, since ‘Time is the
f) The option clause shall be exercised during the currency of the contract so that the
Essence of the Contract’. The Procuring Entity may, without prejudice to his other rights:
contractor has reasonable time/notice for executing such an increase. It can be
exercised even if the quantity of the original ordered order is completed before the a) Recover from the contractor liquidated damages as per para 9.3.9 below or
original last date of delivery. If not already agreed upon, the delivery period shall be b) treat the delay as a breach of contract as per para 9.8.2 below and avail all the
fixed for the additional quantity on the lines of the delivery period in the original order. remedies therein, although it is in the purchaser’s interest to resort to this provision
This will satisfy the requirement of giving reasonable notice to the supplier to exercise only as a last resort in case of inordinate delays.
the option clause; 2. Inordinate Delays: Inexcusable delays of more than one-fourth (25%) of the total
g) This provision can also be exercised in case of PAC/single supplier OEM cases. completion period shall be treated as inordinate delays. Such inordinate delays may be
h) However, where parallel contracts on multiple suppliers are available, care should be treated as a breach of contract and shall be noted as deficient performance and held
taken in exercising the option clause so that the original tender decision of splitting against the contractor in future tenders. A show-cause notice shall be issued to the
quantities and differential pricing is not upset or vitiated. Other things being equal, the contractor before declaring it a deficient performance. In case Procuring Entity decides to
supplier with the lower rate should first be considered for the option quantity. allow performance of contract, after inordinate delays, maximum limit on LD shall be 10%
(instead of 5%) of the total contract value, as per para 9.3.9-1 below.
9.3. Time Control – Monitoring Delays
3. Delay in Supplies for which Supplier is not Responsible:
9.3.1 Delivery Period a) In cases where there is a delay for which the supplier is not responsible, the delivery
period needs to be re-fixed without imposing any penalty on the supplier (i.e., without
1. The period for delivery of the ordered goods and completion of any allied service(s) thereof
LD and without a denial clause). Normally, in the following circumstances, the supplier
(such as installation and commissioning of the equipment, operators’ training, and so on)
may not be considered to be responsible for the delay:
are to be properly specified in the contract with definite dates and these shall be deemed
i) Cases where the supplier is dependent on the approval of the pre-production
to be the essence of the contract. The delivery period stipulated in contracts should be
sample, and the delay occurs in approving the sample though submitted by the
specific and practical. Vague and ambiguous terms such as 1,000/5,000 (one to five
supplier in time;
thousand) numbers per month, 2 to 16 (two to sixteen) weeks from the date of receipt of
ii) Where extension in the delivery period is granted on account of some omission on
order, ‘immediate’, ‘ex-stock’, ‘as early as possible’, ‘off the shelf’, ‘approximately’ and the
the part of the purchaser, which affects the due performance of the contract by the
like should be scrupulously avoided as these will not be legally binding.
supplier,
2. In the case of items such as raw material, in which consignments are delivered throughout
iii) Cases where the purchaser controls the entire production schedule of supplier.
the year, a delivery schedule of the monthly rate of supply should be specified. It is usual
194 195",1,1.000,+procurement;+procuring;+procuring entity;+tender;+tenders;+purchase order;+liquidated damages;+breach of contract;+contract;+contracts;+contractor;+purchase;+penalty;+supplier;+suppliers
Manual_Goods_2024.pdf,224,"Chapter 9: Contract Management
9.6.6 Goods Receipt and Inspection Report
1. If the received material successfully passes the quantity and quality checks, accounting of
the material received shall be based on the Goods Receipt and Inspection Report (GRIR
- Annexure 25) prepared after inspection and acceptance of the material, which the
concerned officers will sign. This includes cases where payment is made to the supplier
on proof of dispatch, for which inspection at the suppliers’ premises is conducted by an
authorised officer of Procuring Entity prior to dispatch by suppliers. This excludes cases
of imported materials where accounting will be done on completion of certain further
formalities as per regulations and practices. While a preliminary receipt is only an
acknowledgement of the quantity received, GRIR is an acknowledgement of receipt of the
correct quantity as well as quality of goods. GRIR is a voucher that forms the basis for the
supplier to claim payment as per the contract. It also is a voucher for the amount of material
received in the inventory accounts. Along with the GRIR, material is handed over to the
warehouse where it is to be stored.
2. In case the received material fails to pass quantity and quality checks, a rejection GRIR is
issued, noting the reasons for rejection. If feasible, a yellow paint (or chisel) mark should
be put on the rejected material to prevent its resubmission by the supplier. The associated
Finance/ FA should be asked to recover any advance payment or freight charges paid for
the rejected quantity. The rejection GRIR contains instructions for the supplier to take back
the rejected goods within a stipulated number of days (usually 21). During such time the
materials lies with the consignee at supplier’s risk and cost. Such removal should be
permitted only after the advance payment/freight paid is recovered. Lots that are under
inspection, accepted, or rejected should be properly tagged, segregated, and identified.
3. In case the supplier does not lift the rejected goods within the stipulated time, a ground
rent (say at 0.2% to 05% per day of the value of goods as per contract). If the supplier
does not respond within a reasonable time, the procuring entity may treat the material as
scrap and dispose it off as deemed fit, under intimation to the supplier, to recover its dues.
Such provisions should be part of the tender document.
4. Delay in preparation and release of GRIR delays payment to the supplier. Procuring
entities must put in place a system of records/ monitoring and periodic inspection by senior
supervisors/ officers so that GRIR is released without any undue delay (say not later than
21 days). A summary of such cases of undue delay may be requested and reviewed by
the head of the procuring entity every month.
9.6.7 Storage and Issue of Inspected Goods
After satisfactory inspection and tests, the accepted materials should be stamped, labelled,
marked, or sealed and stored systematically. This is to facilitate easy retrieval at a later stage.
As all goods needed or procured cannot be consumed at one point of time, storage is an
inevitable process. The storage system forms the key component of any materials
management system. It should be ensured that the goods are stored in such conditions that
they are protected against unauthorised removal and deterioration.
9.7. Contract Administration
9.7.1 Performance Security
1. The Contractor must maintain the Performance Security of the required amount in a
specified format during the currency of the Contract. In the event of any amendment issued
214",1,1.000,+procuring;+procuring entity;+tender;+performance security;+consignee;+contract;+contractor;+supplier;+suppliers;-annexure
Manual_Goods_2024.pdf,243,"Chapter 9: Contract Management Manual for Procurement of Goods, Second Edition, 2024
9. Award within 12 (twelve) months: The arbitral tribunal is statutorily bound to deliver an item-wise the sum and reasons upon which it is based. The analysis and reasons shall be
award within 12 (twelve) months from the date when the arbitral tribunal enters reference. detailed enough so that the award can be inferred from it. It shall be further a term of this
The award can be delayed by a maximum of six months only under exceptional arbitration agreement that where the arbitral award is for the payment of money, no interest
circumstances where all parties consent to such extension of time. The court’s approval shall be payable on the whole or any part of the money for any period till the date on which
shall be required for further extension if the award is not made out within such an extended the award is made in terms of Section 31 (7) (a) of The Arbitration Act. The award of the
period. During the period of an application for an extension of time awaiting before the arbitrator shall be final and binding on the parties to this contract. A party may apply for
court, the arbitrator’s proceedings shall continue until the disposal of the application. corrections of any computational errors, typographical or clerical errors, or any other error
10. Cost of Arbitration and Fees of the Arbitrators: The concerned parties shall bear the of a similar nature occurring in the award or interpretation of a specific point of the award
cost of arbitration in terms of section 31 (A) of The Arbitration Act. The cost shall inter-alia to the Tribunal within 60 days of receipt of the award. A party may apply to the Tribunal
include fees of the Arbitrator. Further, the fees payable to the Arbitrator shall be governed within 60 days of receiving the award to make an additional award as to claims presented
by instructions issued on the subject by the Procuring Entity and/ or the Government from in the arbitral proceedings but omitted from the arbitral award.
time to time, in line with the Arbitration and Conciliation Act, irrespective of the fact whether
9.9.11 Challenging Arbitration/ Judicial Awards
the Arbitrator is appointed by the Procuring Entity or the Government under this clause or
1. ln matters covered by arbitration/ court decisions123, the guidance contained in ‘General
by any court of law unless directed explicitly by Hon’ble court otherwise on the matter. A
Instructions on Procurement and Project Management’ dated 29.10.2021124 should be
sole arbitrator shall be entitled to a 25% extra fee over such a prescribed fee. The arbitrator
kept in mind. In cases where there is a decision against the government/ public sector
shall be entitled to a 50 per cent extra fee if the award is made within 6 months in terms of
enterprise, the decision to challenge/ appeal should not be taken routinely, but only when
provisions contained in section 29(A) (2) of The Arbitration Act. Besides the above, the
the case genuinely merits going for challenge/ appeal and there are high chances of
Arbitrator shall also be entitled to this extra fee in cases where the Fast Track Procedure
winning in the court/ higher court.
in terms of section 29 (B) of The Arbitration Act is followed.
2. In cases where the Ministry/ Department has challenged an arbitral award and, as a result,
11. Fast Track Procedure: The parties to arbitration may choose to opt for a fast-track
the amount of the arbitral award has not been paid, 75% of the arbitral award (which may
procedure either before or after the commencement of the arbitration. The award in fast-
include interest up to date of the award) shall be paid by the Ministry/ Department to the
track arbitration is to be made out within six months, and the arbitral tribunal shall be
contractor/ concessionaire against a Bank Guarantee (BG). The BG shall only be for the
entitled to additional fees. The salient features of the fast-track arbitration are:
said 75% of the arbitral award as above and not for the interest, which may become
a) The dispute is to be decided based on written pleadings only. Procuring Entities may
payable to the Ministry/ Department should the subsequent court order require a refund of
encourage Fast Track Procedure based on written pleadings only.
the said amount.
b) The arbitral Tribunal shall have the power to call for clarifications in addition to the
3. The payment may be made into a designated Escrow Account with the stipulation that the
written pleadings where it deems necessary.
proceeds will be used first for payment of lenders’ dues, second for completion of the
c) An oral hearing may be held only if all the parties request or the arbitral tribunal
project and then for completion of other projects of the same Ministry/ Department as
considers it necessary.
mutually agreed/ decided. Any balance remaining in the escrow account after settlement
d) The parties are free to decide the fees of the arbitrator(s) for a fast-track procedure.
of lenders’ dues and completion of projects of the Ministry/ Department may be allowed to
12. Powers of Arbitral Tribunal to grant Interim Relief: The parties to arbitration may
be used by the contractor/ concessionaire with the prior approval of the lead banker and
approach the arbitral tribunal to seek interim relief on the grounds available under section
the Ministry/ Department. If otherwise eligible and subject to contractual provisions, and
9 of the act. The tribunal has the powers of a court to make interim awards in the
other amounts withheld may also be released against BG.125
proceedings before it.
4. Arbitration /court awards should be critically reviewed. In cases where there is a decision
13. Confidentiality: As provided in Section 42A of The Arbitration Act, all the details and
against government / public sector enterprise (PSE), the decision to appeal should not be
particulars of the arbitration proceedings shall be kept confidential, except in certain
taken routinely, but only when the case genuinely merits going for the appeal and there
situations where the disclosure is necessary for the implementation or execution of the
are high chances of winning in the court/ higher court. There is a perception that such
arbitral award.
appeals, etc., sometimes resorted to postpone the problem and defer personal
14. Obligation During Pendency of Arbitration: Performance of the contract shall, unless
accountability. Casual appeals in arbitration / court cases have resulted in the payment of
otherwise directed by the Procuring Entity, continue during the arbitration proceedings,
heavy damages / compensation / additional interest cost, thereby causing more harm to
and no payment due or payable by the Procuring Entity shall be withheld on account of
the exchequer, in addition to tarnishing the image of the Government.
such proceedings, provided; however, it shall be open for Arbitral Tribunal to consider and
decide whether or not the performance of the contract or payment therein should continue
during arbitration proceedings.
15. The Arbitral Award: In the case of the Tribunal, comprising three members, any ruling on 123Notified vide OM No. F. 11/21/2024-PPD issued by Department of Expenditure dated 03.06.2024
124Notified vide OM No. F./1/9/2021-PPD issued by Department of Expenditure dated 29.10.2021.
an award shall be made by a majority of members of the Tribunal. In the absence of such
125New rule 227A of GFR, 2017 notified vide OM No. F.1/9/2021-PPD issued by Department of Expenditure dated
a majority, the views of the Presiding Arbitrator shall prevail. The arbitral award shall state
29.10.2021.
232 233",1,1.000,+procurement;+procuring;+procuring entity;+gfr;+contract;+contractor;+office-memorandum
Manual_Goods_2024.pdf,261,"Manual for Procurement of Goods, Second Edition, 2024 Manual for Procurement of Goods, Second Edition, 2024
Annexure 2: Delegation of Financial Powers – Indents, Contracts and Annexure 3: Powers for Incurring Contingent Expenditure
Purchases for Public Service (Excerpts from DFPR Rule 13 (3), Schedule V, Refer Para 1.5-1)
(Excerpts from DFPR, 1978, Refer 1.5-1; 7.5.10-2) Authority Extent of power&&
(1) (2)
DFPR Rule 21 of the Delegation of DFPR Rule 21(a) Minister in DFPR Rule 21 (b)
Financial Power Rules,1978** Charge of the Department Secretary of the
Recurring Non-recurring
Department
Departments of the Central
For open or limited tender contracts Rs. 20 crores
Government:
For single tender, including the resultant
Rs. Five crores (i) Vice-President’s Full powers Full powers
single offer or proprietary contracts
Full Powers
Secretariat.
For agreements or contracts for
(ii) Other Departments Full powers Full powers
technical collaboration and consultancy Rs. Two crores
services
Administrators Full powers Full powers
** DoE, Ministry of Finance No.F.1(17)-E.II(A)86-No.F.1(15)-E.II(A)88 Dated: 16th September 2003
Heads of Department %%The Departments of the Central Government shall, in
Notwithstanding anything as above, in cases where the award of contract or purchase or consultancy
consultation with the Financial Adviser of the Department
is inseparably linked with the project or scheme and forms a part of the proposals for Standing Finance
concerned, have full powers for deciding the financial limit up to
Committee (SFC) or Committee on Non-Plan Expenditure (CNE) or Expenditure Finance Committee
which they can delegate powers to Heads of Departments and also
(EFC) or Cabinet, the same will be processed as per the financial limits laid down for sanction of such
to what extent such HoDs may exercise these powers without
schemes or projects by the Competent Authority.
consultation with FA of the Department.
Explanation: In this rule, the word “contract” includes miscellaneous contracts, such as handling
contracts and leases. Leases for hiring accommodation for office, residential and other purposes shall,
Heads of Offices other than Rs. 1000 per month in each Rs. 5000 in each case.
however, be regulated under item16 of the Annexure to Schedule V. If a contract extends over a period,
Under Secretaries case
the total value over the entire period of currency shall be taken for the purpose of applying the limit.
Further a limited or open tender which results in only one effective offer shall also be treated as a single
Under Secretaries in the Rs.2000 per month in each case Rs.5000 in each case.
tender contract.” (for the purpose of delegation of powers).
Departments of the Central
Re-delegation of Powers: Under Rule 13 of the Delegation of Financial Powers Rules (DFPR) and the
Government declared as
Schedules thereunder, and orders of DoE, certain powers have been given to Departments and to
Heads of Offices.
Heads of Department to decide the financial limits up to which they wish to further delegate powers for
incurring certain types of expenditure. Such cases of re-delegation of powers may be either with a && Expenditure on indents, Contracts and Purchases is included under contingent expenditure (except
requirement to consult with the Financial Adviser in individual cases while exercising the re-delegated where it is treated otherwise, e.g., stores relating to works).
power or without a requirement to consult the Financial Adviser in individual cases while exercising the %% DoE, Ministry of Finance No.1 (11)/E.II(A)/2003 Dated: 1st February 2005 and No. 1/7/E.ll(A)/2008
re-delegated power. All orders of re-delegation of powers require consultation of the Financial Adviser Dated: 30th May 2008
on both these points, viz., the extent of re-delegation and whether or not consultation of the Financial
Explanation The powers delegated to the Departments of the Central Government are to be
Adviser in individual cases will be required. (Para 20, Charter for FA, 2023)
exercised by the issue of formal sanctions in the name of the President, such sanctions being
authenticated by the officers authorised to do so under Article 77 of the Constitution.
The Under Secretaries in the Departments of the Central Government who are declared as Heads of
Offices under Rule 14 of DFPR may sanction contingent expenditure up to the extent indicated in the
Table above without issuing formal sanctions in the name of the President.
252 253",1,1.000,+procurement;+tender;+limited tender;+open tender;+contract;+contracts;+purchase;+purchases;-annexure
Manual_Goods_2024.pdf,280,"Manual for Procurement of Goods, Second Edition, 2024
Annexure 17: Letter (Notification) of Award (LoA) of Contract
(Refer Para 7.7.1-1)
Name of the procuring entity___________________________________________________
Letter of Award of Contract
Confidential
Contract No: [Insert date]
Contract Title:
To,
M/s. [Insert name & address]
Sub: Award of contract for contract no: [insert contract number] and contract title: [insert contract title]
REF. Your offer no. [insert offer number] against our tender no. [insert tender no] opened on [insert date
of opening of tender]
Dear Sir/ Madam
I am directed to inform you that after evaluating the bids submitted by you on ----[enter date] ---------
[Enter Name of Procuring Entity] is pleased to inform you that you have been selected as the successful
bidder for the supply of [enter description]. The total purchase price shall be [enter amount] as indicated
in your financial bid submitted on [enter date], in accordance with the procedures intimated in the
relevant tender documents.
You/your authorised representative(s) are requested to be personally present at [insert address] to sign
the contract by [enter date].
In this respect, we also request you to submit the performance security of [insert amount of Rupees in
words] by [insert date]. Security deposit being --% (-- per cent) of the total cost = Rs. _______________.
Please apply for a refund of EMD deposited over and above the SD, if any.
You are requested to execute necessary agreement within seven days from the date of issue of this
letter in the enclosed agreement form. Special adhesive stamp of Rs.10 (Rupees Ten) and revenue
stamp of Rupee one shall be affixed on the enclosed agreement form. Treasury receipts of EMD and
SD shall be deposited in office within the stipulated time limit as above.
This notification concludes the legally binding contract between you and the Government of India, till
issue of a formal contract.
Yours truly,
[Authorised Officer]
Enclosure: Agreement Form along with the delivery schedule
272",1,1.000,+procurement;+procuring;+procuring entity;+tender;+bidder;+performance security;+financial bid;+emd;+contract;+purchase;+bid;+bids;-annexure
Manual_Goods_2024.pdf,299,"Manual for Procurement of Goods, Second Edition, 2024 Annexure 30: Integrity Pact Format
e. The Bidder(s)/ Contractor(s) shall, when presenting their bid, disclose any and all payments
made, is committed to, or intends to make to agents, brokers, or any other intermediaries in
Annexure 30: Integrity Pact Format connection with the award of the contract.
f. Bidder(s) /Contractor(s) who have signed the Integrity Pact shall not approach the Courts while
(Refer para 3.3-2)
representing the matter to IEMs and shall wait for their decision.
INTEGRITY PACT 2) The Bidder(s)/ Contractor(s) shall not instigate third persons to commit offences outlined above or
Between be an accessory to such offences.
[the Procuring Organisation] hereinafter referred to as “The Principal,” and __________________ Section 3 - Disqualification from the tender process and exclusion from future contracts
hereinafter referred to as “The Bidder/ Contractor.” If the Bidder(s)/Contractor(s), before award or during execution, has committed a transgression through
Preamble a violation of Section 2, above or in any other form such as to put their reliability or credibility in question,
The Principal intends to award contract/s for__________________, under laid down organisational the Principal is entitled to disqualify the Bidder(s)/Contractor(s) from the tender process or take action
procedures, The Principal values full compliance with all relevant laws of the land, rules, regulations, as per laid down procedure to debar the Bidder(s)/Contractor(s) from participating in the future
economical use of resources, and fairness / transparency in its relations with its Bidder(s) and / or procurement processes of the Government of India.
Contractor(s). Section 4 – Compensation for Damages
To achieve these goals, the Principal shall appoint Independent External Monitors (IEMs) who shall 1) If the Principal has disqualified the Bidder(s) from the tender process before the award according
monitor the tender process and the execution of the contract for compliance with the abovementioned to Section 3, the Principal is entitled to demand and recover the damages equivalent to Earnest
principles. Money Deposit/ Bid Security.
Section 1 – Commitments of the Principal 2) If the Principal has terminated the contract according to Section 3, or if the Principal is entitled to
terminate the contract according to Section 3, the Principal shall be entitled to demand and recover
1) The Principal commits itself to take all measures necessary to prevent corruption and to observe
from the Contractor liquidated damages of the Contract value or the amount equivalent to
the following principles: -
Performance Bank Guarantee.
a. No employee of the Principal, personally or through family members, shall in connection with
the tender for, or the execution of a contract, demand, take a promise for or accept, for self or Section 5 – Previous transgression
third person, any material or immaterial benefit which the person is not legally entitled to. 1) The Bidder declares that no previous transgressions occurred in the last three years with any other
b. The Principal shall treat all Bidder(s) with equity and reason during the tender process. The Company in any country conforming to the anti-corruption approach or with any Public Sector
Principal shall, in particular, before and during the tender process, provide to all Bidder(s) the Enterprise in India that could justify his exclusion from the tender process.
same information and shall not provide to any Bidder(s) confidential / additional information 2) If the Bidder makes an incorrect statement on this subject, the Principal shall act like para 2) of
through which the Bidder(s) could obtain an advantage in the tender process or the contract Section 4 above.
execution. Section 6 – Equal treatment of all Bidders / Contractors / Subcontractors
c. The Principal shall exclude from the process all known persons having conflict of interest.
In the case of Sub-contracting, the Principal Contractor shall take responsibility for adopting the Integrity
2) If the Principal obtains information on the conduct of any of its employees which is a criminal
Pact by the Sub-contractor.
offence under the IPC/PC Act, or if there be a substantive suspicion in this regard, the Principal
a. The Principal shall enter into agreements with identical conditions as this one with all
shall inform the Chief Vigilance Officer and in addition shall initiate disciplinary proceedings.
Bidders and Contractors.
Section 2 – Commitments of the Bidder(s)/ Contractor(s) b. The Principal shall disqualify from the tender process all bidders who do not sign this Pact
1) The Bidder(s)/ Contractor(s) commits themselves to take all measures necessary to prevent or violate its provisions.
corruption. The Bidder(s)/ Contractor(s) commits themselves to observe the following principles
Section 7 – Criminal charges against violating Bidder(s) / Contractor(s) / Subcontractor(s)
during participation in the tender process and the contract execution.
If the Principal obtains knowledge of the conduct of a Bidder, Contractor, or Subcontractor, or of an
a. The Bidder(s)/ Contractor(s) shall not, directly or through any other person or firm, offer,
employee or a representative or an allied firm of a Bidder, Contractor or Subcontractor which constitutes
promise, or give to any of the Principal’s employees involved in the tender process or the
corruption, or if the Principal has substantive suspicion in this regard, the Principal shall inform the same
execution of the contract or to any third person any material or other benefit which they are
to the Chief Vigilance Officer.
not legally entitled to, in order to obtain in exchange any advantage of any kind whatsoever
Section 8 – Independent External Monitor
during the tender process or the execution of the contract.
b. The Bidder(s)/ Contractor(s) shall not enter with other Bidders into any undisclosed agreement 1) The Principal shall appoint competent and credible Independent External Monitor(s) for this Pact
or understanding, whether formal or informal, in violation of the Competition Act, 2002 (as after approval by the Central Vigilance Commission. The task of the Monitor is to review,
amended from time to time). This applies in particular to prices, specifications, certifications, independently and objectively, whether and to what extent the parties comply with the obligations
subsidiary contracts, submission or non-submission of bids or any other actions to restrict under this agreement.
competitiveness or to introduce cartelisation in the tender process. 2) The Monitor is not subject to instructions by the parties' representatives and performs their
c. The Bidder(s)/ Contractor(s) shall not commit any offence under the relevant IPC/PC Act; functions neutrally and independently. The Monitor would have access to all Contract documents
further, the Bidder(s)/ Contractor(s) shall not use improperly, for purposes of competition or whenever required. It shall be obligatory for them to treat the information and documents of the
personal gain, or pass on to others, any information or document provided by the Principal as Bidders/Contractors as confidential. They report to the Management of the Principal.
part of the business relationship, regarding plans, technical proposals, and business details, 3) The Bidder(s)/Contractor(s) accepts that the Monitor has the right to access without restriction, all
including information contained or transmitted electronically. Project documentation of the Principal, including that provided by the Contractor. Upon their
d. The Bidder(s)/Contractors(s) of foreign origin shall disclose the name and address of the request and demonstration of a valid interest, the Contractor shall also grant the Monitor
Agents/representatives in India, if any. Similarly, the Bidder(s)/Contractors(s) of Indian unrestricted and unconditional access to their project documentation. The same applies to Sub-
Nationality shall furnish the name and address of the foreign principals, if any. Further details, contractors.
as mentioned in the “Guidelines on Indian Agents of Foreign Suppliers,” shall be disclosed by 4) The Monitor is under contractual obligation to treat the information and documents of the Bidder(s)/
the Bidder(s)/Contractor(s). Further, as mentioned in the Guidelines, all the payments made Contractor(s)/ Sub-contractor(s) with confidentiality. The Monitor has also signed declarations on
to the Indian agent/representative must be in Indian Rupees only. Copy of the “Guidelines on ‘Non-Disclosure of Confidential Information’ and ‘Absence of Conflict of Interest.’ In case of any
Indian Agents of Foreign Suppliers” is placed on Annex hereto. conflict of interest arising later, the IEM shall inform the Management of the Principal and recuse
themselves from that case.
290 291",1,1.000,+procurement;+procuring;+tender;+bidder;+bidders;+bid security;+central vigilance;+liquidated damages;+contract;+contracts;+contractor;+bid;+bids;+suppliers;-annexure;-disciplinary;+bid-process
Manual_Goods_2024.pdf,317,"Annexure 31: Consolidated List of Medical Devices/Equipment and Drugs that Can be Procured through Manual for Procurement of Goods, Second Edition, 2024
GTE
11.25 mg
119. Peri toneal Dialysis Solution With 1.5% Dextrose
Annexure 32: FAQs About Public Procurement Policy for MSEs
&
Peritoneal Dialysis Solution With 2.5% Dextrose Order, 2012142
120. Hum an Growth Hormone- Each Cartridge to contain:
(Refer Para 1.11.2-7-e))
Somatropin 16 IU (R-DNA Origin)/ Somatropin 5.3 mg/ml (R-DNA Origin)
Question 1: What is the share of procurement from MSEs out of the total procurement made by Central
Government Ministries/ Departments/ Public Sector Undertakings?
Answer. Under amended Public Procurement Policy for MSEs, Order 2012 a minimum 25 per cent
share out of the total annual procurement by Central Government Ministries / Departments / Public
Sector Undertakings are to be made from MSEs.
Question 2: Is there any reservation for MSEs owned by SC/ST/ Women entrepreneurs?
Answer. Yes, out of 25% target of annual procurement from MSEs (Not in the specific tender), a sub-
target of 4% of annual procurement from MSEs is earmarked for procurement from MSEs owned by
Scheduled Caste (SC) / Scheduled Tribe (ST) entrepreneurs and 3% of annual procurement from MSEs
is earmarked for procurement from MSEs owned by women entrepreneur. However, in event of failure
of such MSEs to participate in tender process or meet tender requirements and L1 price, 4% sub-target
for procurement earmarked for MSEs owned by SC/ST entrepreneurs and 3% earmarked to women
entrepreneur will also be met from other MSEs.
Question 3: Who is eligible for availing the benefits under the Public Procurement Policy?
Answer. As mentioned in Section 7(4) of Ministry of MSME's Notification No. S.O2119(E) dated 26th
June 2020, an enterprise registered with any other organization under the Ministry of MSME shall
register itself under Udyam Registration. With effect from 01.07.2020, MSEs registered under Udyam
Registration are eligible to avail the benefits under the Policy. MSEs registered under Udyog Aadhaar
Memorandum (UAM), validity of which is till 31.03.2022, are also eligible to avail the benefits under the
Policy.
Question 4: What is the date of implementation of the policy?
Answer. The policy is applicable with effect from 1.4.2012 and became mandatory with effect from
1.4.2015 onwards.
Question 5: Is the Policy transparent, competitive, and cost effective?
Answer. The Policy rests upon core principles of competitiveness, adhering to sound procurement
practices and execution of orders for supply of goods and services in accordance with a system which
is fair, equitable, transparent, competitive, and cost effective.
Question 6: Is the policy implemented in parts or fully from its inception?
Answer. As per Gazette Notification (S.O. 5670(E) dated 8th November 2018, it is mandatory for all
Central Government Ministries / Departments/ CPSEs to procure at least 25% of their annual
procurement from MSEs including 4% from MSEs owned by SC/ST entrepreneur and 3% from MSEs
owned by women entrepreneur.
Question 7: Is there any monitoring system for assessing the Government procurement from MSEs?
Answer. To monitor the progress of procurement by Central Government Ministries/ Departments and
CPSEs from MSEs, Ministry of MSME has launched the MSME Sambandh Portal on 8th December
2017 for uploading procurement details by all CPSEs on a monthly and an annual basis which is
regularly monitored by the Ministry.
Question 8: Is there a price matching facility for procurement from MSEs over large scale?
Answer.
(i) Price quotation in tenders: In tender, participating Micro and Small Enterprises, quoting price within
price band of L1+15 per cent shall also be allowed to supply a portion of requirement by bringing down
their price to L1 price in a situation where L1 price is from someone other than a Micro and Small
Enterprise and such MSE shall be allowed to supply up to 25 per cent of total tender value.
(ii) In case of more than one such Micro and Small Enterprise, the supply shall be shared proportionately
(to tendered quantity).
142 https://www.dcmsme.gov.in/FAQs-PPP_25032022.pdf
308 309",1,1.000,+procurement;+procurement policy;+tender;+tenders;+quotation;-reservation;-annexure;-medical;+procurement-policy
Manual_Goods_2024.pdf,336,"Annexure 36: Payment and Receipt Procedures of GeM
and an email, and an SMS Alert will be sent to Consignee informing that consignee has to
mandatorily acknowledge receipt of stores/ milestone achievement/ service delivery through
generation of PRC on GeM. The Buyer/ Consignee should receive the Goods/Services and issues
an online Provisional Receipt Certificate (PRC), within 48 hours, on 'said to contain basis’ on the
GeM portal with his/her digital signature / e-sign, mentioning the date of Receipt. (From this date
of receipt mentioned in PRC, the period of ten (10) days for consignee's/buyer's right of rejection
and return policy would be applicable unless otherwise specified in a particular contract)
e. In case the consignee does not issue PRC within 48 hrs from entry of delivery of goods/
milestone achievement/ service delivery by Seller/ Service Provider, an alert will be flashed on the
dashboard of the consignee and an email, and an SMS Alert will be sent to Consignee and Buyer
informing that consignee must mandatorily acknowledge receipt of stores/ milestone achievement/
service delivery through generation of PRC on GeM.
f. After expiry of 72 hrs. from the first alert, another alert will be flashed on the dashboard of the
Consignee, Buyer including HoD and an email along with an SMS Alert to Consignee , Buyer, HoD
informing that consignee has to mandatorily acknowledge receipt of stores/ milestone
achievement/ service delivery through generation of PRC on GeM and if the time limit of 96 hrs
expires from the date of delivery of goods/ milestone achievement/ service delivery as per entry
made by Seller/ Service provider and if the consignee does not acknowledge receipt of stores/
milestone achievement/ service delivery by generating PRC or disputes the same by rejecting
receipt, it would be presumed that goods have been delivered/milestone achievement I service
delivery has been made to consignee and PRC will be auto generated by the system (Deemed
PRC).
g. However, if the consignee does not issue PRC within 96 hrs from delivery of goods/ milestone
achievement/ service delivery as per entry made by Seller/ Service provider, GeM System/Portal
would auto generate unsigned PRC considering the date of delivery of goods/ milestone
achievement/ service delivery as indicated by the seller as deemed date of receipt for issuance of
PRC. GeM portal shall also send periodic notifications every 24 hrs. to the Consignee, Buyer and
the HoD about issuance of auto generated Deemed PRC for next 48 hrs.
h. In case the PRC is auto-generated, the consignee shall have the provision on GeM to respond
back within 48 hrs if the goods have not been received or short received recommending to cancel
or amend/correct the date of receipt/ quantity in the auto-generated Deemed PRC. In case nothing
is reported/ corrected by consignee on the system, it will be presumed that the consignee has
nothing to say and the auto-generated Deemed PRC will be considered as final for all purposes.
i. If it is found at any stage that seller/ service provider has sent/ uploaded incorrect information
on GeM, based on which PRC has been wrongly auto generated, the seller/ service provider will
be dealt severely and should be debarred by GeM for three years.
11. Consignee Receipt and Acceptance of Stores on GeM:
After issue of PRC/ Deemed PRC, the system will start sending an alert on the Dashboard of the
consignee and an email and an SMS Alert will be sent as per escalation matrix specified below to issue
the CRAC within 10 days:
a. Level 1 - Upto 3 days - Consignee
b. Level 2-4 and 5th day - Consignee and Buyer
c. Level 3 - 6 to 10th day - Consignee, Buyer, HoD
After verification including assessment of quality and quantity of goods /verification of completion of all
deliverables defined in the milestone/ completion of service for the defined period, the Consignee(s) will
issue an on-line digitally/e-signed Consignee's Receipt & Acceptance Certificate (CRAC) (Goods
CRAC/Service CRAC/ Delivery CRAC/ Installation CRAC/ Final CRAC as the case may be) (within 10
days (unless otherwise specified in a particular contract) of date of receipt indicated in PRC/deemed
date of receipt as indicated in Deemed PRC. The CRAC would clearly indicate the Order quantity/
milestone achievement/ service delivery, rejected quantity/ unacceptable milestone achievement
/unacceptable service delivery (if any, with reasons for rejection including
328",1,1.000,+gem;+consignee;+contract;-annexure;+gem-portal
Manual_Goods_2024.pdf,355,"Appendix 2: Legal Aspects of Public Procurement
process and to ensure that every final arbitral award is enforced in the same manner as if it was a
decree of the court. It covers both international and domestic arbitration and conciliation.
4.1. Arbitration
Arbitration is one of the oldest methods of settling civil disputes arising out of and during performance
of the contract between two or more persons by reference of the dispute to an independent and impartial
third person called the arbitrator, instead of litigating the matter in the usual way through the courts. It
saves time and expense, avoids unnecessary technicalities and, at the same time, ensures “substantial
justice within limits of the law.”
4.2. Arbitrator, Arbitration and Arbitral Award
The person or persons appointed to determine differences and disputes are called the arbitrator or
arbitral tribunal. The proceeding before him is called arbitration proceedings. The decision is called an
Award. For Law of Limitations, The Arbitration for a particular dispute is deemed to have commenced
on the date, on which a request for arbitration is received by the respondent.
4.3. Arbitration Agreement
It is an agreement by the parties to submit to arbitration all or certain disputes, which have arisen, or
which may arise between them, in respect of a defined legal relationship, whether contractual or non-
contractual. The dispute resolution method of arbitration, as per the Arbitration and Conciliation Act,
can be invoked only if there is an arbitration agreement (in the form of an arbitration clause or a separate
arbitration agreement) in the contract. If there is such an agreement, courts are barred from directly
entertaining any litigation in respect of such contracts and are bound instead to refer the parties to
arbitration. Procuring Entity May lay down that Arbitration Clause would not be applicable for claims
below and/ or above a threshold (say below Rs. 25 Lakhs and above Rs. 100 Crores, on the lines of
ONGC). Disputes involving claims above Rs. 100 crores shall be adjudicated under the Commercial
Courts, Commercial Division and Commercial Appellate Division of High Courts Act, 2015. This
Agreement should state that it shall continue to survive 120 days after termination, completion, or
closure of the Contract.
4.4. Ad-hoc and Institutional Arbitration
Ad-hoc arbitration and institutional arbitration are two different modes of arbitration under the Indian
Arbitration and Conciliation Act, 1996.
4.4.1. Ad-hoc Arbitration
1. In ad-hoc arbitration, the parties are free to choose the arbitrators, the rules, the procedures,
and the administrative support for their dispute resolution.
2. In institutional arbitration, the parties agree to refer their dispute to an arbitration institution (see
list below), which have their own standardised and proven set of rules, a panel of certified
arbitrators, and administrative services.
3. Ad-hoc arbitration may be more flexible and cheaper than institutional arbitration, as it allows
the parties to tailor the process according to their needs and preferences. However, it may also
be more time-consuming and uncertain, as it depends on the cooperation and competence of
the parties and the arbitrators.
4. Institutional arbitration may be more efficient and dependable than ad-hoc arbitration, as it
offers a standardized and streamlined process, with quality control and supervision by the
arbitration institution. However, it may also be more expensive and rigid, as it involves fees for
the institution and adherence to its rules.
5. Traditionally, India has favoured ad-hoc arbitration over institutional arbitration due to several
factors. However, in recent years, there has been a shift towards institutional arbitration as India
seeks to improve its arbitration regime and attract more foreign investment.
348",1,1.000,+procurement;+procuring;+procuring entity;+contract;+contracts;+amount-threshold;+procurement-policy
Manual_for_Procurement_of_Works_Updated June_ 2022.pdf,0,"FOREWORD
1. Government organizations procure a wide variety of goods and services and undertake
execution of works in pursuance of their duties and responsibilities. With a view to
improving transparency in decision making in public procurement and reducing the
scope for subjectivity, Department of Expenditure in 2006 had prepared a set of three
Manuals on Policies and Procedures for Procurement of Goods, Works and hiring of
Consultants, in conformity with the General Financial Rules (GFR), 2005. Over the years,
these Manuals have served as a guide book for procurement.
2. In the last few years, the Government of India has issued new instructions in the domain
of public procurement. Some of these important changes include introduction of Central
Public Procurement Portal (CPPP), preference for domestic contractors, inclusion of integrity
pact, etc. The GFR has been revised comprehensively in March 2017 covering inter-alia
these set of new instructions. Consequently, the Manual of Procurement of Goods and
Manual for Procurement of Consultancy & Other Services too have been revised.
3. The new Manual on Procurement of Works has been extensively revised in keeping with
GFR 2017 and in consonance with the fundamental principles of transparency, fairness,
competition, economy, efficiency and accountability. Efforts have been made to cover
all major aspects of procurement in this Manual in a user-friendly manner. The manual
is the outcome of extensive consultations with Ministries/ Departments/ PSUs and other
organizations over a period of more than one year.
4. Manuals issued by this Department are to be taken as generic guidelines, which have
to be necessarily broad in nature. Ministries/ Departments are advised to supplement
this manual to suit their local/ specialized needs, by issuing their own detailed
manuals (including customized formats); Standard Bidding Documents and Schedule of
Procurement Powers to serve as detailed instructions for their own procuring officers.
5. I would like to acknowledge the efforts taken by Shri Sanjay Prasad, Joint Secretary
(PF C-II), Shri Sanjay Aggarwal, Director (PPD), Shri Kotluru Narayana Reddy, Deputy
Secretary (PPD) and Shri Girish Bhatnagar, Consultant (Public Procurement) in revision of
this Manual. I would also like to thank the Ministries, Departments, other organisations
and individuals who reviewed the drafts of the Manual and provided their valuable
inputs.
6. I hope that this Manual would be useful to procuring officials working in various Ministries/
Departments as operating instructions and will bring about greater transparency and
predictability in government procedures and help in improving the ease of doing business
with the Government.
(G. C. Murmu)
Date : 06.06.2019 Secretary (Expenditure)
v",1,1.000,+procurement;+procuring;+bidding;+gfr;+general financial rules;+cppp;+eprocurement;+procurement-policy
Manual_for_Procurement_of_Works_Updated June_ 2022.pdf,10,"Procurement Glossary
In this Manual and in the ‘Procurement Guidelines’, unless the context otherwise requires:
i) ""Bid"" (including the term ‘tender’, ‘offer’, ‘quotation’ or ‘proposal’ in certain contexts)
means an offer to supply goods, services or execution of works made in accordance with
the terms and conditions set out in a document inviting such offers;
ii) ""Bidder"" (including the term ‘tenderer’, ‘consultant’ or ‘service provider’ in certain contexts)
means any eligible person or firm or company, including a consortium (that is an
association of several persons, or firms or companies), participating in a procurement
process with a procuring entity;
iii) ""(Standard) Bid(ding) documents"" (including the term ‘tender (enquiry) documents’ or
‘Request for Proposal Documents’ – RFP documents in certain contexts) means a
document issued by the procuring entity, including any amendment thereto, that sets out
the terms and conditions of the given procurement and includes the invitation to bid. A
Standard (Model) Bidding Document is the standardised template to be used for preparing
Bidding Documents after making suitable changes for specific procurement;
iv) ""Bidder enlistment document"" means a document issued by a procuring entity, including
any amendment thereto, that sets out the terms and conditions of enlistment proceedings
and includes the invitation to enlist;
v) ""Bid security"" (including the term ‘Earnest Money Deposit’(EMD), in certain contexts)
means a security from a bidder securing obligations resulting from a prospective contract
award with the intention to avoid: the withdrawal or modification of an offer within the
validity of the bid, after the deadline for submission of such documents; failure to sign the
contract or failure to provide the required security for the performance of the contract after
an offer has been accepted; or failure to comply with any other condition precedent to
signing the contract specified in the solicitation documents.;
vi) “Central Public sector enterprise” means a body incorporated under the Companies Act
or established under any other Act and in which the Central Government or a Central
enterprise owns more than 50 (fifty) per cent of the issued share capital;
vii) ""Central Purchase Organisation"" means a procuring entity which is authorised by the
Government of India by an order, made in this behalf, to make procurement for one or
more procuring entities or to enter into rate contracts or framework agreements for
procurement by other procuring entities. However, Government can authorise other
Organisations for specific categories of materials;
viii) “Class-I local supplier” means a supplier or service provider, whose goods, services or
works offered for procurement, meet the minimum local content as prescribed for ‘Class-
I local supplier’ under the Public Procurement (Preference to Make in India), Order 20171;
ix) “Class-II local supplier” means a supplier or service provider, whose goods, services or
works offered for procurement, meets the minimum local content as prescribed for ‘Class-
1Notified vide Order No. P-45021/2/2017-PP (BE-II) issued by Department of Promotion of Industry and
Internal Trade dated 16.09.2020
xvii",1,1.000,+procurement;+procuring;+procuring entity;+tender;+bidder;+bidding;+earnest money;+bid security;+request for proposal;+emd;+rfp;+contract;+contracts;+purchase;+quotation;+bid;+supplier;+tenderer;-promotion;+bid-process;+procurement-policy
Manual_for_Procurement_of_Works_Updated June_ 2022.pdf,20,"on the website(s) in the such a manner that ongoing procurements are not
disrupted.
(viii) Specifications in Tenders and other procurement solicitations:
a) Every procuring entity shall ensure that the eligibility conditions in respect of previous
experience fixed in any tender or solicitation do not require proof of supply in other
countries or proof of exports.
b) Procuring entities shall endeavour to see that eligibility conditions, including on matters
like turnover, production capability and financial strength do not result in unreasonable
exclusion of ‘Class-I local supplier’/ ‘Class-II local supplier’ who would otherwise be
eligible, beyond what is essential for ensuring quality or creditworthiness of the
supplier.
c) Procuring entities shall review all existing eligibility norms and conditions with
reference to sub-paragraphs (viii) (a) and (b) above.
d) Reciprocity Clause
1. When a Nodal Ministry/Department identifies that Indian suppliers of an item
are not allowed to participate and/ or compete in procurement by any foreign
government, due to restrictive tender conditions which have direct or indirect
effect of barring Indian companies such as registration in the procuring country,
execution of projects of specific value in the procuring country etc., it shall
provide such details to all its procuring entities including CMDs/CEOs of
PSEs/PSUs, State Governments and other procurement agencies under their
administrative control and GeM for appropriate reciprocal action.
2. Entities of countries which have been identified by the nodal
Ministry/Department as not allowing Indian companies to participate in their
Government procurement for any item related to that nodal Ministry shall not
be allowed to participate in Government procurement in India for all items
related to that nodal Ministry/ Department, except for the list of items published
by the Ministry/ Department permitting their participation.
3. The stipulation in (2) above shall be part of all tenders invited by the Central
Government procuring entities stated in (1) above. All purchases on GeM shall
also necessarily have the above provisions for items identified by nodal
Ministry/ Department.
4. State Governments should be encouraged to incorporate similar provisions in
their respective tenders.
5. The term 'entity' of a country shall have the same meaning as under the FDI
Policy of DPIIT as amended from time to time.
e) Specifying foreign certifications/ unreasonable technical specifications/ brands/
models in the bid document is restrictive and discriminatory practice against local
suppliers. If foreign certification is required to be stipulated because of non-availability
of Indian Standards and/or for any other reason, the same shall be done only after
written approval of Secretary of the Department concerned or any other Authority
having been designated such power by the Secretary of the Department concerned.
f) “All administrative Ministries/Departments whose procurement exceeds Rs. 1000
Crore per annum shall notify/ update their procurement projections every year,
including those of the PSEs/PSUs, for the next 5 years on their respective website.”
6",1,1.000,+procurement;+procuring;+procuring entity;+tender;+tenders;+gem;+turnover;+purchases;+bid;+supplier;+suppliers;+crore;+gem-portal;+bid-process
Manual_for_Procurement_of_Works_Updated June_ 2022.pdf,30,"v) Administrative Approval and Expenditure Sanction (A/A&E/S) or ‘Go ahead’ Approval;
vi) Detailed Design, Estimate and Technical Sanction;
vii) Appropriation/ re-appropriation of funds;
viii) Preparation of Bid documents, Publication, Receipt and Opening of Bids;
ix) Evaluation of Bids and Award of Work;
x) Execution and Monitoring of works and Quality Assurance.
Note: For repair works up to Rs. 30 (thirty) lakh, expenditure sanction may be given on the
basis of Preliminary Project Report itself.
Annexure 9 shows the above mentioned process of procurement of Public Works as a flow-
chart.
1.12 Administrative Control and Powers to Sanction
i) 14Administrative control of works includes.—
i) assumption of full responsibility for construction, maintenance and upkeep;
(b) Proper utilization of buildings and allied works;
(c) Provision of funds for execution of these functions.
ii) 15Powers to Sanction Works: The powers delegated to various subordinate
authorities to accord administrative approval, sanction expenditure and re-appropriate
funds for works are regulated by the Delegation of Financial Powers Rules (DFPR)
and other orders contained in the respective departmental regulations.The powers of
the Department relating to works are detailed in Rule 133 (1) and 133(2) of GFR, 2017
(Refer para 3.1.1 and 3.1.2 for details).
iii) 16Work under the administrative control of the Public Works Departments- Works
not specifically allotted to any Ministry or Department shall be included in the Grants
for Civil Works to be administered by Central Public Works Department. No such work
may be financed partly from funds provided in departmental budget and partly from the
budget for civil works.
14Rule 131, GFR, 2017
15Rule 132, GFR, 2017
16Rule 134, GFR, 2017
16",1,1.000,+procurement;+gfr;+bid;+bids;+lakh;-annexure
Manual_for_Procurement_of_Works_Updated June_ 2022.pdf,40,"i) The Engineering, Procurement and Construction (EPC) (also called ‘Design & Build’
Contracts) approach relies on assigning the responsibility for investigations, design
and construction to the contractor for a lump sum price determined through competitive
bidding. The objective is to ensure implementation of the project to specified standards
with a fair degree of certainty relating to costs and time while transferring the
construction risks to the contractor.
ii) On the recommendations of National Institution for Transforming India (NITI Aayog)
the Cabinet Committee on Economic Affairs (CCEA)19 has recommended that Item
Rate contracts may be substituted by EPC contracts wherever appropriate.
iii) Unlike the normal practice of construction specifications, the technical parameters in
the EPC Agreement are based mainly on output specifications / performance
standards. Procuring Entity specifies only the core requirements of design and
construction of the project that have a bearing on the quality durability, reliability,
maintainability and safety of assets and enough room is left for the contractor to add
value. The Contractor has full freedom to design and plan the construction schedule
using best practices to achieve quality, durability, reliability, maintainability, and safety
as specified along with efficiency and economy. Projects risks such as soil conditions
and weather or commercial and technical risks relating to design and construction are
assigned to the Contractor. The Procuring Entity bears the risk for any delays in
handing over the land, approvals from local authorities, environment clearances,
shifting of utilities and approvals in respect of engineering plans.
iv) Selection of the contractor is based on open competitive bidding. All project parameters
such as the contract period, price adjustments and technical parameters are to be
clearly stated upfront, and short-listed bidders are required to specify only the lump
sum price for the project. The bidder who seeks the lowest payment is awarded the
contract. The contract price is subject to adjustment on account of price variation during
the contract period as per a specified formula. It also lays down a ceiling of 10 (Ten)
per cent of contract price to cater for any changes in the scope of project, the cost of
which the Procuring Entity will bear.
v) The selected Contractor carries out survey and investigations and also develops
designs and drawings in conformity with the specifications and standards laid down in
the Agreement. Procuring Entity's engineer (also called owner’s engineer) reviews the
design and drawings to ensure that these conform to the scope of the project, design
standards and specifications. Any comments by the Procuring Entity on the design
proposals submitted by the contractor are to be communicated in totality once in a
time-bound manner as indicated in the schedule. The contractor is free to proceed with
construction after the expiry of specified period in case no remarks/ clearances are
given by the Procuring Entity.
vi) The Contractor is liable to pay Liquidated Damages for each day of delay beyond the
specified date of completion, subject to the total amount of Damages not exceeding 10
(ten) per cent of the Contract Price. However, the Contractor is entitled to time
extension arising out of delays on account of change of scope and force majeure or
delays caused by or attributable to the Procuring Entity. If so provided in the Bid
19Niti Aayog OM No. N-14070/14/2016-PPPAU dated September 05, 2016
26",1,1.000,+procurement;+procuring;+procuring entity;+bidder;+bidders;+bidding;+liquidated damages;+contract;+contracts;+contractor;+bid;-degree;+office-memorandum
Manual_for_Procurement_of_Works_Updated June_ 2022.pdf,50,"JV members are “jointly and severally responsible and liable” in a contract. For pre-
qualification, the JV should fulfil the criteria specified in the pre-qualification document.
The attributes to be evaluated will be the same as for individual contractors; however,
certain parameters up to the specified limits have to be essentially met by them
collectively, some by the lead partner, and some by the other partner, as briefly
described below:
1. Qualifying factors to be met collectively: (i) annual turnover from construction; (ii)
particular construction experience and key production rates; (iii) construction cash
flow for the subject contract; (iv) personnel capabilities; and (v) equipment
capabilities;
2. Qualifying factors for lead partner: (i) Annual Turnover from Construction; (ii)
particular construction experience; (iii) financial capability to meet cash flow
requirement of subject contract –not less than of 50 (fifty) per cent of the respective
limits prescribed in case of individual contractors may be accepted; (iv) adequate
sources to meet financial commitments on other contracts; (v) financial soundness;
3. Qualifying factors for other partner: Same as for lead partner except that for the
factors specified in (2) (iii) above, a lower limit of 25 (twenty-five) per cent may be
accepted instead of 50 (fifty) per cent.
(g) Disqualification
Even if an applicant meets the eligibility criteria (Please refer Para 4.5 below) and PQC,
he shall be subject to disqualification if he or any of the constituent partners is found
to have:
1. made misleading or false representations in the forms, statements, affidavits and
attachments submitted in proof of the qualification requirements; and/ or;
2. Records of poor performance during the last five years, as on the date of
application, such as abandoning the work, rescission of the contract for reasons
which are attributable to non-performance of the contractor, inordinate delays in
completion, consistent history of litigation resulting in awards against the contractor
or any of the constituents, or financial failure due to bankruptcy, and so on. The
rescission of a contract of venture JV on account of reasons other than non-
performance, such as the most experienced partner (major partner) of JV pulling
out;
3. On account of currency of debarment by any Government agency.
(iv) Advertisement and Notification: The invitation for PQB shall be processed
(advertised, bid document preparation, publicity and evaluation, and so on) in the same
manner as a normal GTE or OTE (as the situation calls for) tender, ensuring the widest
possible coverage. The PQC and evaluation criterion should be notified clearly in the PQB
documents. A minimum period of 21 (twenty-one) days may be allowed for the submission of
PQBs. In the case of urgency, duly approved by CA, the time limit may be reduced to 30 (thirty)
days. The PQB documents should also indicate
a) Scope of work (in physical as well monetary terms);
b) Pre-qualification criteria for single contractors and joint ventures;
36",1,1.000,+tender;+eligibility criteria;+turnover;+contract;+contracts;+contractor;+bid;+bid-process
Manual_for_Procurement_of_Works_Updated June_ 2022.pdf,60,"tenderers are known to possess requisite skills, technology and resources, by reason
of their high complex or specialized nature, or for works of a secret nature
ii) Terms and Conditions
a) Copies of the bidding documents should be sent free of cost (except in case
of priced specifications/ drawings) directly by speed post/ courier/ e-mail to
firms which are enlisted bidders/ contractors. Further, Procuring Entity should
also mandatorily publish its limited tender enquiries on Central Public
Procurement Portal (CPPP). Apart from CPPP, the organisations should
publish the tender enquiries on the Department’s or Ministry’s web site. The
unsolicited bids, if any should not be accepted; however Ministries/
Departments should evolve a system by which interested firms can enlist and
bid in next round of tendering. However, under the following exceptional
circumstances, these may be considered for acceptance at the next higher
level of competency:
1) Inadequate Competition
2) Non-availability of suitable quotations from enlisted bidders
3) Urgent demand and capacity/ capability of the firm offering the unsolicited
being known, etc.
b) A simplified Bid Document should be used, instead of a detailed Bid
Document. The minimum number of bidders to whom LTE should be sent is
more than three. In case less than three approved bidders/ contractors are
available, LTE may be sent to the available approved bidders/ contractors
with approval of the CA, duly recording the reasons. The requirement should
then be marked for development of more sources by the Bidder Enlistment
section.
3.5.10 LTE - Risks and Mitigations
Risk Mitigation
Major risk in this mode is that the demand The e-procurement portal may be
may be artificially split to avoid OTE or programmed to raise an alert if the same
higher level approvals item is attempted to be procured through
LTE repeatedly. Audit should take up a
larger percentage of cases in LTE for review.
There is a risk that LTE may not attract Maintenance of list of enlisted suppliers is a
sufficient number of bids and sometimes sine-qua-non for LTE. The List of enlisted
there may be a single acceptable offer. This vendors needs to be reviewed periodically to
may be because of an insufficient database ensure adequate number of qualified
of enlisted/ known vendors. It could also be suppliers To ensure sufficient response, in
due to bid documents not reaching the addition to mails/ emails to selected vendors,
targeted bidders – intentionally or otherwise. web-based publicity should be given for
It could also be due to bidders not getting limited tenders, with suitable clarifications
adequate time for submission of bids. On the that unsolicited bids shall not be considered.
other hand, unsolicited bidders may also Further a limited or open tender which
results in only one effective offer shall be
46",1,1.000,+procurement;+procuring;+procuring entity;+tender;+tenders;+tendering;+bidder;+bidders;+bidding;+e-procurement;+limited tender;+open tender;+cppp;+vendors;+bid;+bids;+suppliers;+eprocurement;+bid-process;+procurement-policy
Manual_for_Procurement_of_Works_Updated June_ 2022.pdf,71,"Qualification of bidders is done on Pre-qualification Bidding basis (refer Para 3.3.6, PQB) or
on post-qualification basis (refer Para 3.3.4, single stage multiple envelope system). In both
cases Qualification criteria needs to be laid down in the Bid Document (refer para 3.3.6 iii).It
is of utmost importance to develop new contractors and also to provide avenues to Sub-
contractors, since they may not get opportunities to accumulate the required credentials to
compete in normal tenders. To enable a window of entry for such Start-ups and sub-
contractors, in small value contracts (e.g. repair contracts upto Rs. 30 lakh) the requirements
regarding General Construction Experience, Particular Construction Experience and Available
Bid Capacity may not be insisted upon provided the bidders fulfil other criteria regarding
Financial/ Personnel/ Equipment capabilities [refer para 3.3.6 (iii)]. However to avoid
overstretching of their resources, no such contractors may be allowed to hold more than 2
contracts under relaxed credentials, at any given time.
4.6 Clarification of Tender Documents
A prospective bidder requiring clarification on the tender documents may notify the Procuring
Entity in writing, well before the due date of submission of bids, and a response must be sent
in writing regarding the clarifications sought prior to the date of opening of the tenders. Copies
of the query of any bidder and clarification issued must be sent to all prospective bidders who
have received the tender documents. There shall be no asymmetry of information as regard
to any bidder.
4.7 Amendment of Tender Documents
At any time prior to the date of submission of bids, the Procuring Entity may, whether at his
own initiative or in response to a clarification sought by a prospective bidder, amend bid
documents by issuing a corrigendum. The corrigendum shall be notified in writing by registered
post/ speed post/ courier/ email to all known prospective bidders and shall be published on
CPPP. Copies of such amendments are also to be prominently attached in the unsold sets of
the tender documents (which are available for sale, if any), including the tender documents
uploaded on the website. When the amendment/ modification changes the requirement
significantly and/ or when there is not much time left for the tenderers to respond to such
amendments, it is better to prepare a revised tender and the time and date of submission of
tenders are also to be extended suitably. Depending on the situation, such an amendment
may also need fresh publication adopting the same procedure as for publication of the original
tender enquiry. This is very critical as the amendment may lead to any new bidder meeting
the qualifying criteria and publicity is required to ensure a level playing field.
4.8 Pre-bid Conference
In case of turnkey contract(s) or contract(s) of special nature for procurement of sophisticated
and costly work/ services/ equipment or wherever felt necessary, a suitable provision is to be
kept in the bidding documents for inviting the bidders or their official representatives to attend
one or more pre-bid conference at a specified place and time, for clarifying issues and clearing
doubts, if any, about the specifications/ Terms of Reference and other allied technical/
commercial details of the work, services, plant, equipment and machinery etc.
Bidders should be asked to submit written queries in advance of the conference. After the
conference, Minutes of the pre-bid meeting including all the questions and replies shall be
prepared and approved by the competent authority. In order to bring clarity to replies, all
questions/ answers and needed amendments should be merged in the sequence of clauses
in the bidding document. It is a good practice to consolidate all queries received either as part
of pre-bid meeting or just after issuing bidding documents and deal with in a comprehensive
57",1,1.000,+procurement;+procuring;+procuring entity;+tender;+tenders;+bidder;+bidders;+bidding;+cppp;+contract;+contracts;+bid;+bids;+lakh;+amount-threshold;+bid-process
Manual_for_Procurement_of_Works_Updated June_ 2022.pdf,81,"should also state the name and designation of the next Higher Authority of the Officials who
have issued the Bank Guarantee.
Bank guarantees submitted by the tenderers/ contractors as EMD/ performance securities
need to be immediately verified from the issuing bank before acceptance. There may not be
any need to get the Bank Guarantee vetted from legal/ finance authority if it is in the specified
format. Guidelines for verification of BGs submitted by the bidders/ contractors against EMD/
performance security/ advance payments and for various other purposes are as follows:
i) BG shall be as per the prescribed formats
ii) The BG contains the name, designation and code number of the Bank officer(s)
signing the guarantee(s);
iii) The address and other details (including telephone no.) of the controlling officer of
the bank are obtained from the branch of the bank issuing the BG (this should be
included in all BGs);
The confirmation from the issuing branch of the bank is obtained in writing though registered
post/ speed post/ courier. The bank should be advised to confirm the issuance of the BGs
specifically quoting the letter of Procurement Entity on the printed official letterhead of the
bank indicating address and other details (including telephone nos.) of the bank and the name,
designation and code number of the officer(s) confirming the issuance of the BG;
Pending receipt of confirmation as above, confirmation can also be obtained with the help of
responsible officer at the field office, which is close to the issuing branch of the bank, who
should personally obtain the confirmation from issuing branch of the bank and forward the
confirmation report to the concerned procurement entity.
As far as possible organizations should follow e-verification of bank guarantees as per the
procedure prescribed by Reserve Bank of India.
Bank guarantees, either received in physical form or electronic form, should be verified for its
genuineness following prescribed method for the same and the Organisations should do due
diligence on genuineness of the Bank Guarantees before acceptance of the same.
4.15 Safe Custody and Monitoring of Securities
A suitable mechanism for safe custody and monitoring of EMDs and performance securities
and other instruments should be evolved and implemented by each ministry/ department. The
ministries/ departments shall also make institutional arrangements for taking all necessary
actions on time for extension or encashment or refund of EMDs and performance securities,
as the case may be. Monitoring should also include a monthly review of all bank guarantees
and other instruments expiring in next three months, along with a review of the progress of the
corresponding contracts. Extension of bank guarantees and other instruments, where
warranted, should be sought immediately and implemented within their validity period. Bank
Guarantee should never be handed over to the contractor for propose of extension of validity.
Such a system of monitoring of securities and other instruments may be considered to be
computerised with automatic alerts about lapse of validity etc. For release of BGs, the proposal
shall be forwarded by the executing agency with its recommendations in accordance with the
contract conditions, for approval by the CA with the concurrence of the Finance Division.
4.16 Goods and Services Tax (GST)
67",1,1.000,+procurement;+bidders;+performance security;+emd;+contract;+contracts;+contractor
Manual_for_Procurement_of_Works_Updated June_ 2022.pdf,91,"should try to shorten the procurement decision period to 60 days from the date of
opening of the tenders in most of the cases. Only in exceptional cases, like two packet/
two stage bidding the period may be extended. However, in no case this time period
should exceed 75 days. The Ministries/ Departments may draw guidance from the
arrangements made by CPWD, where the validity of tenders has been fixed in the
following manner:-
Example 2: Maximum days for award of contract by CPWD
Procuring Officer Limit of procurement Maximum days for
decision for award of
(in Rs. crore)
contract
Assistant Engineer 0.06 10 days
Executive Engineer 1.00 15 days
Superintending Engineer 10.00 30 days
Chief Engineer 30.00 45 days
Additional Director General More than 30.00 60 days
and above
Complete Time schedule of finalising the Tender process from the date of issuing the
tender to date of issuing the contract, should be published in the Bid Documents. Every
official in the chain of the procurement operation is accountable for taking action in a
specified time so that the tender is finalised on time. Any deviation from the schedule
may be monitored and explained, by way of system of Management Reporting
(Appendix 4 and 5). As a check, the proposed schedule of tender process may be
printed on the inside cover of the Procurement File, where actual date of completion
of various stages may be recorded.
ii) It has been also noted that delay in decision making after opening of certain tenders is
taking place because the Tender Committee (TC), wherever in place, are not meeting
frequently. In order to ensure that most of the tenders are decided as per the new
timelines as indicated in para above, (to be formally fixed individually by the concerned
Ministries/Departments), it has been decided that the Ministries/Departments may
notify at least one day of every week for the meeting of TC. Instructions may be issued
by concerned organisation that on such pre-fixed days, no member of the TC shall
normally take leave or proceed on tour etc.
iii) After the decision has been taken by the competent authority (TC or individual
procuring officer) on the tender, such decision and the minutes of the TC (wherever
applicable), except the portion that may divulge third party technical/ commercial
confidential information, should be uploaded on the Central Public Procurement portal
(CPPP) within three working days for greater transparency. These details shall also be
uploaded on e-procurement portal or the website of the concerned Ministry/
Department/ CPSU within three working days.
5.6.2 Extension of Tender Validity Period
The entire process of scrutiny and evaluation of tenders, preparation of ranking statement and
notification of award must be done expeditiously and within the original tender validity period.
The validity period should not be unreasonably long as keeping the tender unconditionally
77",1,1.000,+procurement;+procuring;+tender;+tenders;+bidding;+e-procurement;+cppp;+contract;+bid;+crore;-leave;+eprocurement;+procurement-policy
Manual_for_Procurement_of_Works_Updated June_ 2022.pdf,101,"5.8 Evaluation of Bids and Award of Contract - Risks and Mitigations
Risk Mitigation
prices being high, change of specifications, may be taken. Please also see the complaint
budget not being available, and so on. mechanism.
Sudden quantity reduction/ increase or Bid conditions must specify a limit
splitting of quantity work at the time of beyond which originally announced quantity/
award: Many organisations have provisions scope cannot be reduced/ increased. If
for change/ splitting in the bid quantity at the parallel contracts are envisaged, clear
time of award. Some organisations vary criteria for the splitting may be specified in
quantity even without such provisions the bid documents beforehand.
Unwarranted negotiations: negotiations Normally, there should be no post-tender
are called without justification. Sometimes a negotiations. In certain exceptional
counter-offer is made to discourage lowest situations, for example, procurement of
acceptable bidder. proprietary items, items with limited sources
of supply, and items where there is
suspicion of a cartel formation, negotiations
may be held with L-1. In case of L-1 backing
out, there should be re-tendering.
Unwarranted delays in finalizing or A target timeline of finalisation of
varying the terms of preannounce procurement should be laid down. Delays
contract agreement: even after the TC and reasons thereof should be brought out
recommendations are accepted, signing of before the CA on the file at the time of TC’s
the contract is delayed on one pretext or the acceptance or contract signing. The contract
other. Although there is a standard contract should be strictly as per the bid conditions
form in the bid documents, the contract may and accepted offer.
be drafted in a fashion to favour or
discourage the successful bidder.
87",1,1.000,+procurement;+tender;+tendering;+bidder;+contract;+contracts;+bid;+bids;-complaint
Manual_for_Procurement_of_Works_Updated June_ 2022.pdf,111,"days of submission of bill by the contractor. In case the payment has not
been released within 10 working days as prescribed above, it shall be made
as soon as possible, and after payment a written explanation for the delay
shall be submitted to the next higher authority within three working days.
b) Public authorities may put in place a provision for payment of interest in case
of delayed payment of bills by more than 30 working days after submission of
bill by the contractor. Where interest is to be paid, the rate of interest should
be the rate of interest of General Provident Fund.
c) In case of unwarranted discretionary delays in payments, including failure to
authorise/ make ad hoc payment as prescribed in para 12.1 above,
responsibility shall be fixed on the concerned officers. Project executing
authorities should have a system to monitor delays in payments and to identify
such unwarranted delays.
d) The final bill should also be paid to the contractor within three months after
completion of work.
e) All project executing authorities implementing works contracts involving
aggregate payments of more than Rs.100 crore per annum shall have an
online system for monitoring of the bills submitted by contractors. Such
system shall have the facility for contractors to track the status of their bills. It
shall be mandatory for all contractors bills to be entered into the system with
date of submission and date of payment. Such system shall be put in place
within one year of issue of these instructions.)
Note: In para 6.5.2 (v) instructions containing “shall” are mandatory; any deviation from these
instructions shall require relaxation from Ministry of Finance (for Ministries/ Departments etc.)
or from the Board of Directors (for Central Public Sector Enterprises).
6.5.3 Mobilisation Advance
i) If considered justified in certain specialized and capital intensive works, Contract may
provide for an interest-bearing mobilisation advance to be paid to the contractor
exclusively for the costs of mobilisation at 10 (ten) per cent of the contract price on the
provision by the contractor of an unconditional BG. Such BGs shall remain effective
until the advance payment has been fully repaid, but the amount thereof shall be
progressively reduced by the amount repaid by the contractor, as indicated in the
interim payment certificates.
ii) The aforesaid advance of 10 (ten) per cent may be paid in two instalments, each of
five per cent. The first one may be paid on commencement of the work and provision
by the contractor of the unconditional BG in respect of the advance. The second
instalment may be paid on certification by the engineer of the contractor's having
achieved a financial progress of 10 (ten) per cent of the contract price, as also provision
of a BG by the contractor for this part of the advance. Mobilisation expenditure
mentioned herein shall not include the margin money and bank commission, and so
on, paid by the contractor for procurement of BGs against performance security and
mobilisation advance.
97",1,1.000,+procurement;+performance security;+contract;+contracts;+contractor;+crore
Manual_for_Procurement_of_Works_Updated June_ 2022.pdf,121,"iv) If the contract is terminated in whole or in part, recourse may be taken to any one or more
of the following actions:
a) Forfeiture of the performance security;
b) Upon such terms and in such manner as it deems appropriate, taking over the site and
to complete the works himself or with another contractor (risk Purchase) and use the
contractor's materials, equipment, temporary works as he/ they think proper. In small
value contracts, instead of Risk Purchase, a fixed percentage recovery may be
provided in the SBD; and
c) However, the contractor shall continue to fulfil the contract to the extent not terminated.
Before cancelling the contract and taking further action, it may be desirable to obtain legal
advice.
6.11.3 Termination of Contract for Insolvency
If the contractor becomes bankrupt or becomes otherwise insolvent or undergoes liquidation
or loses substantially the technical or financial capability (based on which he was selected for
award of contract), at any time, the contract may be terminated, by giving a written notice to
the contractor, without compensation to the contractor, provided that such termination will not
prejudice or affect any right of action or remedy which has accrued or will accrue thereafter to
Procuring Entity.
6.11.4 Termination of Contract for Procuring Entity’s Failure or Convenience
After placement of the contract, there may be an unforeseen situation compelling Procuring
Entity to cancel the contract. In such a case, a suitable notice has to be sent to the contractor
for cancellation of the contract, in whole or in part, for its (Procuring Entity’s) convenience,
inter alia, indicating the date with effect from which the termination will to become effective.
This is not Procuring Entity’s legal right– the contractor has to be persuaded to acquiesce.
Depending on the merits of the case, the contractor may have to be suitably compensated on
mutually agreed terms for terminating the contract. Suitable provisions to this effect should be
to be incorporated in the tender document as well as in the resultant contract. If termination
occurs because of Procuring Entity's convenience or a fundamental breach on his part, the
engineer will certify the value of works executed, value of any materials lying at site,
reasonable cost of removal of equipment, repatriation of project staff, cost of protecting and
securing the works and deducting from it: (i) pending advances; (ii) other recoveries; and (iii)
taxes as due.
6.12 Preparation of Revised Project Report
As per GFR, 2017, Rule 141, for project costing Rs. 100 crore or above the Administrative
Ministry or Department will set up a Review Committee consisting of a representative each
from the Administrative Ministry, Finance (Internal Finance Wing) and the Executing Agency
to review the progress of the work. The Review Committee shall have the powers to accept
variation within 10% of the approved estimates. For works costing less than Rs. 100 crore, it
will be at the discretion of the Administrative Ministry/Department to set up a suitable
mechanism for review and acceptance of variation within 10% of the approved estimates.
On the lines of provisions in Ministry of Finance (DoE)’s instructions vide OM No. 24(35)/PF-
II/2012 dated 05/08/2016 regarding appraisal and approval of Public Funded projects/
schemes, any increase in costs due to statutory levies, exchange rate variation, price
escalation within the approved time cycle and/ or increase in costs upto 20 percent due to any
107",1,1.000,+procuring;+procuring entity;+tender;+performance security;+gfr;+contract;+contracts;+contractor;+purchase;+crore;+office-memorandum
Manual_for_Procurement_of_Works_Updated June_ 2022.pdf,131,"of enlisted contractors, besides any other penalty or more severe action as deemed fit;
and
v) Along with the new/ renewal application for enlistment, the contractors should also be
asked to declare that, if awarded a contract in any LTE in which they participate, they
bind themselves to abide by the Procuring Entity’s General Conditions of Contract
(GCC). Such GCC should be part of the application.
vi) Eligibility
i) Any firm, situated in India or abroad, which is in the business of providing
goods/ works/ services of specified categories of interest, shall be eligible for
enlistment;
ii) Contractors should possess valid Digital Signature Certificate (DSCs) Class III
b with the company name at the time of enlistment/ renewal, so as to enable them
to participate in e-procurements
iii) Firm, against whom punitive action has been taken, shall not be eligible for re-
enlistment during the currency of punitive action. Enlistment requests may not be
entertained from such firms, stakeholders of whom have any interest in de-Enlisted/
banned firms;
vii) The application form, complete in all respects and accompanied with the requisite
processing fee and prescribed documents shall be submitted by the firms to the
registering authority. The enlistment application form, duly filled-in, when received from
the firms shall be scrutinised carefully for assessing the capacity and capability of the
firms including credentials, capability, quality control system, past performance,
financial background, and so on, of the applicant. References shall be made to other
firms of standing of whom the applicant firm claims to be a contractor. Likewise, the
applicant firm’s bankers may also be requested to advice about the financial standing
of the firm. Enlistment of contractors should be done with the approval of CA.
viii) In cases where the firm is not considered capable and enlistment cannot be granted,
the concerned authority shall communicate the deficiencies and shortcomings direct to
the firms under intimation to the appellate authority. Where a request for re- verification
and review is made by the firm, along with any fee as prescribed and within the period
prescribed by the department, review shall be undertaken. Requests for re-verification
after expiry of the said period would be treated as a fresh application and processing
fee, if any prescribed, charged accordingly;
ix) Enlistment should be for specific category of works;
x) It should be mentioned in the letter of enlistment that the enlistment is valid for a period
of three years and would be considered for extension based (on application by the
contractor/ service provider) on satisfactory performance of the firm. However, the
enlistment would be initially treated as provisional and it would be treated as confirmed
only after the firm has satisfactorily executed one contract of the relevant category and
value from Procuring Entity. The extension of validity of enlistment is not a matter of
right and Procuring Entity reserves the right not to extend such enlistment without
assigning any reason;
117",1,1.000,+procuring;+procuring entity;+contract;+contractor;+penalty
Manual_for_Procurement_of_Works_Updated June_ 2022.pdf,142,"immediately interferes and suggests ways to resolve the dispute. DRB mechanism may
be embedded in contracts.
vi) Encourage institutional arbitration: Settlement of disputes through Institutional
arbitration is better than ad-hoc arbitration. Institutional arbitration provides an
established format with a proven record ensures impartial decision-making and
adherence to pre-established rules and procedures.
7.6.7 Aligning the Interest of The Stakeholders
i) The incentive structure for all the key stakeholders of public procurement ought to be
such that the system itself will ensure timely delivery of the projects / works in a
qualitative manner within approved cost. A balanced framework and work culture,
where risk and rewards are properly shared amongst stakeholders and timely
completion of quality projects is the common goal, can be the bedrock of efficient
project management. An incentive structure, which may include pecuniary as well as
non-pecuniary aspects (Including public recognition), linked with measurable
parameters of outcome / output, can help align the interests of stakeholders. An ethics
based regime, where integrity of all the stakeholders is nurtured, can help increase
efficiency in all aspects of project management.
ii) Public authorities may devise strategies to provide incentives to contractors
/concessionaires/ consultants/ architects/ other stakeholders by various means,
including bonus, better rating and recognition for early/ timely / quality completion of
the projects. Similar strategies may be devised for recognition of engineers/ officers/
other team members for early / timely and quality completion of the projects. The
practice of mentioning the names of the contractor and the project in charge publicly
at work sites may be implemented. Such recognition may be in a form which has long
shelf life so as to associate the contractor and project In-charge with the life of the
project.
iii) “Coming together is a beginning; keeping together is progress; working together is
success”. It is an accepted fact that the success of any project is dependent on a well-
coordinated team working towards a common goal. For successful execution of any
project within specified time, cost and quality, the interest of all the stakeholders need
to be aligned. Coordinated efforts of all stakeholders such as contractors, consultants,
public authority and project executing authority and public representatives will bring
about the best possible outcome.
128",1,1.000,+procurement;+contracts;+contractor;+procurement-policy
Manual_for_Procurement_of_Works_Updated June_ 2022.pdf,152,"Execution by ‘Project Management Consultant’ along with A & E Consultants
2. ‘Project Management Consultant’ shall appoint, if any, competent Architectural and
Engineering (A & E) Consultant commensurate with size and nature of the work after
following due process.
(B) Approval of Preliminary Project Report (PPR) & Detailed Project Report (DPR)/
Preliminary Estimate (PE)
3. Preliminary Project Report (PPR) shall be prepared by ‘Project Management
Consultant’ based on functional & space requirements as intimated by ‘Procuring
Entity’ and submitted to ‘Procuring Entity’ for its approval. {It would be a joint
endeavour on part of both ‘Procuring Entity’ and ‘Project Management Consultant’ in
consultation with consultants & experts to develop Standard Plans & Specifications
for Works & Services including Furniture, Equipments, Plants etc. pertaining to
various categories of Works etc.}55
4. Based on approved PPR, ‘Project Management Consultant’ shall prepare Detailed
Project Report (DPR)/ Preliminary Estimate (PE) consistent with their norms &
standards, containing Milestones and commensurate activities to be accomplished
against each Milestone & Baseline Programme in the form of CPM Network depicting
clearly Dates of Start and Completion of the work {along with Work specific draft
MoU}55 and submit it to ‘Procuring Entity’ along with all relevant input information,
documents and Drawings etc. for approval of ‘Procuring Entity’, within 8 (eight) weeks
of receipt of approval for PPR. ‘Project Management Consultant’ shall use C.P.W.D.
Analysis of Rates56 for Delhi (DSR) for framing the DPR/ PE. Non - DSR Items shall
be incorporated in the Detailed Estimates only when these are not either readily
available in DSR. Detailed reasons and justifications for including Non-DSR Items
shall have to be furnished by ‘Project Management Consultant’. ‘ Procuring Entity’
shall accord approval to DPR/ PE {and Work specific Draft MOU}55 containing
Milestones and commensurate activities to be accomplished against each Milestone
& Baseline Programme in the form of CPM Network and issue Administrative
Approval (A/A) &. Expenditure Sanction (E/S) in about 8 (eight) weeks of its
submission by ‘Project Management Consultant’.
5. On receipt of the A/A and E/S, the ‘Project Management Consultant’ shall prepare
and accord Technical Sanction (TS) to detailed and coordinated design of all the
Architectural, Civil, Electrical, Mechanical, Horticulture and any other services
included in the scope of the sanction and of the Detailed Cost Estimates containing
the detailed specifications and quantities of various items prepared on the basis of
the schedule of rates maintained by CPWD or other Public Works Organizations.
(C) Release of Funds, Payment of Bills
6. ‘Project Management Consultant’ has agreed to charge [insert the Fee agreed] for
carrying out the assigned Deposit Work.
7. ‘Procuring Entity’ shall release Initial Deposit of 10% of the approved preliminary
55 Applicable to framework MoUs or MoUs for collection of projects
56 Replace by any other relevant Schedule of Rates for the concerned location/ project
139",1,0.950,+procuring;+procuring entity;-programme
Manual_for_Procurement_of_Works_Updated June_ 2022.pdf,162,"Annexure 11: Format for seeking the approval of the Competent
Authority for inviting Global Tender Enquiry for procurements less
than Rs. 200 crores
(Refer Para 3.5.4)
(i) Every page should be attested by Administrative Ministry
(ii) Proposals are to be simultaneously sent to the following:
a) Cabinet Secretariat, email: ca4-cabsec@gov.in
b) Department of Promotion of Industry & Internal Trade (DPIIT) email:
manmeet.nanda@ias.nic.in&rajesh.gupta66@gov.in
c) Department of Expenditure, email: kanwal.irss@gov.in and
sudesh.kumar85@gov.in
Table-1
S.No Particulars Remarks
1 Name of the Ministry:
2 Name of the Department:
3 Name of the sub-ordinate office (if applicable):
4 Detailed Description of the Item
5 Use of the Item
6 Life time of the item proposed (in years)
7 Whether item is procured regularly?
[If so, details of procurement of the said item over the
past three years (three completed financial years or last
three tenders and the current financial year] inclusive of
supply details as per format given under table-2.
8 Quantity required to be procured with justification for the
quantity (States/UT/Region wise projection)
9 Estimated procurement price along with basic of such
estimation (International Price comparison chart)
10 Justification to be submitted as under
a. Detailed justification for Global Tender and essentially
of import (item wise)
b. Who are the (possible) vendors of the item under
procurement, in the global (including India) market?
c. Whether the Department has tried and floated the
tender to identify the domestic suppliers in the past
financial year (If not, the reason thereof)
d. Capacity of all domestic local suppliers as per the
domestic tender floated, if any
11 What are technical alternatives available within country
and whether they can be used (substituted) for the
proposed item under GTE?
12 Whether the Department had in the past attempted at
development of local suppliers/ phased indigenization/
promotion of alternative technology having sufficient
local suppliers. (If so, details thereof)
149",1,1.000,+procurement;+tender;+tenders;+vendors;+suppliers;-promotion;-annexure
Manual_for_Procurement_of_Works_Updated June_ 2022.pdf,172,"Appendix 1: Advanced Concepts of Value for Money and
Fundamental Principles of Public Procurement
1.0 The Concept of Value
Value is a management and economics concept. It represents the extent of satiation of a
hierarchy of needs of a person by a product bought for this purpose. This is subjective and
difficult to quantify. This is because different persons (or the same persons under different
circumstances) would have different hierarchy of needs and would perceive different extents
of satiation or value from the same product. There are three sources of the value of a product.
The first source of value is from the functional usage of the product (known as use value) and
the second source comes from the social status associated with the ownership of the product
(esteem value). This can be shown as the difference between a luxury branded gold-plated,
diamond encrusted pen and a disposable non-descript functional pen, though both fulfil the
broadly same function and have the same use value. The luxury branded pen, in addition to
the use value, also has additional esteem value. The third source of value comes from the
price that one can get by exchanging or scrapping the product at the end of the useful life of
the product. This is called the disposal value. Normally, when people buy a car, they do
consider the estimated disposal value of different choices of models. Value is the sum total of
all the three values.
2.0 Total Cost of Ownership
While the value of a product covers all components of value over the “Whole-Of-Life” (WOL),
the costs incurred on the product should also take into consideration the total of various
elements of costs incurred over WOL of the product. For this purpose, future costs are
discounted to present value (not to be confused with the value we are discussing – this is a
financial discounting concept). For example, it would not be prudent to buy a cheap car, which
has a very high cost of operating. This is called variously as WOL or “Life-Cycle-Cost” (LCC)
or “Total Cost of Ownership” (TCO). The last is a preferred nomenclature in procurement and
is defined as the total of all costs associated with a product, service, or capital equipment that
are incurred over its expected life. Typically, these costs can be broken into four broad
categories:
i) Procurement price. The amount paid to the vendor/ contractor for the product, service,
or capital equipment;
ii) Acquisition costs. All costs associated with bringing the product, service, or capital
equipment into operation at the customer's location. Examples of acquisition costs are
sourcing, administration, freight, taxes, and so on;
iii) Usage costs. In the case of a product, all costs associated with converting the procured
part/ material into the finished product and supporting it through its usable life. In the case
of a service, all costs associated with the performance of the service that is not included
in the procurement price. In the case of capital equipment, all costs associated with
operating the equipment through its life. Examples of usage costs are inventory,
conversion, wastage, lost productivity, lost sales, warranty, installation, training,
downtime, and so on; and
159",1,1.000,+procurement;+vendor;+contractor;+procurement-policy
Manual_for_Procurement_of_Works_Updated June_ 2022.pdf,182,"Procuring authorities are accountable for all the above principles to several statutory and
official bodies in the Country – the Legislature and its Committees, Central Vigilance
Commission, Comptroller and Auditor General of India, Central Bureau of Investigations and
so on– in addition to administrative accountability. As a result, each individual public
procurement transaction is liable to be scrutinised independently, in isolation, besides judging
the overall outcomes of procurement process over a period of time. Procuring authorities thus
have responsibility and accountability for compliance of rules and procedures in each
individual procurement transaction besides the achievement of overall procurement
outcomes. The Procuring Entity, at each stage of procurement, must therefore, place on
record, in precise terms, the considerations which weighed with it while making the
procurement decision from need assessment to fulfilment of need. Such records must be
preserved, retained in easily retrievable form and made available to such oversight agencies.
The procuring entity shall Therefore, maintain and retain audit trails, records and documents
generated or received during its procurement proceedings, in chronological order, the files will
be stored in an identified place and retrievable for scrutiny whenever needed without wastage
of time. The documents and record will include:
a) documents pertaining to determination of need for procurement;
b) description of the subject matter of the procurement;
c) Statement of the justification for choice of a procurement method other than open
competitive bidding;
d) Documents relating to pre-qualification and enlistment of bidders, if applicable;
e) Particulars of issue, receipt, opening of the bids and the participating bidders at
each stage;
f) Requests for clarifications and any reply thereof including the clarifications given
during pre-bid conferences;
g) Bids evaluated, and documents relating to their evaluation;
h) Contracts and Contract Amendment; and Complaint handling, correspondences
with Procuring Entities, consultants, banks.
169",1,1.000,+procurement;+procuring;+procuring entity;+bidders;+bidding;+central vigilance;+contract;+contracts;+bid;+bids;-complaint;+bid-process;+procurement-policy
MfPoCS_2025.pdf,0,"Preface
1. Compliance: This Manual adheres to the relevant laws, GFR, and clarifications/ OMs
issued by the Procurement Policy Division, Department of Expenditure, Ministry of Finance
(‘the Ministry’) up to April 2025. In case of inconsistencies between this Manual and prevailing
law or GFR, the extant law and GFR shall prevail. However, the provisions of this Manual shall
prevail in case of discrepancies with the clarifications/ OMs issued till April 2025 by the
Ministry. Procuring entities are advised to stay informed about any further changes in the
relevant law, GFR, and clarifications/ OMs from the Ministry.
2. Interpretation:
a) Any mention of writing or written includes matter in digital communications (including
email), manuscript, typewritten, lithographed, cyclostyled, photographed, or printed -
under or over signature or seal or digitally acceptable authentication, as the case may
be.
b) Words in the singular include the plural and vice-versa. Words importing the
masculine gender shall be taken to include other genders. Words importing persons
include any company or any association/ body of individuals/ companies and vice-
versa.
c) Any reference to any legal Act, Government Policies or orders shall be deemed to
include all amendments to such instruments, from time to time, till date.
d) Sentences containing ‘may’ are to be considered desirable or good practices which
procuring entities are encouraged to implement.
e) Sentences containing ‘should’/ ‘shall’ are required to be followed.
f) Sentences containing “allowed” indicate an optional course of action to be decided
upon on merits.
3. Manual for Procurement of Goods as a Comprehensive Reference: The ‘Manual
for Procurement of Goods, 2024’ is written to be a comprehensive reference. Other Manuals
(Works, Consultancy and Non-consultancy Services) are self-sufficient from the point of
carrying out a procurement, however common topics relevant for deeper understanding of the
fundamentals of procurement are included only in brief in these manuals, giving reference to
relevant details in the ‘Manual for Procurement of Goods, 2024’.
4. Manuals and Model Tender Documents: Model Tender Documents (MTD) for
Procurement of Goods, and Non-consultancy Services were issued in 2021 and that of
Consultancy Services was issued in 2023. These complement the respective procurement
manuals since the MTDs contain additional details on many topics that the Manuals can
accommodate. Therefore, Procuring Officials are urged to read both Manuals and MTDs in
tandem for better understanding.
5. Annexures: Voluminous details from various orders/ websites are relegated to
annexures to maintain an uninterrupted flow of text on a topic. Since these orders/ websites
undergo frequent revision, it would be easier to update the annexures than the body of the
Manual.
6. An attempt has been made in this edition of Manuals to illustrate some topics with
relevant examples.
v",1,1.000,+procurement;+procuring;+procurement policy;+tender;+gfr;-course
MfPoCS_2025.pdf,13,"Manual for Procurement of Consultancy Services, Second Edition, 2025
Chapter 1: Introduction to Procurement of
Consultancy Services
1.1 Procurement Rules and Regulations; and this Manual
1. Various Ministries, Departments, attached and subordinate offices, local urban bodies,
public sector enterprises, and other Government (including autonomous) bodies (hereinafter
referred to as ‘Procuring Entities’) spend a sizeable amount of their budget on the Procurement
of goods, works and services to discharge the duties and responsibilities assigned to them.
2. The Ministries/ Departments have been delegated full powers to make their own
arrangements for the procurement of goods and services that are not available on the
government e-marketplace (GeM). These powers must be exercised as per the Delegation of
Financial Power Rules and in conformity with the ‘Procurement Guidelines’ described below.
Common use Goods and Services available on GeM are required to be procured mandatorily
through GeM as per Rule 149 of GFR, 2017.
3. To ensure that these procurements are made by following a uniform, systematic,
efficient, and cost-effective procedure and also to ensure fair and equitable treatment of
consultants/ service providers, there is a hierarchy of statutory provisions, rules, financial,
vigilance, security, safety, counter- trade and other regulations; orders and guidelines of the
Government about public procurement (hereinafter referred as ‘Procurement Guidelines’,
please see Annexure 1 of Manual for Procurement of Goods, 2024 (hereinafter referred as
‘Procurement Guidelines’).
4. At the apex of the Statutory framework governing public procurement is Article 299 of
the Constitution of India, which stipulates that contracts legally binding on the Government
must be executed in writing by officers specifically authorized to do so. The Constitution also
enshrines Fundamental Rights (In particular Articles 14 – Right to Equality before Law and 19
(1) (g) – Right to practice any profession, or to carry on any occupation, trade, or business)
which have implications for Public Procurement. Further, the Indian Contract Act, 1872 and
the Sale of Goods Act, 1930 are major legislations governing contracts of sale/ purchase of
goods in general. There are other mercantile laws (Arbitration and Conciliation Act, 1996;
Competition Act, 2002; Information Technology Act, 2000, Indian Stamp Act, 1899, etc . as
amended from time to time), which may be attracted in Public Procurement Transactions.
5. In Central Government, there is no law exclusively governing public procurement.
However, comprehensive Rules and Regulations in this regard are available in the General
Financial Rules (GFR), 2017 (especially chapter 6 to 9); Delegation of Financial Powers Rules
(DFPR), 2024; Government orders regarding purchase preference/ restrictions like Public
Procurement (Preference to Make in India), Order 2017, facilities to Micro and Small
Enterprises and Startups, Restrictions on Entities from a Class of Countries (Rule 144 (xi),
GFR 2017) etc.
6. Without purporting to be a comprehensive compendium of all such ‘Procurement
Guidelines’, this Manual is intended to serve as a portal to enter this vast area and draw
attention to basic norms and practices governing public procurement.
1",1,1.000,+procurement;+procuring;+government e-marketplace;+gem;+gfr;+contract;+contracts;+purchase;-annexure;+gem-portal;+procurement-policy
MfPoCS_2025.pdf,26,"Chapter 1: Introduction to Procurement of Consultancy Services
1. If the procuring entity negotiates with the L1 bidder, who is not a Class-
I Local Supplier, the margin of purchase preference (L1+20%) should be
calculated based on the original L1 price, not the lower negotiated price,
and such eligible Class-I Local Suppliers shall be called to match the new
negotiated L1 price as per procedure mentioned above for placement of
50% quantity.
2. Since as per sub-para c) below, MII order is applicable ‘where the bid
is evaluated on price alone’ – MII purchase preference would not be
applicable where evaluation is based inter-alia on non-price criteria, e.g.,
QCBS or FBS in Services and Works.
i) Among all qualified bids, the lowest bid will be termed as L1. If L1 is ‘Class-I local
supplier’, the contract for full quantity will be awarded to L1.
ii) If L1 bid is not a ‘Class-I local supplier’, 50 (fifty) percent of the order quantity
shall be awarded to L1. Thereafter, the lowest bidder among the ‘Class-I local
supplier’ will be invited to match the L1 price for the remaining 50 (fifty) percent
quantity subject to the Class-I local supplier’s quoted price falling within the
margin of purchase preference, and contract for that quantity shall be awarded
to such ‘Class-I local supplier’ subject to matching the L1 price. In case such
lowest eligible ‘Class-I local supplier’ fails to match the L1 price or accepts less
than the offered quantity, the next higher ‘Class-I local supplier’ within the margin
of purchase preference shall be invited to match the L1 price for remaining
quantity and so on, and contract shall be awarded accordingly. In case some
quantity is still left uncovered on Class-I local suppliers, then such balance
quantity may also be ordered on the L1 bidder.
c) In the procurements of goods or works, which are covered by para 3-b) above and
which are not divisible in nature, and in the procurement of services where the bid is
evaluated on price alone, the ‘Class-I local supplier’ shall get purchase preference
over ‘Class-II local supplier’ as well as ‘Non-local supplier’, as per following
procedure:
i) Among all qualified bids, the lowest bid will be termed L1. If L1 is a ‘Class-I local
supplier’, the contract will be awarded to L1.
ii) If L1 is not a ‘Class-I local supplier’, the lowest bidder among the ‘Class-I local
suppliers’ will be invited to match the L1 price subject to the Class-I local supplier’s
quoted price falling within the margin of purchase preference(L1+20%), and the
contract shall be awarded to such ‘Class-I local supplier’ subject to matching the
L1 price.
iii) In case the lowest eligible ‘Class-I local supplier’ fails to match the L1 price, the
‘Class-I local supplier’ with the next higher bid within the margin of purchase
preference (L1+20%) shall be invited to match the L1 price and so on, and the
contract shall be awarded accordingly. In case none of the ‘Class-I local suppliers’
within the margin of purchase preference matches the L1 price, the contract may
be awarded to the L1 bidder.
d) “Class-II local supplier” will not get a preference for any procurement undertaken by
procuring entities.
4A Applicability in tenders where the contract is to be awarded to multiple bidders:
In tenders where the contract is awarded to multiple bidders subject to matching of L1 rates
14",1,1.000,+procurement;+procuring;+procuring entity;+tenders;+bidder;+bidders;+contract;+purchase;+bid;+bids;+supplier;+suppliers;+procurement-policy
MfPoCS_2025.pdf,40,"Chapter 1: Introduction to Procurement of Consultancy Services
SN Scenario Applicability of Rule 144 (xi)
c) By entering into a MOU/ lease In this case, the actual supplier of
agreement with the company (say ‘X’ services, prima facie, shall be ‘X.’
who is the present owner of the Status of ‘X’ in this case does not
equipment) from country which does attract the provisions of Rule 144 (xi).
not share a land border with India. The
equipment has been purchased from
the manufacturer of the company (say
‘Y’) which is from country that shares a
land border with India.
12. Illustrative examples on the applicability of the Restrictions under Rule 144 (xi)
of GFR 2017
a) A vendor, say, ‘Party A’ from India, is procuring an item from their sister company, say,
‘Party B,’ which is registered in a country not sharing a land border with India. Both
the parties, Party A and B, are owned by an entity that does not belong to a country
sharing a land border with India. Party B has its production facility in a country sharing
land border with India. The manufactured item will be procured by Party A from its
sister concern, i.e., Party B from the above-mentioned production facility. The
production unit is wholly owned by Party B. The Party A now claims that the provisions
of Rule 144 (xi) of GFR 2017 do not apply on it because: both the Party A and B are
not:
i) Both Party A and B are not an entity incorporated, established, or registered in
such a country, since Party A is registered in India and Party B is registered in a
country not sharing land border with India;
ii) Both Party A and B are 100% owned subsidiary of an entity, which is
incorporated, registered, and established in a country not sharing land border
with India;
iii) The beneficial owner of Party A and B is not situated in a country sharing land
border with India since they are owned by an entity belonging to country not
sharing land border with India;
iv) Both Party A and B are not an Indian (or other) agent of such an entity;
v) Both A and B are not a natural person who is a citizen of such a country;
vi) Both A and B are not a consortium or joint venture where any member of the
consortium or joint venture falls under any of the above. Though, Party B has a
wholly owned subsidiary in a country that shares a land border with India but is
not a JV or consortium (a subsidiary does not qualify as a JV or consortium)
vii) In addition to the above, Party A claims that they are not procuring finished goods
directly/ indirectly from the vendors from the countries sharing a land border with
India as the item is being manufactured in their own production units.
viii) In light of the above facts and the claims put forth by Party A, it is important to
clarify to the procurers that Party A acts as an agent for Party B, which
manufactures goods in a country sharing a land border with India. Party B
supplies goods manufactured at premises established in a country that shares a
land border with India. In such a case, registration is required for Party B (and
not necessarily for Party A, who is only an agent and not from a country sharing
a land border with India).
28",1,1.000,+procurement;+procuring;+gfr;+vendor;+vendors;+supplier
MfPoCS_2025.pdf,53,"Manual for Procurement of Consultancy Services, Second Edition, 2025
on costly machinery to be used may reduce competition and encourage cartel
formation.
b) Processes, e.g., pre-bid conferences (where a considerable number of competing
bidders come together on a platform), may facilitate such cartel formation. This may
be avoided as far as feasible or be held only virtually. However, a pre-bid conference
may be advantageous in the case of turnkey contract (s) and sophisticated and costly
equipment, large works, and complex service assignments, as detailed in para 5.5.3
below.
c) Tendering similar Services and Activity Schedule with similar conditions, year on year,
provides a stable conspiring environment for the bidders to come to an agreement for
quoting prices and quantities. Therefore, the following action can be considered to
vary quantity and conditions to make it difficult for cartels:
i) Change the mode of procurement - OTE instead of LTE, or GTE instead of OTE;
or bypass the pre-qualification stage and vice versa.
ii) Change the packaging/slicing by clubbing/ slicing services/ activities in a tender.
iii) Change the pre-qualification criteria, especially in the case of slicing/ packaging,
to broaden the target bidders.
41",1,1.000,+procurement;+tender;+tendering;+bidders;+contract;+bid;+bid-process
MfPoCS_2025.pdf,67,"Chapter 3: Participation of Bidders and Governance Issues
(Rule 150 of GFR 2017)
3.8 Debarment of Suppliers
3.8.1 GFR Provisions
1. Registration of suppliers/ consultants/ service providers and their eligibility to
participate in Procurement Entity’s procurements is subject to compliance with Code of
Integrity for Public Procurement and satisfactory performance in contracts. Rule 151 of
General Financial Rules (GFR), 2017 states the following regarding the ‘Debarment from
Bidding’: -
a) A bidder shall be debarred if he has been convicted of an offence-
i) under the Prevention of Corruption Act, 1988; or
ii) the Bhartiya Nyaya Sanhita (BNS), 2023 or any other law for the time being in
force, for causing any loss of life or property or causing a threat to public health
as part of execution of a public procurement contract.
b) A bidder debarred under sub-section (a), or any successor of the bidder shall not be
eligible to participate in a procurement process of any procuring entity for a period
not exceeding three years35 commencing from the date of debarment. The
c) A procuring entity may debar a bidder or any of its successors, from participating in
any procurement process undertaken by it, for a period not exceeding two years, if it
determines that the bidder has breached the code of integrity.
d) The bidder shall not be debarred unless such bidder has been given a reasonable
opportunity to represent against such debarment.
3.8.2 Current Guidelines on Debarment:
1. PPD, DoE did consultations on the issue of Debarment with major procuring Ministries/
Departments and issued the following ‘Debarment Guidelines’ in suppression to all earlier
instructions on this subject36. Public Procurement organisations who have existing
guidelines for Debarment (by any name) should revise their guideline in conformity with
these guidelines issued by PPD, DoE.
2. Guidelines on Debarment of Firms from Bidding:
a) The guidelines are classified under the following two types: -
i) In cases where debarment is proposed to be limited to a single Ministry, the
Ministry itself can issue the appropriate Orders, thereby banning all its business
dealing with the debarred firm.
ii) Where it is proposed to extend the debarment beyond the jurisdiction of the
Ministry, i.e., covering all central Ministries/ Departments, the requisite Orders
shall be issued by the Department of Expenditure (DoE), Ministry of Finance
(MoF).
b) Definitions:
i) Firm: The term 'firm' or 'bidder"" has the same meaning for the purpose of these
Guidelines, which includes an individual or person, a company, a cooperative
society, a Hindu undivided family and an association or body of persons, whether
incorporated or not, engaged in trade or business.
_______________________
35
Now two years is applicable as mentioned below in para 8.7.2-3-a) below.
36Notified vide OM No. F.1/20/2018-PPD issued by Department of Expenditure dated 02.11.2021.
56",1,1.000,+procurement;+procuring;+procuring entity;+bidder;+bidders;+bidding;+gfr;+general financial rules;+contract;+contracts;+suppliers;+office-memorandum;+procurement-policy
MfPoCS_2025.pdf,80,"Chapter 4: Bidding Design for Consultancy Services
4.2.2 Quality and Cost Based Selection (QCBS)
1. In QCBS system of selection, both the quality of the proposal and the cost of the
services are considered as deciding factors. This approach is employed when the quality of
deliverables is crucial, but the cost of service or work cannot be ignored.
2. Quality/ Technical scores are assigned to proposals based on specified quality criteria.
Minimum qualifying marks (normally 70-80 (seventy – eighty) out of maximum 100 (hundred)
marks) as benchmark for quality of the technical proposal is prescribed and proposals below
this benchmark are not considered for Financial evaluation. The Financial Proposals are also
given cost-score based on relative ranking of prices, with 100 (hundred) marks for the lowest
and pro-rated lower marks for higher priced offers. The total score shall be obtained by
weighting the quality and cost scores and adding them. For example, the weightage given to
cost score may be 30% (thirty percent) and technical score may be given weightage of 70%
(seventy percent but should never be more than 80%). The ratio of weightages for cost and
Technical score could also be 40:60 (forty: sixty) or 50:50 (fifty: fifty) etc. However, the weight
for the “cost” shall be chosen, considering the complexity of the assignment and the relative
importance of quality. The proposed weightings for quality and cost shall be specified in the
RfP. The firm obtaining the highest total score shall be selected. It may be noted that
theoretically QCBS system with weight of 100% (hundred percent) for the ‘cost’ approximates
the price based LCS system. This method of selection shall be used for highly technically
complex and critical assignments where it is justifiable to pay appropriately higher price for
higher quality of proposal.
3. Caution against consortium/ JV in QCBS Procurements:
a) Since quality is given weightage in the evaluation itself, in QCBS procurement,
therefore, Joint Ventures may be avoided, as far as possible. Joint Ventures could,
however, become necessary in high technology or innovative projects where a single
entity may not be able to execute the work alone.
c) If consortiums/ JVs are allowed, measures should be taken to ensure that all the
consortium/ JV partners are present and deliver services all through the contract
period. An Implementation Board with the participation of all consortium/ JV partners
may be provided for wherein the Project Manager from the procuring entity shall also
be allowed an audience when required. Meeting of consortium/ JV partners with the
project executing authority for quarterly progress review may be made as a criterion
linked to the achievement of key dates or even payment.
4. Table 1 below provides a suggestive weighting for QCBS. (Rule 192 of GFR 2017,
also see para 8.5.3)
Table 1. A suggestive weighting of scores for QCBS
Description Remarks Quality/Cost Score
Weighting (%)
High complex/ downstream Use QCBS with higher 80/20
consequences/ specialised technical weightage
assignments
Moderate complexity Majority of cases will 75-65/ 25-35
follow this range
Assignments of a standard or routine Use of LCS is appropriate 60-50/40-50
nature such as auditors/procurement
agents handling the procurement
70",1,1.000,+procurement;+procuring;+procuring entity;+bidding;+gfr;+rfp;+contract
MfPoCS_2025.pdf,93,"Manual for Procurement of Consultancy Services, Second Edition, 2025
redressal, and declaration of results. It also contains introduction/ overview of its contents.
Other important provisions in a REoI are:
2. Eligibility Criteria: Provisions relating to Eligibility Criteria, Conflict of Interest and
applicable preferential policies regulate the participation of bidders of various categories and
their agents. It also contains introduction/ overview of its contents. It mentions the type of
entities which may participate, specifically if JV/C are permitted to participate. It shall also
mention that the consulting company should be registered under applicable act with registered
offices in India. It also excludes insolvent, bankrupt, debarred, convicted, firms with conflict of
interest from participation. Restriction of participation of bidders from certain countries having
land borders with India are also applicable. In case JV/Cs are permitted, it should be made
clear if the experience of the bidders as a member of JV/C would be considered or not. If yes,
then the manner of aggregating qualifications of members of JV/C (say, only prorata
experience proportionate to his percentage share declared in JV/C MoU) may be mentioned.
3. Preferential Procurement Policies: Preferential Procurement policies applicable to
the EoI are mentioned (MSEs, Start-ups, Make in India etc.)
4. EoI Validity: EOIs shall remain valid for a period not less than 60 (sixty) days from the
deadline for the EOI submission.
5. Qualification Criteria: As mentioned earlier qualification criteria for shortlisting the
bidders and its scoring/ marking scheme is detailed. It also specifies, if JV/C are permitted,
how credentials of members of JV/C would be considered in evaluation.
6. Terms of Reference (ToR): As mentioned earlier ToR describes the background,
purpose/ objectives, description/ scope of work, deliverables/ outcomes, inputs to be provided
by the Procuring Entity; and timelines of the required ‘Service’. At EoI stage ToR is relevant
for bidders to decide, whether they are interested in bidding for this assignment. It is also
relevant to decide specific sector of experience required in the qualification criteria. Normally
ToR should be ready before REoI is floated, however, if detailed ToR is not ready, at least
description/ scope of work, deliverables/ outcomes, inputs to be provided by the Procuring
Entity; and timelines of the required ‘Service’ should be included in REoI. REoI should contain
a clause retaining right to make minor adjustments to ToR at the RfP stage.
5.3 Preparation of the Request for Proposals (RfP) Document
5.3.1 Basic Considerations
1. Department of Expenditure (DoE), Ministry of Finance, Government of India has issued
Model Tender Documents for Procurement of Consultancy Services and Procurement of
Consultancy Services51, which may please be referred.
5.3.2 The Request for Proposal (RFP) (Rule 186 of GFR 2017)
1. The Request for Proposals (RfP) is the bidding document in which the technical and
financial proposals from the consultants are obtained. For procurement of Consultancy
Services, the RfP is sent only to the short-listed consultants. It contains the following sections:
a) Section I: Request for Proposal Letter (RFPL) and its Appendix: Tender Information
Summary (TIS)
b) Section II: Instructions to Consultants (ITC)
_______________________
51
Accessible from
https://eprocure.gov.in/cppp/sites/default/files/standard_biddingdocs/Procurement_Consultancy_Services.pdf
83",1,1.000,+procurement;+procuring;+procuring entity;+tender;+bidders;+bidding;+request for proposal;+gfr;+cppp;+eligibility criteria;+rfp;+eoi;+eprocurement;+procurement-policy
MfPoCS_2025.pdf,107,"Manual for Procurement of Consultancy Services, Second Edition, 2025
d) After opening, every tender shall be numbered serially (say 3/14 – if it is the third bid
out of 14 total), initialled, and dated on the first page by the BOC. Each page of the
price schedule or letter attached to it shall also be similarly initialled, particularly the
prices, delivery period, and so on, which shall also be circled and initialled along with
the date. Any other page containing significant information should also be dealt with
similarly. Blank tenders, if any, should be marked accordingly by the BOC. The
original (and duplicate, if any) copies in a tender set are to be marked accordingly by
the BOC;
e) Erasure/cutting/overwriting/use of whitener/columns left unfilled in tenders, if any,
shall be initialled along with date and time and numbered by the officials opening the
tenders and total number of such noticed alterations (or the absence of any alteration)
should be explicitly marked on the first page of the bid. Wherever quantity/amount is
written only in figures, the BOC should write them in words. All rebates/discounts
should be similarly circled, numbered, and signed. In the absence of any
alteration/overwriting/whitener/ blanks, the remark “no corrections noted” should be
written. Similarly, the absence of discounts should be marked with “no discounts
noted;”
f) The BOC is to announce the salient features of the tenders such as description and
specification, quoted price, terms of delivery, delivery period, discount, if any, whether
EMD furnished or not, and any other distinctive feature of the tender for the
information of the representatives attending the tender opening. No clarifications by
bidders should be entertained or allowed to be recorded during the bid opening. BOC
has no authority to reject any tender at the tender opening stage;
g) Financial instruments should be noted in the bid opening report/register and handed
over to the Finance Section for safe custody and monitoring; and
h) A bid opening report containing the names of the bidders (serial number wise), salient
features of the tenders, as read out during the public opening of tenders, will be
prepared by the tender opening officers, and duly signed by them along with the date
and time. The tenders that have been opened, list of the representatives attending the
tender opening, and bid opening report are to be handed over to the nominated
purchase officer and an acknowledgement obtained for him. The name of the bidder
proposed prices shall be read aloud and recorded when the financial proposals are
opened. No modification to financial proposals is permitted. The Procuring Entity shall
prepare the minutes of the public opening. Format at Annexure 5 may be used for this
purpose. When electronic submission of proposals is used, this information shall be
posted online.
i) Similar procedure shall later be followed during Financial Bid Opening in case of
multiple-envelop bidding.
5.7 Transparency and Protecting Third-Party Rights of Bidders
1. Objectives of transparency in eProcurement are amply served if all data relating to the
Tender and Award of Contract are accessible to public.
2. As far as the bidders who have participated in a tender (participating bidders), for
purpose of transparency, comparative summary of Technical (compliance details) and of
Financials bids (including QCBS calculations, wherever applicable) should also be accessible
to them, but not necessarily to public at large, unless sought and is permissible under the RTI
act.
97",1,1.000,+procurement;+procuring;+procuring entity;+tender;+tenders;+bidder;+bidders;+bidding;+eprocurement;+financial bid;+emd;+contract;+purchase;+bid;+bids;-annexure;+eprocurement;+bid-process
MfPoCS_2025.pdf,120,"Manual for Procurement of Consultancy Services, Second Edition, 2025
Chapter 7: Shortlisting of Consultants, Expression of
Interest (EoI)
7.1 Basic Considerations
1. Due to inherent complexities of evaluation of physically non-measurable scope and
quality standards of consultancy proposals, it is too time consuming and expensive for the
Procuring Entity to invite (as well for the Consultancy firms to prepare) and evaluate proposals
from all consultants who want to compete. Therefore. in Procurement of Consultancy, is done
in a two-stage process.
2. In the first stage of procurement, the qualified firms with requisite experience, technical
and financial capabilities, who can be trusted to deliver the required services at the desired
level of quality, are shortlisted transparently. This shortlisting is done through Expression of
Interest (EoI) process. Care should be taken to avoid stipulation of shortlisting qualification
criteria disproportionate to the requirement of the services that may lead to restricted shortlist
and lack of competition in the second stage. Adequate time should be allowed for getting
responses from interested consultants. The Procuring Entity shall make available copies of
the EoI document to the interested consultants in on its website and e-Procurement portal
(GeM/ CPPP).
3. In the second stage Request for Proposals (RfP), proposals containing Technical and
Financial Bids is invited from such shortlisted bidders. Selection of winning bidder is based on
the quality of the proposal and, where appropriate, on the cost of services to be provided.
7.2 Modes of EoI
1. Open Tender Enquiry (OTE): (Rule 183 (ii) of GFR 2017, please refer to para 4.2 of
the ‘Manual for Procurement of Goods, 2024’ for details) For procurement above Rs 50
(Rupees Fifty) Lakhs shortlisting is done in an openly advertised competitive (OTE mode)
shortlisting process called Expression of Interest (EoI), giving equal opportunity to all
interested bidders to be considered for shortlisting. Under EoI the ""Request for Expression of
Interest"" (REoI) is advertised on Central Public Procurement Portal (CPPP) at
www.eprocure.gov.in and on Government e-Marketplace (GeM). An organisation having its
own website should also publish all its advertised tender enquiries on the website. The
advertisements for invitation of tenders should give the complete web address from where the
bidding documents can be downloaded. A complete ToR should be ready before requesting
EoI. Attention of known reputed consultants may also be separately drawn wherever possible.
The advertisement must include, among other things, the last date of submission of EoI, how
to get/ download copy of the EoI document including ToR, contact information of the Procuring
Entity with the name of contact person, and so on.
2. Global Tender Enquiry (GTE): In case it is felt that likely consultants may not be
available in India, the EoI process may be done on Global Tender Enquiry (GTE) process, by
sending REoI notice to foreign embassies in India and Indian embassies in relevant countries.
Please see further details of GTE and also restriction on GTE for tenders below Rs. 200 Crore,
in para 4.3 of ‘Manual for Procurement of Goods, 2024’.
3. Limited Tender Enquiry (LTE): (Rule 183 (i) of GFR 2017, please refer to para 4.4 of
the Manual for Procurement of Goods, 2024 for details) In procurements of consultancy
111",1,1.000,+procurement;+procuring;+procuring entity;+tender;+tenders;+bidder;+bidders;+bidding;+e-procurement;+government e-marketplace;+gem;+limited tender;+open tender;+gfr;+cppp;+expression of interest;+rfp;+bids;+eoi;+crore;+gem-portal;+eprocurement;+procurement-policy
MfPoCS_2025.pdf,134,"Manual for Procurement of Consultancy Services, Second Edition, 2025
accordingly. Any substantive discrepancy shall be construed as a violation of the Code of
Integrity, and the bid shall be liable to be rejected as nonresponsive in addition to other punitive
actions under the Tender Document for violation of the Code of Conduct.
8.3.4 Deviations/ Reservations / Omissions - Substantive or Minor
1. During the evaluation of Bids, the following definitions apply:
a) “Deviation” is a departure from the requirements specified in the Tender Document;
b) “Reservation” is the setting of limiting conditions or withholding from complete
acceptance of the requirements specified in the Tender Document; and
c) “Omission” is the failure to submit part, or all the information or documentation
required in the Tender Document.
2. Substantive Deviations: A deviation/ reservation/ omission from the requirements of
the Tender Document shall be considered as a substantive deviation as per the following
norm, and the rest shall be considered as Minor deviation:
a) which affects in any substantive way the scope, quality, or performance of the
product;
b) which limits in any substantive way, inconsistent with the Tender Document, the
Procuring Entity's rights, or the Bidder's obligations under the contract; or
c) Whose rectification would unfairly affect the competitive position of other Bidders
presenting substantively responsive Bids.
3. The decision of the Procuring Entity shall be final in this regard. Bids with substantive
deviations shall be rejected as nonresponsive.
4. Variations and deviations and other offered benefits (techno-commercial or financial)
above the scope/ quantum of the services specified in the Tender Document shall not
influence evaluation Bids. If the bid is otherwise successful, such benefits shall be availed by
the Procuring Entity, and these would become part of the contract.
5. During the preliminary examination, some minor infirmity and/or irregularity and/or non-
conformity may also be found in some bids. Such minor issues could be a missing pages/
attachment or illegibility in a submitted document; non-submission of requisite number of
copies of a document.
6. Considering Minor Deviations: There have been also cases where the bidder
submitted the amendment Bank Guarantee but omitted to submit the main portion of the
document. The court ruled that this is a minor irregularity. The Procuring Entity reserves the
right to accept bids with such minor issues provided they do not constitute any substantive
deviation and do not have fiscal impact and, also, do not prejudice or affect the ranking order
of the bidders. Wherever necessary, the Procuring Entity shall convey its observation, on such
‘minor’ issues to Bidder as per para 8.3.5 below. If Bidder does not reply by the specified date
or gives an evasive reply without clarifying the point at issue in clear terms, that bid shall be
liable to be rejected as nonresponsive.
8.3.5 Clarification of Bids/Shortfall Documents
1. During evaluation and comparison of bids, the purchaser may, at his discretion, ask
the bidder for clarifications on the bid, in a consolidated manner, ordinarily not more than once.
The request for clarification shall be given in writing by registered/ speed post/ courier/ email/
eProcurement portal (CPPP/ GeM), asking the bidder to respond by a specified date,
mentioning therein that, if the bidder does not comply or respond by the date, his tender will
be liable to be rejected. Depending on the outcome, such tenders are to be ignored or
125",1,1.000,+procurement;+procuring;+procuring entity;+tender;+tenders;+bidder;+bidders;+eprocurement;+gem;+cppp;+contract;+bid;+bids;-examination;-reservation;+gem-portal;+eprocurement
MfPoCS_2025.pdf,147,"Chapter 8: RfP Evaluation and Award of Contract
6. It shall be mandatory for the successful bidder to get registered on GeM and obtain a
unique GeM Seller ID. before the placement of LoA or the contract. This ID shall be
incorporated in the contract.
8.7.2 Publication of Award of Contract and Return of EMD of Unsuccessful
Bidders [Rule 173 (xviii) of GFR 2017]
1. Mandatory Publication of Award of Contract: The details of award of contract and
name of the successful bidder should be mentioned mandatorily on the CPPP/ GeM (as
relevant) and in the notice board/ bulletin/ website of the concerned Ministry or Department/
eProcurement Portal.
2. Exceptions to Publishing of Award of Contract: In case publication of such
information is sensitive from commercial or security aspects, dispensation may be sought from
publishing of such results by obtaining sanction from the Secretary of the Department with the
concurrence of associated Finance. Open, transparent declaration, of price, sources, and
delivery schedule of Central Public Sector Enterprises (CPSEs) contractors as per extant
instructions adversely impacts ability of CPSEs to compete in highly competitive market.
CPSEs are denied a level playing field. At the time of tender formulation, commercial
organisations like CPSEs will disclose whether the subject of procurement is for commercial
re-sale. Contract Award details of such cases may be shared on electronic Procurement
Portals such as GeM, CPPP etc. after six (06) months of finalization of procurement. Such a
system shall protect financial data of the CPSEs for a reasonable time while also complying
with requirement of transparency.
3. Bid Securities: Upon the successful bidder furnishing the signed agreement and
performance security, each unsuccessful bidder will be promptly notified, and their bid security
be returned without interest within 30 (thirty) days of notice of award of contract in terms of
para 6.1.1 above. The successful consultant’s bid security shall be adjusted against the SD or
returned as per the terms of the tender documents.
8.7.3 Performance Security
The consultant receiving the LoA is required to furnish the required performance security, if it
is part of tender conditions, in the prescribed form within period prescribed in the tender
document (generally 14 (fourteen) to 28 (twenty-eight), depending on the amount), as per para
6.1.2 above. In case performance security is not submitted within the stipulated time, procuring
entity may pursue the contractor upto a reasonable grace period further for submission. In
case the firm fails to submit the requisite Performance Security even thereafter or fails to sign
the contact it may be treated as withdrawal of offer by L1 or H-1 bidder (as the case may be),
and the tender may be reinvited, besides taking necessary punitive actions including forfeiture
of EMD against such bidders.
8.7.4 Acknowledgement of Contract by Successful Bidder and Execution
1. After the successful bidder is notified that his bid has been accepted, he will be sent
an agreement in duplicate for signature and return, incorporating all agreements between the
parties.
2. The consultant should acknowledge and unconditionally accept, sign, date and return
the agreement within 14 (fourteen) days from the date of issue of the contract in case of OTE
and 28 (twenty-eight) days in case of GTE. Such acknowledgements may not be required in
low value contracts, below Rupees Five (5) Lakh or when the bidders offer has been accepted
in entirety, without any modifications. While acknowledging the contract, the consultant may
raise issues and/ or ask for modifications against some entries in the contract; such aspects
138",1,1.000,+procurement;+procuring;+tender;+bidder;+bidders;+eprocurement;+gem;+bid security;+performance security;+gfr;+emd;+cppp;+rfp;+contract;+contracts;+contractor;+bid;+lakh;+gem-portal;+eprocurement;+bid-process
MfPoCS_2025.pdf,160,"Chapter 9: Special Types of Engagements
7. Composite IT System Integration Services: Composite IT system integration
involves connecting disparate systems, applications, and data sources to create a cohesive
ecosystem. Here's how to approach procurement:
a) Defining Requirement:
i) Integration Strategy: Define the integration scope, including APIs, middleware,
and data synchronization. Consider whether real-time or batch processing is
required.
ii) Interoperability and Scalability: Ensure that integrated components can
communicate seamlessly. Scalability is crucial to accommodate future growth
and changing business needs.
iii) Testing and Maintenance: Specify testing requirements (unit, integration, and
end-to-end testing). Also, outline ongoing maintenance and support
expectations.
b) Technical Qualification: Select vendors with expertise in integrating complex systems.
Look for experience in integrating diverse technologies (ERP, CRM, legacy systems)
and handling data transformations.
8. Cyber auditing and Testing of hardware: The tenders issued by the Procuring
Entities should include detailed requirements for security auditing and testing of devices
intended for perpetual internet connectivity e.g., Servers, loT (Internet of Things) devices/
CCTV cameras etc., to mitigate security vulnerabilities and breaches of Government Systems.
The specifications must underscore the necessity of security measures at both hardware and
software levels to ensure the security and integrity of such devices or systems. CERT-IN77
empanelled organizations specialize in conducting security auditing, vulnerability
assessments, and penetration testing of computer systems, networks, and applications.
However, their primary domain may not encompass comprehensive hardware security testing
and evaluation of loT Devices/ CCTV cameras, which is the domain of STQC-IN. STQC, under
the aegis of the Ministry of Electronics and Information Technology (MeitY), has expertise for
thorough evaluation of loT Devices' hardware to ensure adherence to specified standards and
comprehensive evaluation of security aspects in the loT Devices.
9. For more details, Ministry of Electronics & Information Technology’s latest Model RfP
Documents for Selection of Implementation Agencies78 (which includes Guidance Notes) may
please be referred.
9.10 Hiring Consultants for Digital India Projects
1. Overview: The Digital India initiative, under the Ministry of Electronics and Information
Technology (MeitY), seeks to transform India into a digitally empowered society and
knowledge economy. The hiring of consultants is pivotal for implementing large-scale e-
governance and technology projects that support this vision. National e-Governance Division
(NeGD) an autonomous business division within Digital India Corporation, has established a
robust framework for hiring consultants through empanelment of qualified consulting
organizations. More details are available in NeGD’s notification79.
_______________________
77 Detailed in IPHW Division of MeitY’ s No.W-43/6/2020-IPHW dtd 24.02.2024
78 https://www.meity.gov.in/writereaddata/files/model_rfp_for_selection_of_implementation_agencies-2018.pdf
79 F.N. N-22018/33/2022-NeGD dated 17.05.2024
152",1,1.000,+procurement;+procuring;+tenders;+vendors;+rfp
MfPoCS_2025.pdf,174,"Manual for Procurement of Consultancy Services, Second Edition, 2025
performance notice and further action thereof should also be processed in the same manner
as mentioned above. The text of the performance notice will be on similar lines to the Annexure
22.
10.4.4 Denial Clause
If delay in delivery is attributable to the consultant, the procuring entity should protect itself
against extra expenditure during the extended period by stipulating a denial clause (over and
above levy of LD) in the letter informing the supplier of extension of the delivery period. In the
denial clause (applicable for delays attributable to consultant), any increase in statutory duties
and/or upward rise in prices due to the PVC clause and/or any adverse fluctuation in foreign
exchange are to be borne by the consultant during the extended delivery period, while the
purchaser reserves his right to get any benefit of a downward revisions in statutory duties,
PVC, and foreign exchange rate. Thus, in cases of delays attributable to Consultant, PVC,
other variations, and foreign exchange clauses operate only during the original delivery period.
The format of the denial clause is available in Annexure 22.
10.4.5 Liquidated Damages
Compensation of loss on account of late delivery (actually incurred as well as notional) where
loss is pre-estimated and mutually agreed to is termed as LD. Law allows recovery of pre-
estimated loss provided such a term is included in the contract and there is no need to
establish actual loss due to late supply [MallaBaux Vs. UOI (1970)]. However, it would
strengthen Procuring Entity’s rights, if it is established and kept on record, that inconvenience
and loss has been caused due to the delay in supplies, though the loss cannot be exactly
quantified, and hence liquidated damages are applicable as a genuine pre-estimate of the
loss.
10.4.6 Quantum of LD
1. While granting extension of the delivery period for delays attributable entirely to the
contractor, where the delivery of services or any activity thereof is accepted after expiry of the
original delivery period, the Procuring Entity may recover from the contractor, as liquidated
damages for each week of delay or part thereof until actual delivery or performance, but not
as a penalty, a sum equivalent to the 0.5% (half percent, or any other percentage if prescribed)
of the value of delayed portion (that includes variations, taxes and duties) of the Services,
subject to a maximum of 5% (Five percent) of the total contract value. Besides liquidated
damages during such a delay, the denial clause shall also apply. The Procuring Entity may
deduct liquidated damages from payments due to the consultant. Payment of liquidated
damages shall not affect the consultant’s liabilities. For purpose of GST, LD should be shown
as deduction on the invoice value by the contractor.
2. In case of inordinate delays, this upper limit of LD shall be 10% (Ten percent) of the
contract value. (Refer para 10.4.1-4 to understand inordinate delay).
3. In contracts governed by any type of variation (PVC, ERV or statutory variations), LDs
(if a percentage of the price) will be applicable on the price as varied by the operation of the
PVC.
4. In case of delays for which both procuring entity and consultant may be responsible to
a different extent, procuring entity with the approval of CA and concurrence of finance decide
a lower quantum of LD, and consider waiver of denial clause on the merit of the case.
5. LDs accrue only in case of delayed services. Where or as far as no services have been
rendered under a contract, upon cancellation, recovery of only the loss occasioned by breach
167",1,1.000,+procurement;+procuring;+procuring entity;+liquidated damages;+contract;+contracts;+contractor;+penalty;+supplier;-annexure
MfPoCS_2025.pdf,187,"Chapter 10: Monitoring Consultancy services Contract
1996 [Amended 201586 and 202187]. For this purpose, when the contract is with a domestic
contractor, a standard arbitration clause (hereinafter called the ‘Agreement’) may be included
in the Tender Document (Please refer to the Model Tender Document) indicating the
arbitration procedure to be followed, based on which the Arbitration Act shall become
applicable.
2. This Agreement shall continue to survive termination, completion, or closure of the
Contract for 3 years after that. Unless otherwise stipulated in the Contract, the venue of
arbitration should be the place from where the contract has been issued.
3. The Micro, Small and Medium Enterprises Development (MSMED) Act, 2006 provides
parties to a dispute (where one of the parties is a Micro or Small Enterprise) to be referred to
Micro and Small Enterprises Facilitation Council if the dispute is regarding any amount due
under Section 17 of the MSMED Act, 2006. If a Micro or Small Enterprise, being a party to
dispute, refers to the provisions in MSMED Act 2006, these provisions shall prevail over this
Agreement.
4. Government Guidelines on Arbitration in Contracts88: Department of Expenditure,
Ministry of Finance has issued following guidelines for arbitration in contracts of domestic
procurement by the Government and by its entities and agencies (including Central Public
Sector Enterprises [CPSEs], Public Sector Banks [PSBs] etc. and Government companies) :
a) Arbitration as a method of dispute resolution should not be routinely or automatically
included in procurement contracts/ tenders, especially in large contracts.
b) As a norm, arbitration (if included in contracts) may be restricted to disputes with a
value less than Rs. 10 crores. This figure is regarding the value of the dispute
(inclusive of both claims and counterclaims) not the value of the contract, which may
be much higher. It may be specifically mentioned in the bid conditions/ conditions of
the contract that arbitration will not be a method of dispute resolution in all other
cases.
c) Inclusion of arbitration clauses covering disputes with a value exceeding the norm
specified in sub-para (b) above should be based on careful application of mind and
recording of reasons and with the approval of:
i) Regarding Government Ministries/ Departments, attached/ subordinate offices
and autonomous bodies, the Secretary concerned or an officer (not below the
level of Joint Secretary) to whom authority is delegated by the Secretary.
ii) Regarding CPSEs/ PSBs/ Financial institutions etc., the Managing Director.
d) In matters where arbitration is to be resorted to, institutional arbitration may be given
preference (where appropriate, after considering the reasonableness of the cost of
arbitration relative to the value involved).
e) General or case-specific modification in the application of the above guidelines may
be authorised by the Secretary concerned (or an officer not below the level of Joint
Secretary to whom the authority is delegated by him) in respect of Government
Ministries/ Departments, attached/ subordinate offices and autonomous bodies, or
the Managing Director in respect of Central Public Sector Enterprises including Banks
and Financial institutions etc.
_______________________
86 https://lawmin.gov.in/sites/default/files/ArbitrationandConciliation.pdf
87 https://egazette.nic.in/WriteReadData/2021/225832.pdf
88 OM issued by PPD, DoE, MoF: No. F. 11212024-PPD dtd 03.06.2024
180",1,1.000,+procurement;+tender;+tenders;+contract;+contracts;+contractor;+bid
MfPoCS_2025.pdf,201,"Manual for Procurement of Consultancy Services, Second Edition, 2025
Annexure 1: Financial Powers to Sanction
Expenditure for Purchases and Execution of
Contracts
(Refer Para 1.5-1, 4.3-2, 8.2.1-5, 8.7.4-3)
1. DFPR, 2024, Rule 11, Sub-Rule (1): Subject to the provisions of DFPR 2024 and the
provisions of the General Financial Rules, governing the procurement of goods and services,
a Department of the Government of India shall have full powers to sanction expenditure for
purchases and for execution of contracts.
a) DFPR 2024, Annexure II (General Conditions for incurring expenditure), para 11: In
order to derive the benefit of these delegations optimally, the Departments of the
Government of India should not only make full use of the delegated powers but also
further re-delegate powers to their subordinate organisations to match the latter’s
requirements. A complete review of such re-delegations may be undertaken at least
once in three years.
2. Powers to sanction expenditure for purchases or execution of contracts to be exercised
by Secretary of the Department, shall be as follows:
Sub-rule (2) For open or limited tender contracts Rs. 100 crores
Sub-rule (3) For negotiated or single tender or proprietary contracts
Rs. 25 crores
and agreements
3. Sub-Rule (4): Contracts or purchases, the amount of which exceeds the value stated
in sub-rules (2) and (3) above, in the categories stated, shall require the approval of the
Minister in charge of the Department.
4. Sub-Rule (5): Subject to the provisions of DFPR 2024, Secretaries of the Departments
of Government of India may, by general or special order, confer powers not exceeding those
vested in them as specified in Sub-rule (2) and (3) of Rule 11 ….. upon an Administrator or
Head of the Department or any other authority subordinate to him in consultation with the
Financial Advisor of the Department or Ministry.
a) Redelegation of Powers: Rule 12, sub-rule (3): The Administrator or Head of the
Department ……. by an order in writing, authorise a Gazetted Officer serving under
him to exercise to such extent, as may be specified in that order, all or any of the
powers conferred on such Administrator or Head of the Department …. The
Administrator or Head of the Department shall, however, continue to be responsible
for the correctness, regularity and propriety of the decisions taken by the Gazetted
Officer so authorised.
b) Charter for FA, 2023, Para 20: Under Rule 12 of the Delegation of Financial Powers
Rules (DFPR), and orders of DoE, certain powers have been given to Departments
and to Heads of Department to decide the financial limits up to which they wish to
further delegate powers for incurring certain types of expenditure. Such cases of re-
delegation of powers may be either with a requirement to consult with Financial
Adviser in individual cases while exercising the re-delegated power or without a
requirement to consult the Financial Adviser in individual cases while exercising the
re-delegated power. All orders of re-delegation of powers require consultation of the
Financial Adviser on both these points, viz. the extent of re-delegation and whether
or not consultation of the Financial Adviser in individual cases will be required.
197",1,1.000,+procurement;+tender;+limited tender;+general financial rules;+contracts;+purchases;-annexure
MfPoCS_2025.pdf,214,"Manual for Procurement of Consultancy Services, Second Edition, 2025
Annexure 8: Format for Simplified Evaluation of
Quality (LCS/ EoI)
(Refer to Annexure 6)
(If so, specified in Bid Documents)
Sr. Item Required
No. response
1 Does the consultancy firm have the required experience? Yes
2 Does the proposed methodology of work fulfil the objectives of the Yes
assignment/ job till the last detail of the ToR?
3 Do the methodology, work plan and staffing schedule provide coverage Yes
of the entire scope of work as described in ToR?
4 Does the team leader fulfil the minimum educational qualification and Yes
experience criteria?
5 Has the consultant provided for all the professionals for requisite Yes
expertise?
6 Does the key professional (indicate the position) fulfil the minimum Yes
educational qualification and experience criteria? [Evaluate for all the
proposed key personnel]
7 Does the staffing schedule including the key professionals proposed, Yes
the responsibility assigned to them and the support staff together is
adequate for performing the entire scope of work indicated in the ToR?
Note: If the answer is yes, in all the cases, the consultancy firm is considered technically
qualified for the assignment.
210",1,0.800,+procurement;+bid;+eoi;-annexure;-educational
MfPoCS_2025.pdf,227,"Manual for Procurement of Consultancy Services, Second Edition, 2025
Annexure 18: Integrity Pact Format
(Refer para 3.4-2)
INTEGRITY PACT
Between
[the Procuring Organisation] hereinafter referred to as “The Principal,” and
__________________ hereinafter referred to as “The Bidder/ Contractor.”
Preamble
The Principal intends to award contract/s for__________________, under laid down
organisational procedures, The Principal values full compliance with all relevant laws of the
land, rules, regulations, economical use of resources, and fairness / transparency in its
relations with its Bidder(s) and / or Contractor(s).
To achieve these goals, the Principal shall appoint Independent External Monitors (IEMs) who
shall monitor the tender process and the execution of the contract for compliance with the
abovementioned principles.
Section 1 – Commitments of the Principal
1) The Principal commits itself to take all measures necessary to prevent corruption and to
observe the following principles: -
a. No employee of the Principal, personally or through family members, shall in
connection with the tender for, or the execution of a contract, demand, take a promise
for or accept, for self or third person, any material or immaterial benefit which the
person is not legally entitled to.
b. The Principal shall treat all Bidder(s) with equity and reason during the tender process.
The Principal shall, in particular, before and during the tender process, provide to all
Bidder(s) the same information and shall not provide to any Bidder(s) confidential /
additional information through which the Bidder(s) could obtain an advantage in the
tender process or the contract execution.
c. The Principal shall exclude from the process all known persons having conflict of
interest.
2) If the Principal obtains information on the conduct of any of its employees which is a
criminal offence under the BNS/ PC Act, or if there be a substantive suspicion in this
regard, the Principal shall inform the Chief Vigilance Officer and in addition shall initiate
disciplinary proceedings.
Section 2 – Commitments of the Bidder(s)/ Contractor(s)
1) The Bidder(s)/ Contractor(s) commits themselves to take all measures necessary to
prevent corruption. The Bidder(s)/ Contractor(s) commits themselves to observe the
following principles during participation in the tender process and the contract execution.
a. The Bidder(s)/ Contractor(s) shall not, directly or through any other person or firm,
offer, promise, or give to any of the Principal’s employees involved in the tender
process or the execution of the contract or to any third person any material or other
benefit which they are not legally entitled to, in order to obtain in exchange any
advantage of any kind whatsoever during the tender process or the execution of the
contract.
b. The Bidder(s)/ Contractor(s) shall not enter with other Bidders into any undisclosed
agreement or understanding, whether formal or informal, in violation of the
Competition Act, 2002 (as amended from time to time). This applies in particular to
225",1,1.000,+procurement;+procuring;+tender;+bidder;+bidders;+contract;+contractor;-annexure;-disciplinary
MfPoCS_2025.pdf,241,"Manual for Procurement of Consultancy Services, Second Edition, 2025
Q.No.48: Can Consortiums with Foreign Company takes the benefits of the Public
Procurement Policy for MSEs Order, 2012?
Ans. No, Under Udyam Registration (and earlier under UAM), there is no provision of
registration of Consortium. As mentioned in S. No. 3 above, benefits of the Public Procurement
Policy for MSEs Order, 2012 can be availed by those MSEs which are registered on the
Udyam Registration portal.
Q.No.49: Can trader benefits from Public Procurement Policy, for MSEs Order, 2012?
Ans. No, as mentioned in O.M. No. 5/2(2)/2021-E/P & G/Policy dated 02.07.2021, Retail and
Wholesale traders can register on Udyam Registration Portal for the purpose of Priority Sector
Lending (PSL) only.
239",1,1.000,+procurement;+procurement policy;+office-memorandum;+procurement-policy
MfPoCS_2025.pdf,254,"Manual for Procurement of Consultancy Services, Second Edition, 2025
B. Distribution-2 (D-2)/ Distribution-3 (D-3)
1) The bidder C does not agree to match the L1 price, then the next Class-I bidder
i.e., Bidder E is invited to match the L1 price.
2) Bidder E agrees to match the L1 price, and the 50 nos. quantity is awarded on
Bidder E.
3) The balance quantity of 50 nos. computers (100-50) is placed on the L1 bidder
‘A’.
4) In case, Bidder E does not agree to match the L1 price, the next Class-I bidder
is invited which is Bidder ‘F’.
5) Bidder F agrees to match the L1 price, then the 50 nos. of quantity are awarded
to Bidder F, while the balance quantity of 50 nos. computers is placed on the
L1 bidder ‘A’.
C. Distribution-4 (D-4)
1) None of the Class-I local suppliers agree to match the L1 price. No MII
preference given.
2) Entire quantity of 100 nos. computers is placed on the L1 bidder i.e., Bidder ‘A’.
iii) L-1 is ""Non-MSE non-Class-l local supplier"" (NM-NC1) [Scenario 3 -4) in Annexure
25]. Details of bids received:
Rates D-1 D-2 D-3 D-4 D-5 D-6 D-7
Bidder
S.# Bidder quoted Rank
Status
(INR)
A L1 NM- 37 (L1) 37 (L1) 37 (L1) 37 (L1) 37 (L1) 50 (L1) 75 (L1)
1. 100
NC1
Accept Accepts Does Does not Does Accept Does
B L2 s 38 (MII) not accept not s not
2. 110 NM-C1
37 accept accept 50 accept
(MII) (MII)
Accept Accepts Does Accepts Accepts Does Accept
L3 s 25 not 13 (MSE) 25 not s
3. C 112 M-NC1
13 (MSE) accept (MSE) accept 25
(MSE) (MSE)
Accept Does Accepts Accepts Does Does Does
D L4 s not 25 13 (MSE) not not not
4. 115 MC1
13 accept (MSE) + + 37 (MII) accept accept accept
(MSE) 38 (MII)
Not Not Not Not Does Not Does
5. E 118 L5 NM-C1 Eligible Eligible Eligible Eligible not Eligible not
accept accept
252",1,1.000,+procurement;+bidder;+bids;+supplier;+suppliers;+inr;-annexure
MfPoNCS_2025.pdf,0,"Preface
1. Compliance: This Manual adheres to the relevant laws, GFR, and clarifications/ OMs
issued by the Procurement Policy Division, Department of Expenditure, Ministry of Finance
(‘the Ministry’) up to April 2025. In case of inconsistencies between this Manual and
prevailing law or GFR, the extant law and GFR shall prevail. However, the provisions of
this Manual shall prevail in case of discrepancies with the clarifications/ OMs issued till
March April 2025 by the Ministry. Procuring entities are advised to stay informed about
any further changes in the relevant law, GFR, and clarifications/ OMs from the Ministry.
2. Interpretation:
a) Any mention of writing or writing includes matter in digital communications
(including email), manuscript, typewritten, lithographed, cyclostyled,
photographed, or printed—under or over signature or seal or digitally acceptable
authentication, as the case may be.
b) Words in the singular include the plural and vice-versa. Words importing the
masculine gender shall be taken to include other genders. Words importing
persons include any company or any association/ body of individuals/ companies
and vice-versa.
c) Any reference to any legal Act, Government Policies or orders shall be deemed to
include all amendments to such instruments, from time to time, till date.
d) Sentences containing ‘may’ are to be considered desirable or good practices that
procuring entities are encouraged to implement.
e) Sentences containing ‘should’/ ‘shall’ are required to be followed.
f) Sentences containing “allowed” indicate an optional course of action to be decided
upon on merits.
3. Manual for Procurement of Goods as a Comprehensive Reference: The ‘Manual for
Procurement of Goods, 2024’ is written to be a comprehensive reference. Other Manuals
(Works, Consultancy, and Non-consultancy Services) are self-sufficient from the point of
carrying out a procurement; however, common topics relevant for a deeper understanding
of the fundamentals of procurement are included only in brief in these manuals, giving
reference to relevant details in the ‘Manual for Procurement of Goods, 2024’.
4. Manuals and Model Tender Documents: Model Tender Documents (MTD) for
Procurement of Goods and Non-consultancy Services were issued in 2021, and those for
Consultancy Services were issued in 2023. These complement the respective
procurement manuals since the MTDs contain additional details on many topics that the
Manuals can accommodate. Therefore, Procuring Officials are urged to read both Manuals
and MTDs in tandem for better understanding.
5. Annexures: To maintain an uninterrupted flow of text on a topic, annexures contain
voluminous details from various orders/websites. Since these orders/ websites undergo
frequent revision, updating the annexures would be easier than updating the body of the
Manual.
6. An attempt has been made in this edition of Manuals to illustrate some topics with relevant
examples.
v",1,1.000,+procurement;+procuring;+procurement policy;+tender;+gfr;-course
MfPoNCS_2025.pdf,13,"Manual for Procurement of Non-Consultancy Services, 2025
Chapter 1: Introduction to Procurement of Non-consultancy
Services
1.1. Procurement Rules and Regulations; and this Manual
1. Various Ministries, Departments, attached and subordinate offices, local urban bodies,
public sector enterprises, and other Government (including autonomous) bodies
(hereinafter referred to as ‘Procuring Entities’) spend a sizeable amount of their budget on
the Procurement of goods, works and services to fulfil their stated objectives, assigned
duties/ obligations/ responsibilities/ functions, and activities in alignment with desired
policy outcomes.
2. The Ministries / Departments have been delegated full powers to make their own
arrangements for the procurement of goods and services that are not available on the
government e-marketplace (GeM). These powers must be exercised as per the Delegation
of Financial Power Rules and in conformity with the ‘Procurement Guidelines’ described
below. Common use Goods and Services available on GeM are required to be procured
mandatorily through GeM as per Rule 149 of GFR, 2017.
3. To ensure that these procurements are made by following a uniform, systematic, efficient,
and cost-effective procedure and also to ensure fair and equitable treatment of service
providers, there are guidelines comprising a hierarchy of Statutory framework, Rules and
Regulations, Manuals of Procurement and Procurement Documents as detailed in
Annexure 1 of Manual for Procurement of Goods, 2024 (hereinafter referred as
‘Procurement Guidelines).
4. At the apex of the Statutory framework governing public Procurement is Article 299 of the
Constitution of India, which stipulates that contracts legally binding on the Government
must be executed in writing by officers specifically authorised to do so. The Constitution
also enshrines Fundamental Rights (In particular, Articles 14 – Right to Equality before
Law and 19 (1) (g) – Right to practice any profession, or to carry on any occupation, trade,
or Business) which have implications for Public Procurement. Further, the Indian Contract
Act of 1872 and the Sale of Goods Act of 1930 are significant legislations governing
contracts of sale/ purchase of goods in general. There are other mercantile laws
(Arbitration and Conciliation Act, 1996; Mediation Act, 2023; Competition Act, 2002;
Information Technology Act, 2000; Indian Stamp Act, 1899, etc. as amended from time to
time) that may be attracted in Public Procurement Transactions.
5. In the Central Government, there is no law exclusively governing public procurement.
However, comprehensive Rules and Regulations in this regard are available in the General
Financial Rules (GFR), 2017 (especially chapters 6 to 9); Delegation of Financial Powers
Rules, 2024 (DFPR); Government orders regarding purchase preference/ restrictions like
Public Procurement (Preference to Make in India), Order 2017, facilities to Micro and Small
Enterprises and Start-ups, Restrictions on Entities from a Class of Countries (Rule 144
(xi), GFR 2017) etc.
6. Without purporting to be a comprehensive compendium of all such ‘Procurement
Guidelines’, this Manual is intended to serve as a portal to enter this vast area and draw
attention to basic norms and practices governing public procurement.
1",1,1.000,+procurement;+procuring;+government e-marketplace;+gem;+gfr;+contract;+contracts;+purchase;-annexure;+gem-portal;+procurement-policy
MfPoNCS_2025.pdf,27,"Manual for Procurement of Non-Consultancy Services, 2025
suppliers’ within the margin of purchase preference matches the L1 price, the
contract may be awarded to the L1 bidder.
d) “Class-II local supplier” will not get a preference for any procurement undertaken by
procuring entities.
4A Applicability in tenders where the contract is to be awarded to multiple bidders:
In tenders where the contract is awarded to multiple bidders subject to matching of L1
rates or otherwise, the ‘Class-I local supplier’ shall get purchase preference over ‘Class-II
local supplier’ as well as ‘Non-local supplier’, as per following procedure:
a) In case there is sufficient local capacity and competition for the item to be procured,
as notified by the nodal Ministry, only Class I local suppliers shall be eligible to bid. As
such, the multiple suppliers who would be awarded the contract should be all and only
‘Class I Local suppliers.’
b) In other cases, ‘Class II local suppliers’ and ‘Non-local suppliers’ may also participate
in the tender process along with ‘Class I Local suppliers’ as per provisions of the Order.
c) If ‘Class I Local suppliers’ qualify for the award of contract for at least 50 (fifty) per cent
of the tendered quantity in any tender, the contract may be awarded to all the qualified
bidders as per award criteria stipulated in the tender documents. However, in case
‘Class I Local suppliers’ do not qualify for the award of contract for at least 50 (fifty) per
cent of the tendered quantity, purchase preference should be given to the ‘Class I local
supplier’ over ‘Class II local suppliers’/ ‘Non-local suppliers’ provided that their quoted
rate falls within 20 (twenty) per cent margin of purchase preference of the highest
quoted bidder considered for award of contract so as to ensure that the ‘Class I Local
suppliers’ taken in totality are considered for award of contract for at least 50 (fifty) per
cent of the tendered quantity.
d) The margin of purchase preference shall be 20%. Only those ‘Class-I local suppliers’
would be eligible for purchase preference whose quoted rates fall within the margin of
purchase preference, subject to its meeting the prescribed criteria for award of contract
as also the constraint of maximum quantity that can be sourced from any single
supplier. First, purchase preference must be given to the lowest quoting eligible ‘Class-
I local supplier.’ If the lowest quoting ‘Class-I local supplier’ does not qualify for
purchase preference because of aforesaid constraints or does not accept the offered
quantity, an opportunity may be given to the next higher eligible ‘Class-I local supplier,’
and so on. In case the quantity thus allocated to eligible ‘Class-I local suppliers’ is short
of 50% of the tendered quantity, then this shortfall quantity may be distributed among
all other qualified bidders as per award criteria stipulated in the tender documents.
e) To avoid any ambiguity during the bid evaluation process, the procuring entities may
stipulate their own tender-specific criteria for the award of contracts amongst different
bidders, including the procedure for purchase preference to ‘Class-I local supplier’
within the broad policy guidelines stipulated in the sub-paras above.
5. Exemption of small purchases: Notwithstanding anything contained in sub-para 1
above, procurements where the estimated value to be procured is less than Rs. 5 lakhs
shall be exempt from the Order. However, it shall be ensured by procuring entities that
procurement is not split for the purpose of avoiding the provisions of this Order.
5A Exemption in the sourcing of spares and consumables of closed systems:
Procurement of spare parts, consumables for closed systems and Maintenance/ Service
contracts with Original Equipment Manufacturer/ Original Equipment Supplier/ Original Part
Manufacturer shall be exempted from this Order.
15",1,1.000,+procurement;+procuring;+tender;+tenders;+bidder;+bidders;+bid evaluation;+contract;+contracts;+purchase;+purchases;+bid;+supplier;+suppliers;+procurement-policy
MfPoNCS_2025.pdf,40,"Chapter 1: Introduction to Procurement of Non-Consultancy Services
a land border with India. Party B has its production facility in a country sharing land
border with India. The manufactured item will be procured by Party A from its sister
concern, i.e., Party B from the above-mentioned production facility. The production unit
is wholly owned by Party B. The Party A now claims that the provisions of Rule 144 (xi)
of GFR 2017 do not apply on it because:
i) Both Party A and B are not an entity incorporated, established, or registered in such
a country, since Party A is registered in India and Party B is registered in a country
not sharing land border with India;
ii) Both Party A and B are 100% owned subsidiary of an entity, which is incorporated,
registered, and established in a country not sharing land border with India;
iii) The beneficial owner of Party A and B is not situated in a country sharing land
border with India since they are owned by an entity belonging to country not sharing
land border with India;
iv) Both Party A and B are not an Indian (or other) agent of such an entity;
v) Both A and B are not a natural person who is a citizen of such a country;
vi) Both A and B are not a consortium or joint venture where any member of the
consortium or joint venture falls under any of the above. Though, Party B has a
wholly owned subsidiary in a country that shares a land border with India but is not
a JV or consortium (a subsidiary does not qualify as a JV or consortium)
vii) In addition to the above, Party A claims that they are not procuring finished goods
directly/ indirectly from the vendors from the countries sharing a land border with
India as the item is being manufactured in their own production units.
viii) In light of the above facts and the claims put forth by Party A, it is important to clarify
to the procurers that Party A acts as an agent for Party B, which manufactures
goods in a country sharing a land border with India. Party B supplies goods
manufactured at premises established in a country that shares a land border with
India. In such a case, registration is required for Party B (and not necessarily for
Party A, who is only an agent and not from a country sharing a land border with
India).
b) Taking an example of IT goods and services:
i) if the contractor is only supplying the servers as it is from an OEM that belongs
to a country sharing a land border with India, and there is no value addition
done by the contractor, then the contractor acts as an agent for the OEM and
registration of the OEM and the agent (contractor) both are required as per the
provisions of Rule 144 (xi) of GFR 2017.
ii) In case the contractor supplies value added services on a hardware, the
contractor outsources, in that case the registration of OEM is not required.
iii) Where there is deployment of IT services that includes both hardware and
software customization, and the contractor has sourced hardware, which is
made in the country sharing land border with India, the requirement of
registration as per the provisions of Rule 144 (xi) are not applicable.
1.10.4. Support to Start-up Enterprises
1. Definition of Start-up Enterprises:
a) As defined by DPIIT, an entity shall be considered as a 'Start-up':
i) Upto a period of ten years from the date of incorporation/ registration, if it is
incorporated as a private limited company (as defined in the Companies Act,
28",1,1.000,+procurement;+procuring;+gfr;+vendors;+contractor
MfPoNCS_2025.pdf,67,"Manual for Procurement of Non-Consultancy Services, 2025
ii) False declaration of local content by Class I/ Class II local suppliers under Public
Procurement (Preference to Make in India, Order 2017, dated 19/07/2024 or later,
i.e., the Make in India Order) shall also be treated as a breach of the code of
integrity. A supplier/ service provider who has been debarred by any procuring
entity as per this sub-para:
1) The fact and duration of debarment for this reason by any procuring entity must
be promptly brought to the notice of the Member-Convenor of the Standing
Committee (Joint Secretary DPIIT, under the Make in India order) and the
Department of Expenditure through the concerned Ministry /Department or in
some other manner.
2) The Standing Committee shall consolidate such cases, and a centralised list or
decentralised list of such suppliers/ service providers with the period of
debarment must be maintained on a periodical basis and displayed on the
website(s).
3) Such suppliers/ service providers, though debarred by a single Ministry/
Department, shall not be eligible for preference under the Make in India Order
for procurement by any other procuring entity for the duration of the debarment.
This shall be effective from the date of uploading such debarment to the
website(s).
iii) For any other actions or omissions35 by the firm that, in the opinion of the Ministry/
Department, warrants debarment.
b) The debarment order shall not be circulated to other Ministries/ Departments. It will
only be applicable to all the attached/ subordinate offices, Autonomous bodies, Central
Public Sector Enterprises (CPSEs), etc. of the Ministry/ Department issuing the
debarment Order. Please refer to Annexure 24 for a format for debarment order.
c) The concerned Ministry/ Department, before issuing the debarment order against a
firm, must ensure that reasonable opportunity has been given to the concerned firm to
represent against such debarment (including a personal hearing if requested by the
firm). Please refer to Annexure 23 for the format of the Show-cause notice for
debarment.
d) The Secretary of Ministry/ Department may nominate an officer at the rank of Joint
Secretary/ Additional Secretary as competent authority (CA) to debar the firms.
e) The Ministry/ Department that issued the order of debarment can also issue an Order
for revocation of debarment before the period of debarment is over, if there is adequate
justification for the same. Ordinarily, the revocation of the Order before expiry of
debarred period should be done with the approval of the Secretary concerned of the
Ministry/ Department
f) The Ministry/ Department will maintain a list of such debarred firms, which will also be
displayed on its website. Such a list on the website shall be automatically binding on
35 (Supply of substandard material; non-supply of material; abandonment of works; substandard quality of works;
failure to abide by “Bid Securing Declaration”; conviction under the Prevention of Corruption Act, 1988; conviction
under any law for causing any loss of life or property or causing a threat to public health as part of executing a
public procurement contract; employs a government servant who has been dismissed or removed on account of
corruption; employs a non-official convicted for an offence involving corruption or abetment of such an offence in
a position where he could corrupt government servants, or employs a government officer within one year of his
retirement who has had business dealings with him in an official capacity before retirement.)
57",1,1.000,+procurement;+procuring;+procuring entity;+contract;+bid;+supplier;+suppliers;-annexure;+procurement-policy
MfPoNCS_2025.pdf,81,"Chapter 4: Bidding Design for Non-Consultancy Services
Financial Proposals are also given cost-score based on the relative ranking of prices, with
100 (hundred) marks for the lowest and pro-rated lower marks for higher priced offers.
The total score shall be obtained by weighting the quality and cost scores and adding
them. For example, the weightage given to the cost score may be 80% (Eighty percent),
and the technical score may be given a weightage of 20% (twenty percent but should
never be more than 30%), etc. However, the weight for the “quality” shall be chosen,
considering the complexity of the assignment and the relative importance of quality. The
proposed weightings for quality and cost shall be specified in the RfP. The firm obtaining
the highest total score shall be selected. It may be noted that theoretically QCBS system
with weight of 100% (hundred percent) for the ‘cost’ approximates the price based LCS
system. This method of selection shall be used for highly technically complex and critical
assignments where it is justifiable to pay appropriately higher price for higher quality of
proposal.
3. Procuring entities are allowed38 to use QCBS for procurement of works and non-
consultancy services in the following cases. In this para 4.3.2, instructions containing
“shall” are mandatory; any deviation from these instructions shall require relaxation from
the Ministry of Finance (for Ministries/ Departments, etc.) or (from the Board of Directors
for CPSEs):
a) where the procurement has been declared to be a Quality Oriented Procurement
(QOP) by the competent authority or
b) for procurement of Non-Consulting Services, where estimated value of procurement
(including all taxes and option clause) does not exceed Rs 10 crore, this method of
selection shall be used for highly technically complex and critical assignments where
it is justifiable to pay appropriately higher price for higher quality of proposal.
c) QCBS shall not be used in the procurements planned to be done through Reverse
Auction or through Limited tenders.
Notes: In cases where the estimated value was less than Rs 10 crore, but
on tendering, following the QCBS process, it is proposed to place a contract
for more than Rs 10 crore, the following procedure shall be adopted:
i) In case the difference between estimated value (including taxes etc as
above) and value of the proposed contract (including taxes etc) is less
than 10% of the estimated value, there will be no bar on placement of
contract.
ii) In all other cases, the procurement process is to be scrapped and
restarted either as QOP or on a non-QCBS basis.
4. The principles of QCBS shall be as provided in Rule 192(i), (ii), and (iii) of the GFR
(Please refer to Manual for Procurement of Consultancy services for such principles).
However, the maximum weight of the non-financial parameters shall in no case exceed 30%.
5. The Competent Authority: the Competent Authority for allowing the QCBS method
in the procurement of works/ NC Services shall be as follows:-
a) For declaring a procurement as QOP:
38
General Instructions on Procurement and Project Management - DoE’s OM NO.F.1/1/2021-PPD dtd 29th
October 2021
72",1,1.000,+procurement;+procuring;+tenders;+tendering;+bidding;+gfr;+rfp;+contract;+crore;+office-memorandum
MfPoNCS_2025.pdf,94,"Manual for Procurement of Non-Consultancy Services, 2025
Chapter 5: Bid Invitation Process
5.1. Preparation and Uploading/ Floating of Tender Documents
5.1.1. Model Tender Documents
Department of Expenditure (DoE), Ministry of Finance, Government of India has issued Model
Tender Documents for Procurement of Goods.46 (October 2021), Procurement of Non-
Consultancy Services47 (October 2021) and Procurement of Consultancy Services48 (April
2023). Procuring Entities are urged to customise relevant MTD to prepare tender documents
for their procurements. Guidance notes annexed to the MTDs detail the process of
customisation of MTD for an Organisation and each procurement.
5.1.2. Tender Documents49
1. The tender document is the fundamental document in the public procurement process as
after award of the contract it becomes part of the contract agreement. A carefully prepared
tender document avoids delays and complaints. This will also attract more bidders to
formulate and submit their competitive bids with confidence. Hence, it is worth spending
time and effort on this, even in cases of urgency.
2. Provisions/ clauses in the tender document should be clear, self-contained, and
comprehensive, without any ambiguity. to avoid differences in interpretation and possible
disputes, time overrun, cost overrun and quality compromises. While tender document
should be complete in themselves and may be slightly different for various categories of
procurements, these must necessarily address the essential aspects mentioned below
(Rule 200 of GFR 2017). Model Tender Documents, issued by the DoE, which comply with
all these requirements, may be used, with due customisation, as per the guidance notes
annexed to the MTDs:
a) The details of the work or service to be performed by the contractor;
b) The facilities and the inputs which will be provided to the contractor by the Ministry of
Department;
c) Eligibility and qualification criteria to be met by the contractor for performing the
required work/ service. The eligibility criteria should take care of the service provider’s
limitation/ preference to participate in the Tender process. Criteria for determining the
responsiveness of bids, criteria as well as factors to be considered for evaluating the
bids on a common platform and the criteria for awarding the contract to the responsive,
most advantageous (lowest/highest as the case may be) bidder;
d) The statutory and contractual obligations to be complied with by the contractor.;
3. Procuring entities may issue instructions regarding appropriate delegation of authority for
approval of the Tender Documents before these are floated/ uploaded.
46
Accessible from
https://doe.gov.in/files/circulars_document/Model_Tender_Document_for_Procurement_of_Goods.pdf
47
Accessible from
https://doe.gov.in/files/circulars_document/Model_Tender_Document_for_Procurement_of_Non_Consultancy_
Services.pdf
48
https://eprocure.gov.in/cppp/sites/default/files/standard_biddingdocs/Procurement_Consultancy_Services.pdf
49 Notified under para 12 vide OM No.F.1/1/2021-PPD issued by Department of Expenditure dated 29.10.2021
85",1,1.000,+procurement;+procuring;+tender;+bidder;+bidders;+gfr;+cppp;+eligibility criteria;+contract;+contractor;+bid;+bids;+eprocurement;+office-memorandum;+procurement-policy
MfPoNCS_2025.pdf,108,"Manual for Procurement of Non-Consultancy Services, 2025
d) For bulky/ oversized bids which cannot be dropped into tender boxes, the officials
authorised to receive such bids shall maintain proper records and provide a signed
receipt with date and time to the bearer of the bid. He will also sign on the cover, duly
indicating the date and time of receipt of the tender(s). Names and designations of at
least two such authorised officers should be mentioned in the tender documents.
3. Bid security: Bid Security or if permitted Bid Securing Declaration (BSD) must accompany
the bid as per instructions in the Tender Document. A self-attested scan of the original Bid
Security/ BSD should be uploaded along with bids. Bids not complying with these
provisions shall be rejected. Please refer para 6.1.1 below.
5.2.9. Bid Validity
A bid shall remain valid for the period mentioned in the Tender Document (90 days if not so
specified). A bid valid for a shorter period shall be rejected as nonresponsive. In case the day
up to which the bids are to remain valid falls on or is subsequently declared a holiday/ closed
day for the Procuring Entity, the bid validity shall automatically be deemed to be extended upto
the next working day. The validity period should not be unreasonably long as keeping the
tender unconditionally valid for acceptance for a longer period entails the risk of getting higher
prices from the bidders. (Please see para 7.2.6 below for an extension of the Bid Validity
Period)
5.3. Opening of Bids
1. Immediately after the deadline for bid submission, the procuring entity shall proceed to the
bid opening. If the specified date of Bid Opening falls on is subsequently declared a holiday
or closed day for the Procuring Entity, the Bids shall be opened at the appointed time on
the next working day. In offline tenders, the BOC shall comprise one officer each from the
procuring entity and Associated/ integrated Finance.
2. In e-procurement, all tenders uploaded by bidders are received, safeguarded, and opened
online on the portal as detailed in ‘Appendix 3: Electronic Procurement (e-Procurement)
and e-Auction’ of the Manual for Procurement of Goods, 2024.
3. In offline tenders, receipt and custody of bids shall be done in a transparent manner to
maintain the credibility of the process. The following guidelines should be adhered to for
receipt and custody of bids:
a) The authorised representatives of bidders, who intend to attend the tender opening in
OTE/ GTE/ SLTE are to bring with them letters of authority from the corresponding
bidder. The prescribed format for the letter of authority for attending the bid opening
should be given in the tender document. All bid-opening activities should be carried
out demonstrably before such a gathering. The prescribed format for the bid opening
attendance sheet and report is given in Annexure 5;
b) At a prescheduled date and time, the BOC of the day should get the tender box opened
after ensuring and demonstrating that the seal on the box has not been tampered with.
All bids should be collected from the tender box. Bids for tenders not opening on that
day should be put back into the box, and the box resealed. Sometimes, there would
be tenders dropped wrongly into this tender box. Such wrongly dropped tenders with
appropriate endorsement should be put into the appropriate box or sent to the Tender
Committee (TC) concerned if the date of opening is over. The bids for different tenders
opening on the day (including oversized bids, which were submitted to designated
officers) should be sorted, and a count for each tender should be announced and
99",1,1.000,+procurement;+procuring;+procuring entity;+tender;+tenders;+bidder;+bidders;+e-procurement;+bid security;+bid;+bids;-holiday;-attendance;-annexure;+eprocurement;+bid-process
MfPoNCS_2025.pdf,121,"Chapter 6: Forms of Securities, Prices, Payment Terms and Price Variations
6.6. Statutory Taxes/ Duties/ Levies
6.6.1. Goods and Services Tax (GST)
1. GST Registration Status and GSTIN (15-digit registration number):
a) All the bidders/ Bidders should ensure that they are GST compliant and that their
quoted tax structure/ rates are as per the GST Act/ Rules.
b) Bidder should be registered under GST and furnish their GSTIN number and GST
Registration Certificate in their offer unless they are specifically exempted from
registration under a specific notification/ circular/ section/ rule issued by statutory
authorities.
c) If the bidder has multiple business verticals in a state and has separate registrations
for each vertical, the GSTIN of each vertical concerned with the supply and service
involved, as per the scope of the Schedule of Requirements and Price Schedule shall
be quoted.
d) If the supply/ service is from multiple states, the bidder should mention GST
registration numbers for each state separately.
e) Composition scheme: If the Bidder has opted for a composition levy under Section
10 of CGST, he should declare the fact while bidding along with GSTIN and GST
registration certificate.
f) Exemption from Registration: If a bidder is not liable to take GST registration, i.e.,
having turnover below threshold, he shall submit undertaking/ indemnification against
tax liability. The bidder claiming exemption in this respect shall submit a valid certificate
from a practising Chartered Accountant (CA)/ Cost Accountant with the Unique
Document Identification Number (UDIN) to the effect that the bidder fulfils all conditions
prescribed in notification exempting him from registration. Such bidder/ dealer shall not
charge any GST and/ or GST Cess in the bill/ invoice. In such case, applicable GST
shall be deposited under Reverse Charge Mechanism (RCM) or otherwise as per GST
Act by the Procuring Entity directly to concerned authorities. Bidder should note that
his offer would be loaded with the payable GST under the RCM. Further, the bidder
should notify and submit to the Procuring Entity within 15 days of becoming liable for
registration under GST.
g) Bidders must also consider the benefits of input tax credit under the GST legislations,
as amended from time to time, on Input goods/Capital goods / Input Services while
quoting the prices.
h) In their bids, the bidders shall indicate the details of their GST Jurisdictional Assessing
Officers (Designation, address, email ID). In case of a contract award, the Purchaser
shall immediately forward a copy of the LOA/Purchase Order to the Jurisdictional
Assessing Officer mentioned in the bidder’s bid.
i) The Procuring Entity's state-wise GSTINs shall be indicated in Tender Documents.
2. HSN Code and GST Rate:
a) If provided in the Tender Document, the HSN (Harmonized System of Nomenclature)
code for the goods/ services is only indicative. The bidder shall be responsible for
ensuring that they quote the correct HSN Code and corresponding GST rate for the
services they offer.
b) As per the GST Act, the bid and contract must show the GST Tax Rates (and GST
Cess if applicable) and GST Amount explicitly and separately from the bid/ contract
price (exclusive of GST). So, if a Bidder asks for GST (and GST Cess if applicable) to
112",1,1.000,+procuring;+procuring entity;+tender;+bidder;+bidders;+bidding;+purchase order;+turnover;+contract;+purchase;+bid;+bids
MfPoNCS_2025.pdf,135,"Chapter 7: Bid Evaluation, and Award of Contract
acceptability. This committee shall record in detail the reasons for acceptance or
rejection of the bids analysed and evaluated by it. The CA may ask the TC to explain
the report but should not request that scores be changed. It should review the TC’s
evaluation of each proposal (on technical, contractual, and other aspects). The CA
should decide how any acceptable deviation in each proposal should be handled
during contract formulation, in case that proposal is ranked first. The technical
evaluation report is a confidential document, and its contents shall not be disclosed.
All records relating to the evaluation, such as individual mark sheets, shall be retained
until completion of the project and its audit. A sample format for preparation of technical
evaluation report and financial evaluation report including award recommendation to
the competent authority is given at Annexure 6.
b) Declaration of Results: In such cases, after the approval of CA, the results of the
Techno-commercial bid evaluation are to be announced (including informing the failed
Bidders). In the case of two-packet or two-stage tendering, Bid securities of
unsuccessful bidders during the first stage, i.e., technical evaluation, etc., should be
returned within 30 days of declaration of result of the first stage, i.e., technical
evaluation etc, in terms of Para 6.1.1. The date/ time and place (or on the portal in
case of e-procurement) are announced for the opening of Financial Bids in the
presence of technically suitable bidders who are willing to attend the bid opening. Such
a date should be two to five (5) days after the announcement.
7.4. Financial Evaluation
7.4.1. General Norms for Ranking of Financial Bids
1. The financial proposals shall be opened publicly (as per para 5.3 mutatis mutandis)
witnessed by representatives of the technically qualified service providers who choose to
do so. In off-line tenders, the Evaluation Committee demonstrably verifies that the financial
proposals have remained sealed and then opens them.
2. For a time-based contract, any arithmetical errors shall be corrected, and prices shall be
adjusted if they fail to reflect all inputs that are included in the respective technical
proposals. For a lump-sum contract, the bidder is deemed to have included all prices in
its/his financial proposal so neither arithmetical correction nor any other price adjustment
shall be made.
3. For the purpose of evaluation, the total cost shall include all taxes and duties for which the
Procuring Entity makes payments to the service provider and other reimbursable
expenses, such as travel, translation, report printing, or secretarial expenses as indicated
in the Tender document.
4. Unless otherwise stipulated, the comparison of the responsive Bids shall be on price
criteria (except in case of QCBS selection – para 7.4.4 below) i.e., total outgo from the
Procuring Entity’s pocket, to be paid to the contractor or any third party, including all
elements of costs as per the terms of the proposed contract, including any service charges,
insurance, cost of incidental Works/ Goods, taxes, duties, levies etc. Financial Bids of all
Techno-commercially suitable bids are evaluated and ranked to determine the lowest
priced bidder.
5. Unless otherwise stipulated, if the Schedule of Requirements contains more than one
schedule, the financial ranking of bids shall be done based on all schedules put together.
126",1,1.000,+procurement;+procuring;+procuring entity;+tender;+tenders;+tendering;+bidder;+bidders;+e-procurement;+bid evaluation;+contract;+contractor;+bid;+bids;-annexure;+eprocurement;+bid-process
MfPoNCS_2025.pdf,148,"Manual for Procurement of Non-Consultancy Services, 2025
a) Recovery of liquidated damages (LD) for delay in performance of the contract on the
part of the contractor;
b) A warranty clause/defect liability clause should be incorporated in contracts for Non-
consultancy Services, above a threshold value, requiring the contractor to, without
charge, replace, repair, or rectify defective goods/ works/services;
c) Payment of all applicable taxes by the contractor or service provider; and
d) for an unconditional power of revocation or cancellation by the Procuring Entity at any
time on the expiry of six months’ notice to that effect, when a contract is likely to endure
for a period of more than two years, it should, wherever feasible, include a provision.
4. Standard forms of contracts should be invariably adopted, except in following cases:
a) Authorities competent to make purchases may, at their discretion, make purchases of
value up to Rupees Two and half (2.5) lakh by issuing purchase orders containing basic
terms and conditions;
b) With respect to contracts for purchases valued from Rupees One Lakh to upto Rupees
Ten lakhs, where tender documents include the GCC, SCC, and schedule of
requirements, the letter of acceptance will result in a binding contract, provided no
performance security is called for or due to be submitted. All delivery liabilities would
be counted from the date of LoA. (Rule 225 iv) b) GFR 2017).
c) In cases where standard forms of contracts are not used or where modifications in
standard forms are considered necessary in respect of individual contracts, legal and
financial advice should be taken in drafting the clauses in the contract and approval of
CAs is to be obtained; and
d) Copies of all contracts and agreements for purchases of the value of Rs. 50 (Rupees
Fifty) lakh and above, and of all rates and running contracts entered into by civil
Departments of the Government should be sent to the Accountant General.
e) Copies of the LOA/Purchase Order should also be sent to the Jurisdictional Assessing
Officer for GST, mentioned in the bidder’s bid.
7.5.6. Audit Trails - Procurement Records
1. The procuring entity must maintain and retain audit trails, records and documents
generated or received during its procurement proceedings, in chronological order, the files
will be stored in an identified place and retrievable for scrutiny whenever needed without
wastage of time.
2. However, many organisations now process procurements on their own eProcurement
Portals. In such cases, taking printouts and making a physical file just for records may be
counter-productive, provided the portals have provisions for audit trails. The documents
and records to be maintained electronically or physically will include the following:
a) documents pertaining to determination of need for procurement;
b) description of the subject matter of the procurement;
c) Statement of the justification for choice of a procurement method other than open
competitive tendering;
d) Documents relating to pre-qualification and registration of bidders, if applicable;
e) Particulars of issue, receipt, opening of the bids and the participating bidders at each
stage;
f) Requests for clarifications and any reply thereof including the clarifications given during
pre-bid conferences;
g) Bids evaluated, and documents relating to their evaluation; and
139",1,1.000,+procurement;+procuring;+procuring entity;+tender;+tendering;+bidder;+bidders;+eprocurement;+performance security;+gfr;+purchase order;+liquidated damages;+contract;+contracts;+contractor;+purchase;+purchases;+bid;+bids;+lakh;+eprocurement;+bid-process
MfPoNCS_2025.pdf,162,"Manual for Procurement of Non-Consultancy Services, 2025
h) Cybersecurity Standards: Specify the required cybersecurity measures and standards
that the service provider must adhere to (e.g., ISO/IEC 27001 certification).
i) Audit Rights: Include clauses allowing the procuring authority to audit the service
provider’s performance, data security, and compliance with the contract at regular
intervals.
j) Risk Management Plan: Require the bidder to submit a risk management plan to
mitigate risks related to hardware failure, service disruptions, or cybersecurity threats.
k) Ownership Model: Clarify that the hardware is provided on a service model (HaaS),
and the ownership and risks remain with the service provider throughout the contract
period.
l) Service provider would keep the hardware insured at his cost.
m) Asset Tracking: Specify requirements for tracking and monitoring hardware assets,
including provisions for upgrading hardware during the contract period.
2. Contract Period:
a) Tenure: Specify the duration of the contract (e.g., 3 years, 5 years), indicating whether
the contract is renewable and under what conditions. In case the Contract is decided
on QCBS basis as per para 7.4.4, a longer contract period may be considered (say
upto 10 years).
b) Exit Clauses: Include provisions for early termination or contract extensions, based on
performance.
3. Service Level Agreement (SLA):
a) Uptime Requirements: Define minimum uptime guarantees (e.g., 99.9% availability)
and penalties for breaches.
b) Response and Resolution Times: Set clear expectations for response times and
resolution times for service requests and hardware issues (e.g., 4-hour response time
for critical failures).
c) Maintenance & Support: Include conditions for periodic preventive maintenance and
replacement of faulty hardware at no additional cost.
d) Monitoring and Reporting: Require regular performance reports from the service
provider regarding hardware functionality, uptime, and SLA adherence.
e) Penalties for Non-Compliance: Define penalties for failure to meet SLA requirements,
delayed delivery, or non-compliance with other terms of the contract. Penalties could
include financial deductions, contract termination, or blacklisting from future tenders.
4. Payment Terms:
a) Subscription Model: Outline the payment model, typically on a monthly or quarterly
subscription basis, with provisions for penalties in case of non-compliance with SLAs.
b) Cost Inclusions: Define the total cost of the service, including hardware, software,
service charges, taxes, transportation, and any other related costs.
c) Milestone-based Payments: Payment may be linked to the achievement of predefined
milestones such as delivery, installation, successful commissioning, periodic payment,
dismantling/ removal at end of contract.
5. Qualification and Evaluation Criteria:
a) Technical Qualification:
i) Experience and Expertise: Bidders must have prior experience in providing IT
Hardware as a Service (HaaS) to government departments or large
enterprises. Minimum of 3 to 5 years’ experience in managing similar contracts.
153",1,1.000,+procurement;+procuring;+tenders;+bidder;+bidders;+contract;+contracts;+penalties
MfPoNCS_2025.pdf,175,"Chapter 9: Monitoring Non-consultancy Services Contract
officer in writing. He should mention its likely duration and make a request for extension of
the schedule accordingly. On receiving the contractor’s communication, the procuring
entity shall examine whether the delay is attributable to the contractor or not (Please refer
to para 9.4.2 above).
2. Refixation of Delivery: In case the delay is not attributable to the service provider (or in
case of Force Majeure) the proposal (refer to Annexure 17) and, on approval from the CA,
may agree to re-fix delivery period (i.e. a fresh delivery period, treated like original delivery
period), which is arrived at by recasting the original contractual delivery period after taking
care of the lost period for which the service provider was not responsible, without LD and
without the denial clause (as defined in Para 9.4.5 below), for completion of the
contractor’s contractual obligations.
3. Extension of Delivery: In case the delay is attributable (fully or partly) to the service
provider the proposal (refer to Annexure 17) and, on approval from the CA, may agree to
extend the delivery schedule, with LD and with the denial clause (as defined in Para 9.4.5,
9.4.6 and 9.4.7 below), for completion of the contractor’s contractual obligations, provided:
a) That a higher rate in the original tender was not accepted against other lower
quotations in consideration of the earlier delivery; and
b) That there is no falling trend in prices for this item as evidenced from the fact that, in
the intervening period, neither orders have been placed at rates lower than this
contract, nor any tender been opened where such rates have been received even
though the tender is not yet decided. In cases of certain raw material supplies, where
prices are linked to the PVC, extension may be granted even in case of a falling trend
in price indices, since the purchaser’s interests are protected by the price variation
mechanism. However, in such cases it should be ensured that extensions are done
with the denial clause.
4. Extension/ Refixation of time after its expiry: The power to extend the time for
performance under Section 63 of the Indian Contract Act is not inherently limited to
extensions granted before the original deadline. It can be exercised even after the
stipulated time has passed, provided there is consent from both parties. The contract does
not automatically terminate upon the expiry of the initial delivery date, if there is a shared
intention to continue the contractual relationship and fulfil the obligations, albeit under a
revised timeline. Therefore, such extension/ refixation of time can be done, even after
expiry of original period, provided consent of the contractor is obtained. However, it is
prudent to formalize the extension before the original delivery period expires, to avoid any
arguments about the contract's validity or of extension of time after the initial deadline.
5. Extension/ Refixation of the delivery date amounts to amendment of the contract. Such
an extension/ refixation can be only done with the consent of both parties (that is, the
procuring entity and service provider). No extension/ refixation of the delivery date is to be
granted suo motu unless the contractor specifically asks for it. However, in a few cases, it
may be necessary to grant an extension/ refixation of the delivery period suo motu in the
interest of the administration. In such cases, it is legally necessary to obtain clear
acceptance of the extension/ refixation letter from the contractor.
6. No correspondence should be entered into with the contractor after expiry of the contract
delivery period or towards the end of it, which has the legal effect of condoning the delay/
breach of contract. When it is necessary to obtain certain information regarding past
services, it should be made clear that calling for such information is not intended to keep
the contract alive and that it does not waive the breach and that it is without prejudice to
166",1,1.000,+procuring;+procuring entity;+tender;+breach of contract;+contract;+contractor;-annexure
MfPoNCS_2025.pdf,189,"Chapter 9: Monitoring Non-consultancy Services Contract
An MSA is a written agreement settling some or all disputes and may extend beyond
the disputes referred to mediation. It must be valid under the Indian Contract Act,
signed by both parties and duly authenticated by the Mediator for the parties or the
MSP. The Act provides options for MSA registration. During the pendency of
proceedings, parties can also execute other agreements, settling some of the subject-
matter disputes.
h) Challenge to MSA: MSA can be challenged within 90 days on limited grounds of (a)
fraud, (b) corruption, (c) impersonation, and (d) subject matter being unfit for Mediation.
i) Execution of MSA: If there is no challenge or a challenge is unsuccessful, the Act
ensures that the MSA is binding and enforceable, akin to a judgment or decree. This
means that if one party fails to comply with the MSA, the non-defaulting party has a
right to enforce it through the Court.
j) Costs: The parties shall equally bear all costs of mediation, including the fees of the
mediator and the charges of the mediation service provider.
k) No claim of Interest during Mediation proceedings: Parties shall not claim any
interest on claims/counter-claims from the date of notice invoking Mediation till the
execution of the settlement agreement if so arrived. If parties cannot resolve the
dispute, either party shall claim no interest from the date of notice invoking Mediation
until the date of Termination of Mediation Proceedings.
l) The parties shall not initiate, during the mediation proceedings, any arbitral or judicial
proceedings in respect of a dispute that is the subject matter of the mediation
proceedings.
9.7.5. Arbitration
1. Arbitration Agreement: If an amicable settlement is not forthcoming, provided an
Arbitration clause agreement is included in the contract, recourse may be taken to the
settlement of disputes through arbitration as per the Indian Arbitration and Conciliation Act,
1996 (Amended 201591 and 202192). For this purpose, when the contract is with a domestic
service provider, a standard arbitration clause (hereinafter called the ‘Agreement’) may be
included in the Tender Document (Please refer to the Model Tender Document) indicating
the arbitration procedure to be followed, based on which the Arbitration Act shall become
applicable.
2. This Agreement shall continue to survive termination, completion, or closure of the
Contract for 3 years after that. Unless otherwise stipulated in the Contract, the venue of
arbitration should be the place from where the contract has been issued.
3. The Micro, Small and Medium Enterprises Development (MSMED) Act, 2006 provides
parties to a dispute (where one of the parties is a Micro or Small Enterprise) to be referred
to Micro and Small Enterprises Facilitation Council if the dispute is regarding any amount
due under Section 17 of the MSMED Act, 2006. If a Micro or Small Enterprise, being a
party to dispute, refers to the provisions in MSMED Act 2006, these provisions shall prevail
over this Agreement.
91
https://lawmin.gov.in/sites/default/files/ArbitrationandConciliation.pdf
92
https://egazette.nic.in/WriteReadData/2021/225832.pdf
180",1,0.875,+tender;+contract
MfPoNCS_2025.pdf,202,"Manual for Procurement of Non-Consultancy Services, 2025
Risks Mitigation
made by the firm citing reasons of non- “of equivalent or better qualification and
availability, health, and so on. experience” should receive utmost scrutiny
and compliance, as diluting such a provision
leads to loss of quality of work and a serious
integrity issue. Such substitution should not
give any undue financial benefit to the
contractor.
2. Cost overruns in time-based This type of contract should include an upper
contracts: Time and Cost over-run is a limit of total payments to be made to the
major risk in Time-based contracts, as the service providers for the assignment to
payment is based on time and delay may safeguard against excessive prolonging of time
result in unanticipated benefit to the and payments. After this limit is reached, or the
service provider and the assignment may period of completion is exceeded, CA should
get delayed. review justification for extension of the
contract. One of the ways to prevent cost
overruns in time-based contract is to require
Procuring Entities acquire contract
management capacity to manage service
contracts before contract is signed. It is
Procuring Entity’s mandate to monitor service
provider’s contracts and also to request service
providers to keep producing progress reports
and highlighting the status of their contract as
it reaches milestones such as 50% and 80%
progress. Procuring Entity must carefully
authorise mobilisation and demobilisation of
key experts and examine the time sheets and
other reimbursable expenditures.
3. Advance payments: This is an area of Any mobilisation or other advance payments
risk in public procurement with undue and should be interest bearing and should be only
unintended benefits to the contractor, for justifiable cases. Terms of such advances
which vitiates the original selection should be expressly stated in the NIT/tender
criteria. documents. The advance payment may be
released in not less than two stages depending
upon the progress of the contract. Advance
should be progressively adjusted against bills
cleared for payment. Interest should be
charged on delayed recoveries irrespective of
the reason stated.
4. Contract changes and Contract modifications and renegotiations
renegotiations: This is also a risk area, should not substantially alter the nature of the
where the procuring entity may not get contract. It should not vitiate the basis of the
what it contracted and paid for or may pay selection of the contractor. It should not give
for what it has not received. On the other undue or unintended benefits to the contractor.
hand, the contractor may not get timely or However, for any changes caused by the
procuring entity, the contractor should be
193",1,1.000,+procurement;+procuring;+procuring entity;+tender;+contract;+contracts;+contractor;+procurement-policy
MfPoNCS_2025.pdf,216,"Manual for Procurement of Non-Consultancy Services, 2025
iv) Deliberations should be in the sequence of financial/ combined scores etc. Indicate:
any issues faced during the evaluation, such as difficulty in obtaining the exchange
rates to convert the prices into the common currency used for evaluation purposes;
adjustments made to the prices of the proposal(s) (mainly to ensure consistency with
the technical proposal) and determination of the evaluated price (does not apply to
Quality-based (Quality-based), Selection- based on Qualifications (Qualifications),
and Single-source Selection (Single-Source));arithmetical correction in case of
Time-based Contract, tax-related problems; award recommendation; and any other
important information.
v) Attach Minutes of Public Opening of Financial Proposals
Section VI: Summary of Recommendations
Bid-wise recommendation should be recorded
In case of evaluation of financial bids,
1. Give a summary of recommended bids, award value, bid expiry date and special
conditions, if any;
2. Also mention that the rates recommended are considered reasonable (and basis for
such determination);
3. Total value of the recommendations for determining level of acceptance authority;
4. Mention that none of the TC members have any conflict of interest with the parties
recommended for award;
5. Request acceptance of recommendations by competent authority and that it’s within his
powers of acceptance as per SoPP/ DFPR.
Signature Name and Designation of the Members
1 2
Date: Date:
(Name & Designation) (Name & Designation)
3 4
Date: Date:
(Name & Designation) (Name & Designation)
Remarks by the Accepting Authority:
_____________________________________________
Signature:______________________________ Date:__________________
Name & Designation of Accepting Authority___________________________
209",1,1.000,+procurement;+contract;+bid;+bids
MfPoNCS_2025.pdf,229,"Manual for Procurement of Non-Consultancy Services, 2025
In the case of Sub-contracting, the Principal Contractor shall take responsibility for adopting
the Integrity Pact by the Sub-contractor.
a. The Principal shall enter into agreements with identical conditions as this one with
all Bidders and Contractors.
b. The Principal shall disqualify from the tender process all bidders who do not sign
this Pact or violate its provisions.
Section 7 – Criminal charges against violating Bidder(s) / Contractor(s) /
Subcontractor(s):
If the Principal obtains knowledge of the conduct of a Bidder, Contractor, or Subcontractor, or
of an employee or a representative or an allied firm of a Bidder, Contractor or Subcontractor
which constitutes corruption, or if the Principal has substantive suspicion in this regard, the
Principal shall inform the same to the Chief Vigilance Officer.
Section 8 – Independent External Monitor:
1) The Principal shall appoint competent and credible Independent External Monitor(s) for
this Pact after approval by the Central Vigilance Commission. The task of the Monitor is
to review, independently and objectively, whether and to what extent the parties comply
with the obligations under this agreement.
2) The Monitor is not subject to instructions by the parties' representatives and performs
their functions neutrally and independently. The Monitor would have access to all
Contract documents whenever required. It shall be obligatory for them to treat the
information and documents of the Bidders/Contractors as confidential. They report to the
Management of the Principal.
3) The Bidder(s)/Contractor(s) accepts that the Monitor has the right to access without
restriction, all Project documentation of the Principal, including that provided by the
Contractor. Upon their request and demonstration of a valid interest, the Contractor shall
also grant the Monitor unrestricted and unconditional access to their project
documentation. The same applies to Sub-contractors.
4) The Monitor is under contractual obligation to treat the information and documents of the
Bidder(s)/ Contractor(s)/ Sub-contractor(s) with confidentiality. The Monitor has also
signed declarations on ‘Non-Disclosure of Confidential Information’ and ‘Absence of
Conflict of Interest.’ In case of any conflict of interest arising later, the IEM shall inform
the Management of the Principal and recuse themselves from that case.
5) The Principal shall provide the Monitor with sufficient information about all meetings
among the parties related to the Project, provided such meetings could impact the
contractual relations between the Principal and the Contractor. The parties offer the
Monitor the option to participate in such meetings.
6) As soon as the Monitor notices, or believes to notice, a violation of this agreement, they
shall inform the Management of the Principal and request the Management to discontinue
or take corrective action or other relevant action. The Monitor can, in this regard, submit
non-binding recommendations. Beyond this, the Monitor has no right to demand from the
parties that they act in a specific manner, refrain from action, or tolerate action.
7) The Monitor shall submit a written report to the Management of the Principal, within 8 to
10 weeks from the date of reference or intimation to him by the Principal and, should the
occasion arise, submit proposals for correcting problematic situations.
8) If the Monitor has reported to the Management of the Principal a substantiated suspicion
of an offence under the relevant BNS/ PC Act, and the Management of the Principal has
not, within the reasonable time, taken visible action to proceed against such offence or
222",1,1.000,+procurement;+tender;+bidder;+bidders;+central vigilance;+contract;+contractor
MfPoNCS_2025.pdf,243,"Manual for Procurement of Non-Consultancy Services, 2025
Annexure 15: Format of Revised Offer in Negotiations
(Refer Para 7.4.10-7-d)
Revised Offer in Negotiations
(On company letterhead)
From…………………………………………………………………………………..
Full address…………………………………………………………………………
To ................................................
Sir,
Sub: Tender No ---------------- opened on --------------for the supply of -------------------
------
Ref: Your invitation for negotiations no: dated:
1. On further discussions with your representatives on ………………….in
response to your letter no ……………………………….. dated ……………..
We are not prepared to reduce the rates already quoted in the original tender, which
will remain valid up to……………………………….
Or
1. I / we reduce my/our rates as shown in the enclosed schedule of items.
2. I / we am/are aware that the provisions of the original tender document remain
valid and binding on me.
3. I/we undertake to execute the contract as per following Schedule.........
4. I/we agree to abide by this tender on the revised rate quoted by me/us, it is open for
acceptance for a period of 120/180 (one hundred twenty to one hundred eighty) days from this
date, i. e., up to …………………………. and in default of my/our doing so, I/we will forfeit the
earnest money deposited with the original tender/ attached herewith. Eligibility as valid bidders
shall be deemed to be the consideration for the said forfeiture.
Yours faithfully,
Signatures of bidder or
officer authorised to sign the bid
documents on behalf of the bidder
236",1,1.000,+procurement;+tender;+bidder;+bidders;+earnest money;+contract;+bid;-annexure
MfPoNCS_2025.pdf,256,"Manual for Procurement of Non-Consultancy Services, 2025
B. Distribution-2 (D-2)/ Distribution-3 (D-3)
1) The bidder C does not agree to match the L1 price, then the next Class-I bidder
i.e., Bidder E is invited to match the L1 price.
2) Bidder E agrees to match the L1 price, and the 50 nos. quantity is awarded on
Bidder E.
3) The balance quantity of 50 nos. computers (100-50) is placed on the L1 bidder
‘A’.
4) In case, Bidder E does not agree to match the L1 price, the next Class-I bidder
is invited which is Bidder ‘F’.
5) Bidder F agrees to match the L1 price, then the 50 nos. of quantity are awarded
to Bidder F, while the balance quantity of 50 nos. computers is placed on the
L1 bidder ‘A’.
C. Distribution-4 (D-4)
1) None of the Class-I local suppliers agree to match the L1 price. No MII
preference given.
2) Entire quantity of 100 nos. computers is placed on the L1 bidder i.e., Bidder ‘A’.
iii) L-1 is ""Non-MSE non-Class-l local supplier"" (NM-NC1) (Scenario 3 -4) in Annexure
21). Details of bids received:
Rates D-1 D-2 D-3 D-4 D-5 D-6 D-7
Bidder
S.# Bidder quoted Rank
Status
(INR)
A L1 NM- 37 (L1) 37 (L1) 37 (L1) 37 (L1) 37 (L1) 50 (L1) 75 (L1)
1. 100
NC1
Accept Accepts Does Does not Does Accept Does
B L2 s 38 (MII) not accept not s not
2. 110 NM-C1
37 accept accept 50 accept
(MII) (MII)
Accept Accepts Does Accepts Accepts Does Accept
L3 s 25 not 13 (MSE) 25 not s
3. C 112 M-NC1
13 (MSE) accept (MSE) accept 25
(MSE) (MSE)
Accept Does Accepts Accepts Does Does Does
D L4 s not 25 13 (MSE) not not not
4. 115 MC1
13 accept (MSE) + + 37 (MII) accept accept accept
(MSE) 38 (MII)
Not Not Not Not Does Not Does
5. E 118 L5 NM-C1 Eligible Eligible Eligible Eligible not Eligible not
accept accept
249",1,1.000,+procurement;+bidder;+bids;+supplier;+suppliers;+inr;-annexure
Push_Button_Procurement_0.pdf,0,"No.F .61712022-PPD
Government of lndia
Ministry of Finance
Department of ExPenditure
Procurement PolicY Division
264-C, North Block, New Delhi.
1 1th Janu ary , 2023.
gFFlgE MEMORANDUM
Subject: Push Button Procurement.
Push Button Procurement (PBP) was introduced on Government e-
Marketplace (GeM) vide this office OM of even number dated A6.09.2022 (copy
enclosed). The scheme was examined and on the recommendations of the GeM,
following changes in the scheme are now approved:
q. The total procurement value of the specific case is now permitted upto
Rupees five lakh, inclusive of all taxes.
b. Currently, PBP can be used only in case of at least five bids are received. ln
case of tess than five bids are received, the procurement is to restart using
usual procurement methods.
by
Now, buyers witl have a choice to extend the PBP date once 3
more days, at the time of preparation of tender document , in case of lesser
participation.
2.
This issues with the approval of Finance Secretary. \^,\
\\,\--'
Encls: As Above.
(Kanwalpreet)
Director (PPD)
Tel. No.2309381 1
Email : kanwal.irss@nic. in
To
(i) Secretaries of all Central Government Ministries/ Departments.
(ii) Financial Advisers of Central Government Ministries/ Departments.",1,1.000,+procurement;+procurement policy;+tender;+gem;+bids;+lakh;+gem-portal
Push_Button_Procurement_0.pdf,1,".a
No, F.6/7 12022-?PD
Government of lndia
MinistrY of Finance
Department of ExPenditure
Procurement PolicY Division
264-C, ' Nortf Block' ry""* Delhi'
6th September'2022'
oFFICE MEyloRA['lDU,M
Subiect: Push Button Procurement'
AsperRulelaa(vii)ofGeneralFinancialRules,(GFRs)theprocuringentity
should satisfy itserf that the price of serected offer is ( G re e as M o ) n ' a R bl u e' l e E v 1 e 4 n 9 i n o f c a G s F e R o s f
procurement through Government e-Marketplace
stipulates that the procuring authority will certify the reasonability of rates' Guidance
to ascertain reasonabi[ty of rates has been provided in the Manuals for Procurement
issued bY this DePartment'
2. rt.has come to notice to this Deparlment that sometimes especiaily infrequent
Government buyers find it difficurt to certify reasonability of rates, such users
normaily do not possess requisite st<ifis in making procurement decisions' lt delays
the procurement process. At the same time, for usualry low value procufements'
efforts expended in assessing reasonabirity of rates mgy be disproportionate'
Additionally, with developments in technology and e-procurement becoming the
norm, availability of market data and capability to analyse it arlificially, has provided
an opportunity to automate decision making activities, like assessment of
reasonability of rates in such cases'
3. rn view of above, it has been decided to start ""push Button Procurement
(PBP)"" for small value procurements pu[ely on experimental basis' for one year from
date of launch by GeM, with the following conditions:
(a) PBP wilt be made only on GeM through bidding (PBP through Direct
Purchase, L-1, Custom-bid etc. are not permitted),
(b) The total procurement value of the specific case is not to exceed Rupees
One lakh, inclusive of all taxes'
(c) This will be additional method of procurement and procuring entities are
free to use or not to use this additional method of procurement'
(d) This method can be used only in case of at least five bids are received' ln
case of less than five bids are received, the procurement is to restart using
usual Procurement methods'",1,1.000,+procurement;+procuring;+procurement policy;+bidding;+e-procurement;+government e-marketplace;+gem;+purchase;+bid;+bids;+lakh;+gem-portal;+eprocurement
Push_Button_Procurement_0.pdf,2,"Ai
(e) No splitting of requirement is to be done so as to bring procurement under
this method.
(0 once bid is invited on GeM, contract will be placed direcfly by GeM without
any human intervention. (Provided condition 3 (d) above is complied.)
(g) This method will be permitted by GeM only for such categories, where at
least ten sources are listed.
4. Detailed Guiderines will be uploaded by GeM on its portal.
5. This issues with the approvar of Finance secretary. q
%u\'""
(Kanwalpreet)
Director (PPD)
*""*L:f:m:ii
Emair:
secretaries of ail centrar Government Ministries/ Departments.
Financial Advisers of centrar Government Ministries/ Departments
copy to cEo/ GeM with m a a r v e . q i. u o e st to start PBp immediately under intimation to this
:fl:i;,X,:lir|Reports be seni io u',ir orrice inoicitins prosress, probrems",1,1.000,+procurement;+gem;+contract;+bid;+gem-portal
RelaxNorms_StarupMedEnterprise25072016.pdf,0,"F64Cfllfi 3iI gCf d 'CflT Cflill k111 OFFICE OF THE DEVELOPMENT COMMISSIONER
(~~, ~ 3fu: (MICRO,SMALL& MEDIUMENTERPRISES)
11~ ~)
~~~am~~~
MINISTRYOFMICRO,SMALL&MEDIUMENTERPRISES
(~~) GOVERNMENTOFINDIA
III=III~
f.rJ:ITuT ""I#m1, ~ ~ Nirman Shawan, 7th Floor, Maulana Azad Road,
~TCR, ~
~!
~ ~-110 108 New Delhi -110 108
MICRO,SMALL&MEDIUMENTERPRISES
~!'i""! ~ 3Th: -.::r'UP'l ~
Ph.EPABX_23063800,23063802,23063803FAX-(91-11)23062315,23061726,23061068,e-mail- dcmsmehq@nb.nic.in
t!':
Dated the I~March, 2016
F. No. 1(2)(1)/2014-MA Part
OFFICE MEMORENDUM
io""
Please find enclosed a Policy Circular of even no dated March,
2016 relating to Relaxation of Norms for Startups and Micro & Small Enterprises
in Public Procurement on Prior Experience - Prior Turnover criteria.
Publication Division is requested to take up the matter with Public
Information Bureau to place this Policy Circular on the public domain.
Yours faithfully,
Encl: As above.
( U. C. Shukla)
Director(MA)
Tele: 23063363
1. Shri Harish Anand, Director (Pub), % DC(MSME)
2. Shri S V Sharma, Director (SENET) with a request to up load in - office
website.
3. Information Officer, PIB, Room No 704A Shastri Bhawan, New Delhi.",1,1.000,+procurement;+turnover;+procurement-policy
RelaxNorms_StarupMedEnterprise25072016.pdf,1,"Government of India
Ministry of Micro, Small & Medium Enterprises
0/0 the Development Commissioner (MSME)
7'h
Nirnian Bhavan, A-Wing, Floor
Maulana Azad Road,
New Delhi-110108
Tel. 011-23061091
Fax No.011-23060536
Policy Circular No. 1(2)(1)/2016-MA Dt. 10th March 2016
To
All Central Ministries/Departments/CPSUs/Ail Concerned
Subject: Relaxation of Norms for Startups and Micro & Small Enterprises in
Public Procurement on Prior Experience - Prior Turnover criteria.
(1) The Government of India has notified Public Procurement Policy for Micro and
Small Enterprises (MSEs) Order 2012 with effect from 1 April, 2012 and 20%
st
procurement from Micro & Small Enterprises of the total procurement by Central
Ministries/Departments/CPSUs has become mandatory with effect from 1 April,
st
2015.
(2) The Government of India has announced 'Startup India' initiative for creating a
conducive environment for Startups in India.
(3) The Startups are normally Micro and Small Enterprises which may not have a
track record. These will have technical capability to deliver the goods and
services as per prescribed technical & quality specifications, and may not be able
to meet the qualification criterion relating to prior experience-prior turnover.
(4) In exercise of Para 16 of Public Procurement Policy for Micro and Small
Enterprises Order 2012, it is clarified that all Central Ministries/Departments/
Central Public Sector Undertakings may relax condition of prior turnover and
prior experience with respect to Micro and Small Enterprises in all public
procurements subject to meeting of quality and technical specifications.
(5) This issues with the approval of Union Minister of Micro, Smallnand Medium
Enterprises.
~/\0)0~1b
(Surendra Nath Tripathi)
Additional Secretary & Development Commissioner-MSME
Ministry of Micro, Small & Medium Enterprises.",1,1.000,+procurement;+procurement policy;+turnover;+procurement-policy
RelaxNorms_StarupMedEnterprise25072016.pdf,9,"Startup India: Action Plan
5
Relaxed Norms of Public Procurement for Startups
Objective
To provide an equal platform to Startups (in the manufacturing sector) vis-à-vis the experienced
entrepreneurs/ companies in public procurement
Details
Typically, whenever a tender is floated by a Government entity or by a PSU, very often the eligibility
condition specifies either “prior experience” or “prior turnover”. Such a stipulation prohibits/ impedes
Startups from participating in such tenders.
At present, effective April 1, 2015 Central Government, State Government and PSUs have to
mandatorily procure at least 20% from the Micro Small and Medium Enterprise (MSME).
In order to promote Startups, Government shall exempt Startups (in the manufacturing sector) from
the criteria of “prior experience/ turnover” without any relaxation in quality standards or technical
parameters. The Startups will also have to demonstrate requisite capability to execute the project as
per the requirements and should have their own manufacturing facility in India.
10",1,1.000,+procurement;+tender;+tenders;+turnover;+procurement-policy
RelaxNorms_StarupMedEnterprise25072016.pdf,12,"Startup India: Action Plan
8
Credit Guarantee Fund for Startups
Objective
To catalyse enterpreneurship by providing credit to innovators accross all sections of society
Details
In order to overcome traditional Indian stigma associated with failure of Startup enterprises in general
and to encourage experimentation among Startup entrepreneurs through disruptive business models,
credit guarantee comfort would help flow of Venture Debt from the formal Banking System.
Debt funding to Startups is also perceived as high risk area and to encourage Banks and other Lenders
to provide Venture Debts to Startups, Credit guarantee mechanism through National Credit
Guarantee Trust Company (NCGTC)/ SIDBI is being envisaged with a budgetary Corpus of INR 500
crore per year for the next four years.
14",1,0.650,+crore;+inr
RelaxNorms_StarupMedEnterprise25072016.pdf,24,"Startup India: Action Plan
Part A: Definition of Startup (only for the purpose of Government schemes)
Startup means an entity, incorporated or registered in India not prior to five years, with annual
turnover not exceeding INR 25 crore in any preceding financial year, working towards innovation,
development, deployment or commercialization of new products, processes or services driven by
technology or intellectual property.
Provided that such entity is not formed by splitting up, or reconstruction, of a business already in
existence.
Provided also that an entity shall cease to be a Startup if its turnover for the previous financial years
has exceeded INR 25 crore or it has completed 5 years from the date of incorporation/ registration.
Provided further that a Startup shall be eligible for tax benefits only after it has obtained certification
from the Inter-Ministerial Board, setup for such purpose.
Part B: Definition of terms
Term Definition
Entity Private Limited Company (under The Companies Act, 2013) or a
Registered Partnership Firm (under The Indian Partnership Act, 1932)
or Limited Liability Partnership (under The Limited Liability Partnership
Act, 2008)
Identification of A business is covered under the definition if it aims to develop and
businesses commercialize
covered under the
• a new product or service or process; or
definition in Part
• a significantly improved existing product or service or process,
A above
that will create or add value for customers or workflow.
The mere act of developing
• products or services or processes which do not have potential for
commercialization; or
• undifferentiated products or services or processes; or
• products or services or processes with no or limited incremental
value for customers or workflow
would not be covered under this definition.
In order for a “Startup” to be considered eligible, the Startup should
• be supported by a recommendation (with regard to innovative
nature of business), in a format specified by DIPP, from an
Incubator established in a post-graduate college in India; or
• be supported by an incubator which is funded (in relation to the
project) from GoI as part of any specified scheme to promote
innovation; or
• be supported by a recommendation (with regard to innovative
nature of business), in a format specified by DIPP, from an
Incubator recognized by GoI; or
28",1,0.900,+turnover;+crore;+inr;-college;+amount-threshold
Signed Circular of 19th PPM Course at MDI GurugramMMdh6.pdf,0,"No. T-13017/4/2026-LTDP
Government of India
Ministry of Personnel, Public Grievances and Pensions
Department of Personnel and Training
(Training Division) 3rd Floor, Block-4, Old JNU Campus,
New Mehrauli Road, New Delhi-110067
14th
Dated: May, 2026
To
1. Secretaries (All Ministries/Departments in Government of India)
2. The Chief Secretaries to all State Governments
3. Administrators of Union Territories
4. All the Cadre Controlling Authorities
5. Directors General/Directors of Central & State Training Institutes
19th
Sub: 12-Months Hybrid Programme on ""Public Policy and Management"" (PPM) during
2026-27 at the Management Development Institute, Gurugram.
Madam/Sir,
19th
The 12-Months Hybrid Programme on ""Public Policy and Management"" (PPM) is
14th
scheduled to commence from Auqust, 2026 at the Management Development Institute-
Gurugram.
2. This 12-Months Hybrid Programme on ""Public Policy and Management"" (PPM) is
redesigned to align with the Government of India's Viksit Bharat vision of developing the
Karmayogi Competency Model four virtues Gunas (virtues) (i) self-awareness about strength to
aspire and inspire people towards shared goals teamwork for collaborative working ensuring
inclusion of a diverse set of stakeholders; (iii) workplace or system related third virtue to comply
the rules and regulations and be committed to promote transparency and ensure timely outputs,
and (iv) citizen centricity for creating mission-oriented reforms and formulating progressing
policies. Building upon the Karmayogi Competency Model (KCM), the program consists of
courses addressing key domain, functional and core behavioural and leadership competencies.
3. Please find enclosed herewith particulars of the programme along with terms and
conditions for officers admitted to the programme. I would request you to kindly circulate the
programme amongst your officers and encourage as many as possible to apply. The details of
the programme are available on the DoP&T, Training Division's website
https://trgdiv.dopt.gov.in/-+Domestic Training Pro grammes* Long Term Domestic Programme
MDI-Gurugram and also on the website of MDI- Gurugram i.e. www.mdi.ac.in.
4. The nominated Officers will be required to develop a Policy Paper on the issue to be
Page lof 16",0,0.900,-courses;-programme;-cadre;-workplace
Signed Circular of 19th PPM Course at MDI GurugramMMdh6.pdf,1,"identified in consultation with the Ministries/Departments/State Governments etc. where they are
presently working. This policy paper will have to be submitted by the officer to their respective
Ministries/Departments/State Governments etc. at the end of the programme. The
Ministries/Departments/States will also nominate a Nodal Officer of the rank of JS or above to the
Government of India for mentoring and guidance to the sponsored officer for developing the
policy document and coordinating with MDl-G in the matter.
5. Nomination of suitable officers, in the prescribed proforma, may please be sent to this
Department through the appropriate Cadre Controlling Authority so as to reach Shri Manoj
Kataria, Section Officer (LTDP), Room No. 403, Block-4, Old JNU Campus, New Delhi-110067;
11th
E-mail: manoj.kataria14nic.in; on or before July, 2026. Nominations received after this
date will not be considered. The nominations would be scrutinized and officers fulfilling the
conditions of eligibility will be called for an interview by MDI-G. The interview dates and time will
be intimated to the officers by MDI-G. In order to save time, the officers are permitted to send an
Advance Copy of their application directly to this office and MDI-G. The officers will also be
called for interview based on their advance applications. However, final selection will be subject
to receipt of his/her formal application, duly recommended by their cadre controlling authorities
along with Vigilance Clearance. Therefore, it is in the interest of the officers to get their
applications routed through their Cadre Controlling Authority as early as possible.
6. Further details of this programme may be ascertained from Mrs. Anjali Singh, Deputy
Admin Officer, Management Development Institute, Mehrauli-Gurugram Road, Sukhrali,
Gurugram-122007 (Haryana) Telephone: 0124-4560553, Mobile: 8076341380, E-mail Id:
ppmoffice@mdi.ac.in or anjali@mdi.ac.in; website: www.mdi.ac.in.
7. All Ministries/Departments/State Governments/UTs/CCAs etc. are advised to give wide
publicity to the programme and upload this circular on their websites for the information of all
concerned.
Yours faithfully,
End: Terms and conditions
(Uma Magesh)
Under Secretary to the Government of India
Telephone: 011- 26706382
Page 2 of 16",0,0.675,-programme;-cadre
Signed Circular of 19th PPM Course at MDI GurugramMMdh6.pdf,2,"Copy to:
1. Comptroller & Auditor General of India, New Delhi
2. Secretary, Union Public Service Commission, New Delhi
3. Election Commission of India, New Delhi
4. Controller General of Accounts, New Delhi
5. Deputy Director General (Training), Department of Post, Dak Bhavan, New Delhi
6. Deputy Director General (Training), Department of Telecom, Sanchar Bhavan, New
Delhi
7. Director(Training), Railway Board , Rail Bhavan, New Delhi
8. Director (Police), Ministry of Home Affairs for nomination of IPS Officers.
9. Director General, CPWD Training Institute, Nirman Bhavan,New Delhi
10.D irector, Bureau of Police Research and Development, CGO Complex, New Delhi
11 . Establishment Officer, Department of Personnel & Training, New Delhi
12. Deptt. of Personnel & Training (CS Division), Lok Nayak Bhavan, New Delhi
13.Prof Avanish Kumar, Dean, Management Development Institute, Mehrauli Road,
Sukhrali, Gurugram-122001 with request to consider applications received on or
1th
before 1 July, 2026.
14.NIC, Training Division, for uploading the notification on DoP&T website
(https.//dopt.qov.in/) and Training Division's Website (http://dopttrg.nic.in/).
(Uma Magesh)
Under Secretary to the Government of India
Page 3 of 16",0,0.725,-research;-establishment officer
Signed Circular of 19th PPM Course at MDI GurugramMMdh6.pdf,3,"Terms and conditions
19th 12-Months Hybrid Proqramme on ""Public Policy and Management"" (PPM)
at
Management Development Institute, Guruqram
191h
The 12-Months Hybrid Programme on ""Public Policy and Management"" (PPM), at
14th
Management Development Institute, Gurugram, will commence from August, 2026. This
PPM Course has been redesigned to be a high quality programme with a set of 'Core Courses'
as well as a range of 'Electives'. The officers will complete the course and will return to the
departments for posting. The nominated Officers will be required to develop a Policy Paper on
the issue to be identified in consultation with the Ministries/Departments/State Governments etc.
where they are presently working. This policy paper will have to be submitted by the officer to
their respective Ministries/Departments/State Governments etc. at the end of the programme.
The Ministries/Departments/States will also nominate a Nodal Officer of the rank of JS or above
to the Government of India for mentoring and guidance to the sponsored officer for developing
the policy document and coordinating with MDI-G in this matter.
2. Eliqibility:
The programme is open to officers of All India Services, Central Services (organized &
non-organized, technical & non-technical), faculty members of State Administrative Training
Institutes and also officers of the State Civil Services (SCS)/Non-State Civil Services (Non-SCS)
subject to the following eligibility conditions:
Length of Officers should have completed 5 years of Group 'A' service as on
service commencement of the programme.
Age The officers should have at least five years remaining service after completion
of the programme.
Earlier The officers should not have undergone a training Programme of 12-weeks or
Training more duration in India during a period of 5 years preceding the date of
commencement of this Programme. Further, the officer should not have
undergone a Programme of training abroad of more than 2-weeks in preceding
2-years, more than one month in preceding 3-years or more than six months in
the preceding 5-years.
Page 4 of 16",0,1.000,-posting;-faculty;-course;-courses;-programme
Signed Circular of 19th PPM Course at MDI GurugramMMdh6.pdf,4,"3. Course Fees:
(a) The Fee for the programme is Rs. 10,04,459/- (Rupees Ten Lakh Four Thousand Four
Hundred Fifty Nine only) plus expenses towards Rural/NGO attachment subject to maximum of
Rs. 30,000/- (Rupees Thirty Thousand only) [Total Course fee will be Rs. 10,34,459/-].
(b) The entire Course Fee (Course fee and expenses towards Rural/NGO attachment)
would be met by the concerned Cadre Controlling Authorities (for example, DoP&T for lAS,
Central Secretariat Service (CSS) and Central Secretariat Stenographers' Service (CSSS)
Officers, MHA for IPS officers, MOEF for IFoS officers etc).
(c) The entire Programme fee [Rs. 10,34,459/- (Rupees Ten Lakh Thirty Four Thousand Four
Hundred Fifty Nine only) need to be paid in full at the time of joining the programme or/and in
any case within 30 days of commencement of programme.
(d) The Ministry! Department! State Government! Organization etc. where the officer is
currently posted, will meet the cost of (a) pay and allowances during the Residency 1 & 2, (b)
travel from place of posting to Gurugram and back, (c) travel towards field visits of the
participants for collection of data!information for the dissertation, (d) travel to Gurugram for
presentation of the dissertation at the end of the programme and (e) one time allowance of
Rs.5000!- (Rupees five thousand only) for stationery etc.
4. Hostel Facilities
MDI-G will provide suitable accommodation during the offline Residency 1 & 2 at the
Institution at the rate of Rs. 11,000/- (Rs. Eleven Thousand only) per month per participant.
The expenditure will be met by the Cadre Controlling Authority of the participants. Boarding
Charges, as applicable in MDI-G would be borne by the organization.
5. Course Structure:
The program is a 12-month hybrid program. It includes 24 weeks of in-person
residency: Residency-i of 22 weeks and Residency-2 of 2 weeks at MDI Gurgaon.
And 24 weeks in the online mode.
2 (a): Residency-i: The Residency- 1 shall include core courses spread across five
modules, to be taught during a 22-week program at MDI Gurgaon.
2 (b): The participants shall then undertake 24 weeks of online elective courses at
their workplace.
Page 5 of 16",0,1.000,+lakh;-posting;-course;-courses;-programme;-hostel;-cadre;-allowance;-allowances;-workplace
Signed Circular of 19th PPM Course at MDI GurugramMMdh6.pdf,5,"2 (C): Residency-2: The Residency- 2 shall be held at MDI Gurgaon, at the end of
the program, during the 47th and 48th weeks. In Residency-2, the participants will
finalise and present their Policy Paper.
(ii). The redesigned PPM is for a duration of 12 months (of which a total of 24 weeks
shall be on campus), and on completion of 87.5 credits of academic work, the
Program participants shall be awarded a Certificate by MDI Gurgaon.
(iii). The program consists of courses addressing functional and domain competencies
are: Qualitative Methods in Policy Research, Quantitative Methods in Policy
Research, Policy Paper Writing, Fundamental of Public Policy Analysis, Case
Analysis on Public Policy in India, Advance Policy Modeling, Data Analytics,
Understanding Human Resource Management, Operations & Supply Chain
Management, Public Management and Governance, Marketing Management,
Managing Public-Private Partnership, Microeconomics, Macro-Economic
Environment, Public Finance and Policy, Accounting Budgeting and Control,
Corporate Finance and Financial Market, Regulations Policy, and Practice in
Financial Sector, Infrastructure Economics and Financing, Energy Policies &
Sustainable Development, Corporate Governance & Social Responsibility, Institution
and Development, Civil Society Organizations and Governance, Social Exclusive,
Poverty and Regional Development, Governance & Management of Natural
Resources, Emerging Information Technologies for Public Policy, Cyber Security in
Government, Information Technology & E-Governance for program implementation,
and Microfinance & Digital Finance: Customers, Models & Policy.
6. Conditions for officers admitted to the programme:
In case of officers, sponsored by the Government of India/State Governments for this
programme, the following conditions will apply:
(i) The entire period of training programme will be treated as on duty under FR 9(6)(b)(i);
(ii) The Ministries! Departments/State Governments may fill up the vacancy caused by the
deputation of the officers;
(iii) For the grant of special pay! Central deputation (Tenure allowance) (CDTA), the participants
will be regulated as under:-
Page 6 of 16",0,1.000,-deputation;-academic;-courses;-research;-programme;-vacancy;-allowance
Signed Circular of 19th PPM Course at MDI GurugramMMdh6.pdf,6,"(a) The officers who proceed for training programme during their tenure of central deputation will
continue to receive CDTA for the period of their entitlement against Central deputation tenure.
If any period of training programme falls beyond the tenure of Central deputation or the officers
proceed for training programme at the end of their tenure at the Centre, CDTA will not be
admissible.
{Note-The tenure of central deputation in so far as it relates to this program, would also include
the period of leave upto 2 months that may be granted by the central Ministry! Department to
the officers before their repatriation to the parent cadre}
(b) The officers not on central deputation and also not in receipt of CDTA, whether they proceed
on training programme from Gurugram, or outside Gurugram will not be entitled to any Special
pay drawn before proceeding for the programme.
(iv) Officers of the Central Government, State Government and Union Territories coming from
outside Gurugram to participate in the program will be allowed one of the following two options by the
sponsoring authorities:-
(a) The officers will be treated as on duty on tour. They will draw travelling allowance as on tour
and allowances as per para II (a) of the Ministry of Finance, Department of Expenditure O.M.
19030!2,'86-E-IV dated 24.3.86 amended from time to time.
OR
(b) The officers will be treated as on transfer. They will not be entitled to the Government
accommodation at the original place of posting.
(v) In case an officer proceeding on training programme is a bona fide occupant of Government
accommodation in the general pool controlled by the Directorate of Estates, he/she could retain the
residential accommodation for the full period of the programme at his/her place of posting provided
the residence is required for bona fide use of members of his/her family.
(vi) Officers of the Central Government entitled to facility of residential telephone at the time of
joining this programme will be allowed to retain the residential telephone sanctioned to them on usual
terms for six months and thereafter on the condition that the officers will pay all calls in excess of the
free calls allowed by the Telecommunication Department as stipulated in Ministry of Finance
(Department of Expenditure) O.M. No. 7(1O)E(Coord)/79 dated l August, 1979 as amended from
time to time.
(vii) The salary and other claims of the officers will be paid by the Ministry/Department/Office where
they were last working before joining this programme.
Page 7 of 16",0,1.000,-transfer;-posting;-deputation;-leave;-programme;-cadre;-allowance;-allowances;+office-memorandum
Signed Circular of 19th PPM Course at MDI GurugramMMdh6.pdf,7,"7. Selection procedure and forwardinq of nominations
(i)(cid:9) The Cadre Controlling Authority (CCA) should recommend names of only those Groups 'A'
officers who are likely to stay with the CCA for some more time.
(ii) Officers on deputation to Government of India under the Central Staffing Scheme must
complete at least two years of their tenure on deputation on the date of this notification to
become eligible to apply for this programme. It may be noted that in respect of Officers
appointed under the 'Central Staffing Scheme', 'NOC' from the Office of Establishment
Officer, DOPT should be obtained before forwarding their applications/nominations for this
Long Term Domestic Programme.
(iii) The faculty members of the State ATIs who have completed at least three years on the date
of starting of the program are also eligible to apply for the programme. However, those
faculty members who belong to State Civil Services need not necessarily fulfil this condition.
The selected faculty members, however, would be required to stay in the ATI for next three
years after completion of the programme.
8. Forwardinq of nominations
(i) Concurrence of State Governments, wherever necessary, would have to be obtained by the
Cadre Controlling Authority before. sending the nominations to DoP&T.
(ii) Copy of the application form and other documents are attached. The same may also be
obtained by logging on to MDl's website www.mdi.ac.in or DoP&T Training Division's website
https.//trgdiv. dopt. qov. ml Domestic Trainmnq Programmes Lonq Term Domestic
Proqramme—MD/-Gurqeon. Cadre Controlling Authorities are requested to forward duly filled
applications in respect of suitable officers (who are clear from vigilance angle) along with
11th
information in PART- B so as to reach us on or before July, 2026.
(iii) Nominations received after the due date will not be considered, In order to save time, the
Officers are permitted to send an Advance copy of the application to the Management
Development Institute, Mehrauli Road, Sukhrali, Gurugram- 122007.
(v) The nominations would be scrutinized and officers fulfilling the conditions of eligibility will be
called for an interview by MDl-G. The interview date and time will be intimated to the officers
by MDl-G. In order to save time, the officers are permitted to send an advance copy of the
application directly to this office. The officers may be called for interview based on their
advance applications. However, final selection will be subject to receipt of his/her formal
application, duly recommended by their Cadre Controlling Authorities; therefore, it is in the
interest of the officers to get their applications routed through their Cadre Controlling Authority
as early as possible.
Page 8 of 16",0,0.950,-deputation;-faculty;-programme;-cadre
Signed Circular of 19th PPM Course at MDI GurugramMMdh6.pdf,8,"(vi) Any relaxations in the terms & conditions will be subject to recommendations of the concerned
Cadre Controlling Authority/Sponsoring Authority and approval of competent authority in
Do P&T.
9. Bond to be executed by the officer:
Before joining the programme, the officer is required to execute a Bond to the extent that ""in
the event of his/her failing to resume duty or resigning or retiring from service or otherwise quitting
service, without returning to duty after expiry or termination of the period of the long term programme
or failing to complete the programme, or quitting the service at any time within a period of FIVE (5)
years after his/her return to duty, the officer shall forthwith pay to the Government or as may be
directed by the Government, on demand all charges and expenses that shall or may have been
incurred by the Government for the programme i.e. all monies paid to him/her or expended on his/her
account during the programme period such as pay and allowances, leave salary, cost of fee,
travelling and other expenses met by the Government/agency concerned together with interest
thereon from the date of demand at Government rates for the time being in force on Government
loans or if payment is made in a country other than India, the equivalent of the said amount in
currency of that country converted at the official rate of exchange between that country and India and
together with all costs between the attorney and the client.
Page 9 of 16",0,0.900,-leave;-programme;-cadre;-allowances
Signed Circular of 19th PPM Course at MDI GurugramMMdh6.pdf,9,"MDI School of
Public Policy and Governance
\_ GUPGAON
ti tA .j (C i.E / IC (EL C It I t' •i i-i
GCornrnert of India
Government of India
Department of Personnel & Training
3rd
Block- IV, Floor, Old JNU Campus,
New Mehrauli Road, New Delhi- 110067
Phone No: 011-26194167, Fax No: 011-
26106314, Website: https://dopt.gov.inl
19TH
APPLICATION FOR ADMISSION IN 12-Months Hybrid Programme on 'PUBLIC POLICY &
MANAGEMENT"" (PPM)
14th 11th
(Programme Commences on August, 2026; Last date of receiving application is July,
2026)
(For Govt sponsored candidates)
PART-A
1. PERSONAL DETAILS
Title (Mr./Ms/Dr.)
Full name in
block letters
(First name, Paste a recent
Middle name, passport sized
Surname) photograph
Father's full
name
Mother's full
name
rHi rJIfiLj
Gender (Put ""I) L Date of
Male LFemale
birth DD MM Year
Age as
Date of 1 on
ri
Superannuation DD MM Year 14-08- Year MM
2026
Religion
Nationality
Caste category
L I
(Put '1) rGeneral OBC [ 1 [SC T [T 1
Equivalent Rank Level in Pay Matrix as
7th
in Govt. of India per CPC! Grade Pay
with Py Band
2. MINISTRY/DEPARTMENT DETAILS
Name of the Ministry!
Department
Designation
Page 10 of 16",0,0.700,-admission;-programme
Signed Circular of 19th PPM Course at MDI GurugramMMdh6.pdf,10,"Office Address
State PIN
Telephone No. Fax
Service cadre with year of
allotment
Length of service in
Group-A
Are you presently on
deputation to the Govt. of Yes No If yes, from which date:
India (Put ')
Date of completion of
tenure?
3. ADDRESS FOR CORRESPONDENCE
Address
City State PIN
Telephone Fax
No No
Mobile No
Email ID
(In Capital
Letters)
(Main and
alternate)
4. ACADEMIC RECORD
Passing Year of
Examination! Name of the Year of
Sr. Percentage! Joining
Degree! Board!University! Passing
No Grade! the
Diploma passed Institution the Course
Division!CGPA Course
1
2
3
4
5
6
Page 11 of 16",0,1.000,-deputation;-examination;-academic;-university;-degree;-course;-cadre
Signed Circular of 19th PPM Course at MDI GurugramMMdh6.pdf,11,"5. DETAILS OF WORK EXPERIENCE
Department! Tenure
Sr. Nature of
Post held Pay Scale
No responsibility
Organization From To
2
Total experience (in
years)
6. DETAILS OF TRAINING PROGRAMS ATTENDED (IN INDIA & ABROAD)
(Duration should be at least two weeks or more](Kindly refer to 'Earlier Training'
caption under para 2 of Terms & Conditions)
Name of
Sr. Name of the Institution! Duration (in
Year
No Course I Training Place weeks)
Programme
1
2
3
7. Additional Information:- (please attach separate sheets regarding the
following)
i. Indicate the Public Policy area identified by you with the approval of your
Miriistry!Deptt.!State Govt. etc. for preparation of the Policy document during
the programme period.
ii. Briefly describe your job responsibilities and your achievements at your work
place.
iii. What are your career goals and how does this program fit in with your plans.
iv. Briefly describe your publications, leadership roles, community work or any
other work you consider significant for your proposed study.
v. Is there any other information that you would like to provide about yourself?
Page 12 of 16",0,0.825,-pay scale;-course;-programme
Signed Circular of 19th PPM Course at MDI GurugramMMdh6.pdf,12,"8. DECLARATION
I certify that the information given in this application form is correct and true to the best of my
knowledge. I agree to abide by the decision of the authorities regarding my selection to the
programme.
Place: (Signature)
Date:
Instructions:
The application form is to be sent through the Cadre Controlling Authority.
However, you may kindly send the Advance Copy directly to Shri Manoj
Kataria, Section Officer (LTDP), Training Division, Department of Personnel
4th
and Training, Government of India, Room No- 403, Floor, Block-4, Old JNU
Campus, New Delhi-i 10067 [E-mail: manoj.kataria14@nic.in] as well as to
Management Development Institute, Mehrauli-Guru gram Road, Sukhrali,
Guru gram- 122007 (Haryana).
Please ensure that this application is routed through the Cadre Controlling
Authority so as to reach DoPT (Training Division) latest by I i July, 2026.
The application envelop should be superscripted as ""Application for admission
19th
in PPM (2026-27) at MDI, Gurugram""
Page 13 of 16",0,0.825,-admission;-programme;-cadre
Signed Circular of 19th PPM Course at MDI GurugramMMdh6.pdf,13,"PART-B
(For the use of the Cadre Controlling Authority only)
Name of Applicant:
• Is there any vigilance case pending or contemplated No
against the officer? (put J)
If YES, please give details:
2. Is there any standing adverse entry against the officer?
Yes No
(putl)
If YES, please give details:
3. Is the applicant's overall ACR grading ""Very Good""?
Yes No
(put/)
If NO, please give details:
4. Whether cadre clearance has been obtained? (put -) Yes No
(For officers, who would be completing their
deputation tenures prior to joining the PPM? In such
cases, clearance of the State Government/Parent
department has to be obtained)
Has the candidate been offered a central deputation Ye
also? 5
If selected, will the candidate be released for the Ye
No
Programme? 5
5. Topic for Policy paper to be selected by the officer with the approval of the Ministry!
Department! State Government etc. where the officer is currently working.
Page 14 of 16",0,0.825,-deputation;-programme;-cadre
Signed Circular of 19th PPM Course at MDI GurugramMMdh6.pdf,14,"6. Details of Nodal Officer (of the rank of JS or above to the Government of India) nominated
by the Ministry/Department/State Government etc. where the officer is currently working for
mentoring and guidance to the Sponsored Officer for developing the policy documents.
Name:
Designation:
Office address:
Telephone No.
Fax No.
E-mail Id:
CADRE CONTROLLING AUTHORITY
Name of the Cadre
Controlling Authority
(Department/Ministry)
Contact person
Designation
Address
Tel No
Fax No
Email ID
Place: (Signature of the
Cadre Controlling Authority)
Date:
File No.
Office Seal (Compulsory)
Page 15 of 16",0,0.625,-cadre
Signed Circular of 19th PPM Course at MDI GurugramMMdh6.pdf,15,"Format of Bond To be executed by a Government Servant Before Proceeding for the 19th
12-Months Hybrid Programme on ""Public Policy and Management"" (PPM) of Management
Development Institute (MDI), Gurugram
KNOW ALL MEN BY THESE PRESENTS THAT I, , resident of
at present employed as in the
Ministry/Department , do hereby bind myself and my heirs,
executors and administrators to pay to the President of India (hereinafter called the
'Government') on demand, 'all charges and expenses' that shall or may have been incurred by
the Government for the programme i.e. all monies paid to me or expended on my account during
the programme period such as pay and allowances, leave salary, cost of fee, travelling and other
expenses met by the govt./agency concerned, etc. at MDI- Gurugram, together with interest
thereon from the date of demand at Government rates, for the time being in force, on
Government loans or, if payment is made in a country other than India, the equivalent of the said
amount in currency of that country converted at the official rate of exchange between that country
and India AND TOGETHER with all costs between the attorney and the client.
WHEREAS I, , am being deputed for PPM to be conducted by
the Department of Personnel and Training (DoP&T), Government of India at MDI- Gurugram,
AND WHEREAS for the better protection of the Government I have agreed to execute this
bond with such conditions as written hereunder:
NOW THE CONDITION OF THE ABOVE WRITTEN OBLIGATION IS THAT, in the event
of my failing to resume duty, or resigning or retiring from service or otherwise quitting service,
without returning to duty after expiry or termination of the period of the programme, OR failing to
complete the programme, OR quitting the service at any time within a period of FIVE (5) years or
before superannuation which is earlier after my return to duty, I shall forthwith pay to the
Government or as may be directed by the Government, on demand the said sum together with
interest thereon from the date of demand at Government rates for the time being in force on
Government loans.
AND upon my making such payment the above written obligations shall be void and of no
effect, otherwise it shall be and remain in full force and virtue.
The Bond shall in all respects be governed by the laws of India for the time being in force
and the rights and liabilities hereunder shall, where necessary, be accordingly determined by the
appropriate Courts of India
The Government of India has agreed to bear the stamp duty payable on this bond.
Signed and delivered this the day of month of the year 2026.
Signed and delivered by (Name and Designation)
In the presence of and
Witnesses: 1.
2.
ACCEPTED
on behalf of the President of India by the Cadre Controlling Authority
(Authorized S ig natory)[Off/ce Seal Compulsory]
Page 16 of 16",0,0.900,-leave;-programme;-cadre;-allowances
VCORDNWM66atvzv.pdf,0,"F. No. 9/1/2026-EO(SM-I)(Pt.l)
Government of India
Secretariat of the
Appointment Committee of the Cabinet
Ministry of Personnel, Public Grievances and Pensions
Department of Personnel and Training
Kartavya Bhawan-3, New Delhi, 09.2026
To
1. The Chief Secretaries, All State Governments.
2. The Secretaries of all the Ministries/Departments of Government of India.
Subject: Filling up the post of Advisor (Coordination & Monitoring), National Water Mission
(NWM), New Delhi under Department of Water Resources. River Development & Ganga
Rejuvenation -reg.
Sir/Madam,
This is with reference to this office circular dated 14.01.2026, 18.02.2026, 19.03.2026,
29.04.2026, 11.06.2026 14.07.2026 and 18.08.2026 (copy enclosed) on the above subject.
2. The last date for submission of application for the above referred circular is extended upto
2 .10.2026. Nominations are to be routed through DoPT online interface (DoPT website>>EO
Division>>Apply for posts of CSS, CVO and Others >>SUPREMO > [choose Non-CSS category
through SUPREMO link: https://supremo.nic.in) for those officers who have not yet applied for any
other posts online this year. Nominations as well as all correspondence on the subject may be
routed through email id: dirsm@nic.in and useosm1(nic.in only. This office is not accepting any
physical communication.
Yours faithfully,
(Ajit Kumar Ranjan)
Deputy Secretary to the Government of India
Tel. No. 011-24010477
Copy to:-
1. Department of Water Resources, River Development & Ganga Rejuvenation (Ms Archana
Varma, Secretary), New Delhi.
2. Technical Director, NIC, Computer Cell, DOPT, New Delhi for uploading this vacancy
circular on the official website of this Department.
PA to Dir(SM), DOPT. New Delhi with a request to arrange to upload this vacancy circular
through bulk e-mailing system of officers.",0,0.700,-appointment;-vacancy
VCORDNWM66atvzv.pdf,1,"F.No. 9/1/2026-EO(SM-l)
Government of India
Ministry of Personnel, Public Grievances and Pensions
Department of Personnel and Training
Office of the Establishment Officer
New Delhi, 4O1.2O26
To
1. The Chief Secretaries, All State Governments.
2. The Secretaries of all the MinistrieslDepartments of Government of India.
Subject: Filling up the post of Advisor (Coordination & Monitoring), National Water Mission
(NWM), New Delhi under Department of Water Resources, River Development & Ganga
Rejuvenation.
Sir/Madam,
It is proposed to fill up the post of Advisor (Coordination & Monitoring), National Water
Mission (NWM), New Delhi under Department of Water Resources, River Development & Ganga
Rejuvenation with pay at Level 14 (Rs.1,44200-2,18,200/-) of the Pay Matrix on deputation basis.
2. Names of willing and eligible officers, who have been empanelled to hold Joint Secretary or
equivalent posts at the Centre under the Central Staffing Scheme may be recommended to this
office along with cadre clearance, vigilance clearance and detailed bio-data (through SUPREMO
link: https://suprerno.nic.in). In case the officers are currently on deputation outside the cadre, the
nomination may be forwarded with the approval of the competent authority/Minister-in-charge
concerned.
3. The last date for submission of application for the above referred circular is t .02.2026.
Nominations are to be routed through DoPT online interface (DoPT website>>EO Division>>Apply
for posts of CSS, CVO and Others >>SUPREMO > [choose Non-CSS category through
SUPREMO link: https://supremo.nic.in) for those officers who have not yet applied for any other
posts online this year. Nominations as well as all correspondence on the subject may be routed
through email Id: dirsmnic.in and useosm1(änic.in only, This office is not accepting any physical
communication.
Yours fait,,fu(ly,
C
Sakshl Mittal)
Director
Tel. No. 011-24010544
Cooy to:-
1. Department of Water Resources, River Development & Ganga Rejuvenation.
2. Technical Director, NIC, Computer Cell, DOPT, New Delhi for uploading this vacancy circular
on the official website of this Department.
3. PA to Director (SM), DOPT, New Delhi.",0,1.000,-deputation;-cadre;-vacancy;-establishment officer
VCORDNWM66atvzv.pdf,2,"F. No. 9/1/2026-EO(SM-l)(Pt.l)
Government of India
Secretariat of the
Appointment Committee of the Cabinet
Ministry of Personnel, Public Gnevances and Pensions
Department of Personnel and Training
Kartavya Bhawan-3, New Delhi, 1.O2.2O26
To
1. The Chief Secretaries, All State Governments.
2. The Secretaries of all the Ministries/Departments of Government of India.
Subject: Filling up the post of Advisor (Coordination & Monitoring), National Water Mission
(NWM). New Delhi under Department of Water Resources, River Development & Gangs
Rejuvenation -reg.
Sir/Madam,
This is with reference to this office circular dated 14.01 .2026 (copy enclosed) or the above
subject.
2. The last date for submission of application for the above referred circular is extended upto
l -.O3.2O26. Nominations are to be routed through DoPT online interface (DoPT website>>EO
Division>>Apply for posts of CSS, CVO and Others >>SUPREMO > [choose Non-CSS category
through SUPREMO link: https://supremo.nic.in) for those officers who have not yet applied for any
other posts online this year. Nominations as well as all correspondence on the subject may be
routed through email Id: dirsm(nic.in and useosm1nic.in only. This office is not accepting any
physical communication.
Yours faithfully
(Sakshi Mittal)
Director
Tel. No. 011-24010544
Copy to:-
1. Department of Water Resources, River Development & Ganga Rejuvenation (Shri V. L.
Kantha Rao, Secretary), New Delhi.
2. Technical Director, NIC, Computer Cell, DOPT, New Delhi for uploading this vacancy
circular on the official website of this Department.
3. PA to Dir(SM), DOPT, New Delhi with a request to arrange to upload this vacancy circular
through bulk e-mailing system of officers.",0,0.700,-appointment;-vacancy
VCORDNWM66atvzv.pdf,3,"F. Nc. 911 12026-EO(SM-l)(PtJ)
Government of India
Secretanat of the
Appcntment Committee of the Cabinet
Ministry of Personnel, Public Grievances and Pensions
Department of Personnel and Training
Kartavya 8hawan-37 New Delhi,3.Q32026
To
1. The Chief Secretaries, All State Governments.
2. The Secretaries of all the Ministries/Departments of Government of India.
Subject Filling up the pest cf Advisor (Coon:iina-tion & Monitoring), National Water Mission
(NWM), New Delhi under Department cf Water Resources, River Development & Ganga
Rejuvetion -meg.
Sir/Madam,
This is wiTh reference to this office circtar dated 14.01.2026 and 18.021026 (copy
endosed) on the above subject.
2. The last date for submission of applk.ticn for the above referred circular is extended upto
.04.2026. Nominations are to be routed through DePT online interface (DePT website>>EO
Division>>Apply for posts of CSS, CVO and Others >>SUPREMO > [ctioose Non-CSS category
through SUPREMO link: httpsifsupreino.nic.in) for those officers wtio have not yet applied for any
other pests online this year. Nominations as well as all correspondence on the subject may be
routed through email id: dirsninic.in and useosm1nic.in only. This office is not accepting any
physical communication.
Yours faithfulj,
(Sakshi ittal)
Director
Tel. No. 011-24010544
Copy to:-
1. Department of Water Resources, River Development & Ganga Rejuvenation (Shri V. L
Kantha Rae, Secretary), New Delhi.
2. Technical Director, NIC, Computer Cell, DOPT, New Delhi for uploading this vacancy
circular on the official website of this Department
3. PA to Dir(SM), DOPT, New Delhi with a request to arrange to upload this vacancy circular
through bulk e-mailirg system of officers.",0,0.600,-vacancy
VCORDNWM66atvzv.pdf,4,"F. No. 9/112026-EO(SM-l)(Pt.I)
Government of India
Secretariat of the
Appointment Committee of the Cabinet
Ministry of Personnel, Public Grievances and Pensions
Department of Personnel and Training
Kartavya Bhawan-3 New Delhi1 04.2026
To
1. The Chief Secretaries, All State Governments.
2. The Secretaries of all the Ministries/Departments of Government of India.
Subject: Filling up the post of Advisor (Coordination & Monitoring), National Water Mission
(NWM), New Delhi under Department of Water Resources, River Development & Ganga
Rejuvenation -reg.
SiriMadam,
This is with reference to this office circular dated 14.01 .2026, 18.02.2026 and 19.03.2026
(copy enclosed) on the above subject.
2. The last date far submission of application for the above referred circular is extended upto
22'.05.2026. Nominations are to be routed through DoPT online interface (DoPT website>>EO
Division>>Apply for posts of CSS, CVO and Others >>SUPREMO > [choose Non-CSS category
through SUPREMO link: https://supremo.nic.in) for those officers who have not yet applied for any
other posts online this year. Nominations as well as all correspondence on the subject may be
routed through email Id: dirsmnic.in and useosm1nic.in only. This office is not accepting any
physical communication.
Yours faithfully,
ESKANMA JOY)
Director
Tel. No. 011-24010544
Cooy to:-
1. Department of Water Resources, River Development & Ganga Rejuvenation (Shri V. L
Kantha Rao, Secretary), New Delhi.
2. Technical Director, NIC, Computer Cell, DOPT, New Delhi for uploading this vacancy
circular on the official website of this Department.
3. PA to Dir(SM). DOPT, New Delhi with a request to arrange to upload this vacancy circular
through bulk e-mnailing system of officers.",0,0.700,-appointment;-vacancy
VCORDNWM66atvzv.pdf,5,"F. No. 9/1l2026-EOSM-l)(Pt.l)
Government of India
Secretariat of the
Appointment Committee of the Cabinet
Ministry of Personnel. Public Grievances and Pensions
Department of Personnel and Training
Kartavya Bhawan-3, New Delhi. .06.2026
To
1. The Chief Secretaries. All State Governments
2. The Secretaries of all the Ministries/Departments of Government of India.
Subject: Filling up the post of Advisor (Coordination & Monitoring), National Water Mission
(NWM), New Delhi under Department of Water Resources. River Development & Ganga
Rejuvenation -req.
Sir/Madam,
This is with reference to this office circular dated 14.01.2026, 18.02.2026, 19.03.2026 and
29.04.2026 (copy enclosed) on the above subject.
2. The last date for submission of application for the above referred circular is extended upto
O .07.2026. Nominations are to be routed through DaFT online interface (DaFT website>>EO
Division>>Apply for posts of OSS, CVO and Others >>SUPREMO > [choose Non-CSS category
through SUFREMG link: https:!/supremo.nic.in) for those officers who have not yet applied for any
other posts online this year. Nominations as well as all correspondence on the subject may be
routed through email id: dirsmnic.in and useosml@nic.in only. This office is not accepting any
physical communication.
Yours faithfully,
\( O\L
(ANNIES KANMANI JOY)
Director
Tel. No. 011-240105'l'i
Copy to:-
1. Department of 'vVater Resources. River Development & Ganga Rejuvenation (Shri V. L
Kantha Rao, Secretary). New Delhi.
2. Technical Director, NIC, Computer Cell, DOPT, New Delhi for uploading this vacancy
circular on the official website of this Department.
3. PA to Dir(SM). DOPT, New Delhi with a request to arrange to upload this vacancy circular
through bulk e-maiiing system of officers.",0,0.700,-appointment;-vacancy
VCORDNWM66atvzv.pdf,6,"F. No. 911/2026-EO(SM-I)(Pt.I)
Government of India
Secretariat of the
Appointment Committee of the Cabinet
Ministry of Personnel, Public Grievances and Pensions
Department of Personnel and Training
Kartavya Bhawan-3, New Delhi.}H.07.2026
To
1. The Chief Secretaries, All State Governments.
2. The Secretaries of all the Ministries/Departments of Government of India.
Subject: Filling up the post of Advisor (Coordination & Monitoring), National Water Mission
(NWM), New Delhi under Department of Water Resources. River Development & Ganga
Rejuvenation -reg.
Sir/Madam,
This is with reference to this office circular dated 14.01.2026, 18.02.2026, 19.03.2026,
2904.2026 and 11.06.2026 (copy enclosed) on the above subject.
2. The last date for submission of application for the above referred circular is extended upto
3 .08.2026. Nominations are to be routed through DoPT online interface (DoPT website>>EO
Division>>Apply for posts of CSS, CVO and Others >>SUPREMO> [choose Non-CSS category
through SUPREMO link: https://supremo.nic.in) for those officers who have not yet applied for any
other posts online this year. Nominations as well as all correspondence on the subject may be
routed through email id: dirsm(nic.in and useosm1(nic.in only. This office is not accepting any
physical communication.
Yours faithfully,
(ANNIES KANMANI JOY)
Director
Tel. No. 011-24010544
Cooy to:-
1. Department of Water Resources, River Development & Ganga Rejuvenation (Shri V. L.
Kantha Rao, Secretary), New Delhi.
2. Technical Director, NIC, Computer Cell, DOPT, New Delhi for uploading this vacancy
circular on the official website of this Department.
3. PA to Dir(SM), DOPT, New Delhi with a request to arrange to upload this vacancy circular
through bulk e-mailing system of officers.",0,0.700,-appointment;-vacancy
VCORDNWM66atvzv.pdf,7,"F. No. 9/1/2026-EO(SM-l)(PtJ)
Government of India
Secretariat of the
Appointment Committee of the Cabinet
Ministry of Personnel, Public Grievances and Pensions
Department of Personnel and Training
Kartavya Bhawan-3, New Delhi, ( 8.2026
To
The Chief Secretaries. All State Governments.
2. The Secretaries of all the Ministries/Departments of Government of India.
Subject: Filling up the post of Advisor (Coordination & Monitoring), National Water Mission
(NWM), New De'hi under Department of Water Resources. River Development & Ganga
Rejuvenation -reg.
Sir/Madam.
This is with reference to this office circular dated 14.01.2026. 13.02.2026. 19.03.2026,
29.04.2026, 11 .06.2026 and 14.07.2026 (copy enclosed) on the above subject.
2. The last date for submission of application for the above referred circular is extended upto
.O9.2O26. Nominations are to be routed through DoPT online interface (DoPT website>>EO
Division>>Apply for posts of CSS. CJO and Others >>SUPREMO > [choose Non-CSS category
through SUPREMO link: https://supremo.nic.in) for those officers who have not yet applied for any
other posts online this year. Nominations as well as all correspondence on the subject may be
routed through email id: dirsmnic.in and useosm1nic.in only. This office is not accepting any
physical communication.
Yours faithfully,
(ANNIES KANMANI JOY)
Director
Tel. No. 011-24010544
Copy to:-
1. Department of Water Resources. River Development & Ganga Rejuvenation (Ms Archana
Varrna, Secretary), New Delhi.
2. Technical Director, NIC. Computer Cell, DOPT, New Delhi for uploading this vacancy
circular on the official website of this Department.
3. PA to Dir(SM), DOPT, New Delhi with a request to arrange to upload this vacancy circular
through bulk e-rnaiiing system of officers.",0,0.700,-appointment;-vacancy
Works_Manual_SE_2025.pdf,0,"err.
���Mill �-�-�­ 1fm=f tfi(cfji'{
fcm
+l?ilcl�
� (�)
��
V. Vualnam
I.A.S. Government of India
Secretary (Expenditure) Ministry of Finance
Department of Expenditure
FOREWORD
(Second Edition, 2025)
As part of the initiative to enhance ease of doing business, competition, value for money,
transparency, fairness and good governance in public procurement, the Department of
Expenditure, Ministry of Finance had released various Manuals for Procurement.
2. This Works Manual, Second Edition (2025) incorporates significant policy changes since
its first edition in 2019 (updated in 2022) - resulting from stakeholder discussions, FTA
dialogues, Covid policy responses, various studies and reports, amendments to the General
Financial Rules (GFR) 2017, Delegation of Financial Powers Rules (DFPR) 2024, and new
legislative developments such as the Mediation Act - as well as evolving practices in the
procurement ecosystem.
3. The Works Manual is intended primarily for Ministries and Departments with limited in­
house engineering capacity, providing broad procedural guidance for small repair works up to
�60 lakh, and for procurement of larger works through the agency of Public Works
Organisations (PWO) or Public Works CPSEs. Major engineering organisations with established
departmental procedures may continue to follow their approved frameworks.
4. I would like to acknowledge the dedicated efforts of the team led by Shri Chinmay
Pundlikrao Gotmare (Joint Secretary), Shri Sanjay Aggarwal (ex-Advisor PPD) and comprising
Shri Manish Bhatia (Director), Shri Anil Kumar (Deputy Secretary), Shri Praveen Kujur (Under
Secretary), Shri Sudesh Kumar (Section Officer), Shri Girish Bhatnagar (Sr. Consultant) and
Shri Vikram Rajvanshi (Procurement Specialist). I also extend my gratitude to Ministries,
Department and other Organisations that reviewed drafts and provided valuable inputs.
5. It is hoped that this Manual will serve as a practical and dependable guide to all officers
and organisations engaged in the procurement and execution of public works.
u,.
(V. Vualnam)
Date: 23.12.2025
� �- 16102, 6cJT �, � �-1, � �-110001
th
Room No. 16102, 6 Floor, Kartavya Bhavan-1, New Delhi-110001, Tel.: 24012000, 24012001, E-mail: secyexp@nic.in",1,1.000,+procurement;+gfr;+lakh;+procurement-policy
Works_Manual_SE_2025.pdf,14,"Procurement Glossary
9. “Class-I local supplier” means a supplier or service provider, whose goods, services or
works offered for procurement, meet the minimum local content as prescribed for ‘Class-I
local supplier’ under the Public Procurement (Preference to Make in India), Order 20172;
10. “Class-II local supplier” means a supplier or service provider, whose goods, services or
works offered for procurement, meets the minimum local content as prescribed for ‘Class-
II local supplier’ but less than that prescribed for ‘Class-I local supplier’ under the Public
Procurement (Preference to Make in India) Order 20173;
11. “Competent authority” (Competent Financial Authority) in respect of the powers of approval
in a procurement process or execution of a resultant contract means an authority to which
such power is delegated by or under General Financial Rules (GFR) 2017, Delegation of
Financial Power Rules 2024 (DFPR), Schedule of Procurement Powers (SoPP) or any
other general or special orders issued by the Government of India;
12. “Consultancy services” means a one-off (that is, not repetitive and not routine) services
involving project-specific intellectual and procedural processes using established
technologies and methodologies, but the outcomes – which are primarily of a non-physical
nature – may not be standardised and would vary from one consultant to another. It may
include small works or supply of goods that that are consequential to such services; (Rule
177 of GFR 2017)
13. “Contract” (Procurement Contract', ‘Purchase Order’, ‘Supply Order’, ‘Withdrawal Order’,
‘Work Order’, ‘Consultancy Contract’, ‘Contract for Services’, ‘Rate Contract’, ‘Framework
Agreement’, ‘Letter of Award – LoA’ (letter or memorandum communicating to the
contractor the acceptance of his bid), ‘Agreement’, ‘Repeat Order’, or a ‘formal
agreement’), means a formal legal agreement in writing relating to the subject matter of
Procurement, entered into between the Procuring Entity and the supplier, service provider
or contractor on mutually acceptable terms and conditions and which are in compliance
with all the relevant provisions of the laws of the country;
14. “Contractor” (‘Supplier’ or ‘Service Provider’ or ‘Consultant’ or ‘Firm’ or ‘Vendor’ or
‘Manufacturer’ or ‘Successful Bidder’ ) means the person, firm, or company, including a
consortium (that is, an association of several persons or firms or companies - Joint
Venture/ consortium) with whom the contract is entered into and shall be deemed to
include the contractor's successors (approved by the Procuring Entity), agents,
subcontractor, representatives, heirs, executors, and administrators as the case may be
unless excluded by the terms of the contract;
15. “Contract Value” (or Contract Price) means the full and final monetary amount that the
procuring entity is obligated to pay to the contractor under the terms of the contract,
ensuring that no additional costs are incurred beyond the agreed sum. It is an all-inclusive
figure that covers the base price of the goods, services, or works being procured, along
with all applicable taxes/ surcharges (such as Goods and Services Tax – GST etc.),
custom duties, freight, transportation, installation, commissioning, warranties,
maintenance, and any other incidental charges;
16. “e-Procurement” means the use of information and communication technology (specially
the internet) by the procuring entity in conducting its procurement processes with bidders
2Notified vide Order No. P-45021/2/2017-PP (BE-II)-Part (4)Vol.II issued by Department of Promotion of Industry
and Internal Trade dated 19.07.2024
3Notified vide Order No. P-45021/2/2017-PP (BE-II)-Part(4)Vol.II issued by Department of Promotion of Industry
and Internal Trade dated 19.07.2024
xx",1,1.000,+procurement;+procuring;+procuring entity;+bidder;+bidders;+e-procurement;+rate contract;+gfr;+general financial rules;+purchase order;+supply order;+vendor;+contract;+contractor;+purchase;+bid;+supplier;-promotion;+eprocurement;+procurement-policy
Works_Manual_SE_2025.pdf,28,"Chapter 1: Introduction to Procurement of Works
a) ‘L1’ means the lowest tender or lowest bid, or the lowest quotation received in a tender,
bidding process or other procurement solicitation as adjudged in the evaluation
process as per the tender or other procurement solicitation.
b) ‘Local Content’ means the amount of value added in India which shall, unless
otherwise prescribed by the Nodal Ministry, be the total value of the item procured
(excluding net domestic indirect taxes) minus the value of imported content in the item
(including all customs duties) as a proportion of the total value, in percent.
Explanatory notes for the calculation of local content:
i) Imported items sourced locally from resellers/ distributors shall be excluded from
the calculation of local content.
ii) The license fees/ royalties paid/ technical charges paid out of India shall be
excluded from local content calculation
iii) Procurement/ Supply of repackaged/ refurbished/ rebranded imported products,
as understood commonly, shall be treated as reselling of imported products and
shall be excluded from the calculation of local content. The definition of
repackaged/ refurbished/ rebranded imported products is as follows:
1) ‘Refurbishing’ means repair or reconditioning of an imported product does
not amount to manufacture because no new goods come into existence.
2) ‘Repackaging’ means repacking of imported goods from bulk pack to smaller
packs would not ordinarily amount to manufacture of a new item.
3) ‘Rebranding’ means relabelling or, renaming, or change in symbol or logo/
makes or corporate image of a company/organisation/ firm for an imported
product would amount to rebranding.
iv) To ensure that imported items sourced locally from resellers/ distributors are
excluded from the calculation of local content, procuring entities to obtain from
bidders, the cost of such locally-sourced imported items (inclusive of taxes) along
with break-up on license/ royalties paid/ technical expertise cost etc. sourced from
outside India/ for items sold by bidder as reseller, OEM certificate for country of
origin to be submitted.
v) For contracts involving the supply of multiple items, a weighted average of all
items is to be taken while calculating the local content
c) 'Class-I local supplier' means a supplier or service provider, whose goods, services or
works offered for procurement, meets the minimum local content as prescribed for
'Class-I local supplier' under this Order.
d) 'Class-II local supplier' means a supplier or service provider, whose goods, services
or works offered for procurement, meets the minimum local content as prescribed for
'Class-II local supplier' but less than that prescribed for 'Class-I local supplier' under
this Order.
e) 'Non - Local supplier' means a supplier or service provider, whose goods, services or
works offered for procurement, has local content less than that prescribed for 'Class-
II local supplier' under this Order.
f) ‘Margin of purchase preference’ means the maximum extent to which the price quoted
by a “Class-I local supplier” may be above the L1 for the purpose of purchase
preference. It has been fixed as 20 (twenty) percent.
g) ‘Nodal Ministry’ means the Ministry or Department identified pursuant to this order in
respect of a particular item of goods or services or works.
10",1,1.000,+procurement;+procuring;+tender;+bidder;+bidders;+bidding;+contracts;+purchase;+quotation;+bid;+supplier;+procurement-policy
Works_Manual_SE_2025.pdf,42,"Chapter 1: Introduction to Procurement of Works
f) The decision of the Competent Authority to register such bidder may be for all kinds
of tenders or for a specified type(s) of goods or services and may be for a specified
or unspecified duration of time, as deemed fit. The decision of the Competent
Authority shall be final.
g) Registration granted by the Competent Authority of the Government of India shall be
valid not only for procurement by the Central Government and its bodies specified in
sub-para 3 above but also for procurement by State Governments and their agencies/
public enterprises, etc. No fresh registration at the State level shall be required.
h) The Competent Authority is empowered to cancel the registration already granted if it
determines that there is sufficient cause. Such cancellation by itself, however, will not
affect the execution of contracts already awarded. Pending cancellation, it may also
suspend the registration of a bidder, and the bidder shall not be eligible to bid in any
further tenders during the period of suspension.
i) For national security reasons, the Competent Authority shall not be required to give
reasons for rejection/ cancellation of registration of a bidder.
11. Clarifications regarding the applicability of the restrictions under Rule 144 (xi) of
the GFR:
a) The proprietary purchases are not excluded from the provisions of the Rule 144 (xi)
of GFR, 2017.
b) The rule is applicable on all purchases irrespective of the order value.
c) The provisions of Rule 144 (xi) are not applicable in the case of selling of raw materials
by a Government agency (like a CPSE/ Autonomous Bodies, etc.).
d) The provisions of Rule 144 (xi) are not applicable on the export to the countries
sharing land border with India.
e) Sub-contracting is not permitted to any contractor from a country sharing a land border
with India unless registered with the competent authority. However, it is to be noted
that procurement of raw materials, components, etc., does not constitute sub-
contracting. In case a bidder has proposed to supply finished goods procured directly/
indirectly from vendors from the countries which share a land border with India, such
vendor will be required to be registered with the Competent Authority as per the
provisions of Rule 144 (xi) of GFR, 2017.
f) There is no bar on the contractor from procuring raw material from a firm that has
been acquired by another firm belonging to a country that shares a land border with
India.
g) Contract Manufacturing outside India: If the bidder is getting the subject product
manufactured outside India, this is treated as contract manufacturing, and beneficial
ownership of the foreign manufacturing entity must be verified. If the foreign
manufacturer is covered by the beneficial ownership criteria (para 4-g above) – then
the bidder must submit DPIIT registration of such manufacturer to participate in the
procurement.
h) Hiring of Services: Suppose a Bidder (Indian/ Foreign), who is not from a country
sharing a land border with India, offers services to a procuring entity by arranging
equipment from another company; then the following scenarios may appear:
S. No Scenario Applicability of Rule 144 (xi)
a) The equipment/ goods have been The bidder has procured certain goods to
purchased or will be purchased offer the requisite services to a procuring
from a company (manufacturer) entity. In such case, the bidder does not
24",1,1.000,+procurement;+procuring;+procuring entity;+tenders;+bidder;+gfr;+vendor;+vendors;+contract;+contracts;+contractor;+purchases;+bid
Works_Manual_SE_2025.pdf,56,"Chapter 2: Need Assessment and Procurement Planning
f) Reference to Concept Plans/ Preliminary Drawings, if any and their acceptance - This
shall indicate the details of Concept Plans/ Preliminary Drawings prepared and their
approval by the requisitioning authority;
g) Agency of Procurement – through direct procurement, outsourcing to PWO/ PSUs or
otherwise (Refer Para 3.1 below);
h) Rough Cost Estimate: Ministries/ Department may carefully assess alternative
technological options, their area requirements and obtain Rough Cost on the basis of
prevailing Plinth Area rates (or any other reliable basis) without preparation of
drawings to enable the competent authority to accord in principle approval;
i) If relevant, Cost benefits analysis of the project, including evaluation of options for
cost sharing/ recovery (user charges) for infrastructure/ services. Principles of Life
Cycle Cost may also be considered, to the extent feasible;
j) Cash flow: This will show year-wise requirement;
k) Source & availability of funds - The manner of transferring the fund to the executing
agency to be spelt out;
l) Appendices:
i) Requisition of the Department/ Ministry;
ii) Concept Plans/ Preliminary Drawings;
iii) Reference to approval of Concept Plans/ Preliminary Drawings.
m) Any other relevant documents;
n) As directed in the Department of Expenditure’s General Instructions on Procurement
and Project Management25 a presentation on the findings of the feasibility study/ PPR
may be made by a team (which may include engineers/ consultants/ outside experts,
finance officers etc.) before the public authority/ or designated competent authority.
This is to provide an opportunity to the public authority to have an overall assessment
of the situation, appraisal of various options as well as likely challenges and mitigation
measures. In the case of very large projects, such presentation may be made to the
head of the public authority. The record of discussions during the presentation may
become part of the Detailed Project Report (DPR) and tender file/ project record.
2.3 Acceptance of necessity and issue of in-Principle Approval
Approval of competent financial authority for accepting the necessity of works and its Scope
should be sought on the basis of PPR or Rough Cost Estimate and in Principle Approval of
the concerned Ministry/ Department shall be made available for preparation of Detailed Project
Report or Preliminary Estimates.
2.4 Preparation of Detailed Project Report (DPR) /Preliminary
Estimates (PE)
1. On receipt of in-Principle Approval of the project, the procuring entity shall finalize the
Detailed Project Report with due care and accuracy, using latest technological tools
collecting all relevant ground information, including consultation with the field units,
wherever applicable, giving reference to the documents mentioned below. The DPR
should provide a level playing field to the bidders and should ensure as far as feasible, the
widest possible competition:
25 OM No.F.1/1/2021-PPD dated 29.10.2021
38",1,1.000,+procurement;+procuring;+procuring entity;+tender;+bidders;+office-memorandum
Works_Manual_SE_2025.pdf,71,"Chapter 3: Bidding Design for Works
supervision, quality audits, etc. Periodic audits of the Procuring Entity’s Engineer
functioning are desirable in ensuring that the Procuring Entity’s Engineer carries out his
tasks professionally.
13. In complex projects, a third-party consultant be deployed for specific tasks like design
audit, quality audits, safety audits, etc., to cross-check the Procuring Entity’s Engineer’s
diligence in the process.
14. The tender document should consist of provisions of Change of Scope in terms of
specifications, omission of any work from the Scope of the Project, or any additional work,
however, the total value of all change of scope order should be limited (say 10%) of the
contract price. In the event, the parties are unable to agree to the proposed change of
scope, the Procuring entity may award such works or services to any other party,
preferably on the basis of open competitive bidding. Contractor should have the option of
matching the first ranked bid in terms of the selection criteria, subject to payment of certain
percentage (say 2%) of the bid amount to the Procuring entity. Such an option is possible
when the contractor also participated in the bidding process and its bid did not exceed the
first ranked bid by more than 10%.
15. Sub-Contracting: Sub-contracting by the EPC contractor must be limited and should not
exceed 50% of the contract price. Any work, to be sub-contracted by the main contractor,
must be brought to the notice of the procuring entity.
16. Qualification of Sub-contractor: Preceding 3 years, at least one work of a similar nature
with a contract value exceeding 40% of value of the sub-contract to be awarded and
received payments I respect thereof for an amount equal to at least 80% of such contract.
Provided, however, that in any event the Contractor shall communicate the name and
particulars to the procuring entity for any sub-contract including the relevant experience
prior to entering into any such sub-contract. Overall responsibility of all Works lies on the
contractor.
17. General Instructions on Procurement and Project Management29 on EPC
a) In EPC contracts, since primary responsibility to execute the work lies with the EPC
contractor, success of the project also depends upon the quality of the tender
document wherein enough clarity on the broad framework for execution of the work
and the obligations of the contractor needs to be built in.
b) Milestones for payment to the contractor should be fixed in a manner that facilitates
smooth cash flow for the contractor as well as for progress of the work. Milestones
fixed should avoid excessive front loading or back loading, i.e., amount of payment
should be commensurate with stage-wise quantum of work/ cost incurred. Milestones
for payment to the contractor should also be linked with the deliverables.
c) In case of EPC contracts, only general arrangement drawings and architectural
control parameters should be part of the EPC tender document. In case of EPC
contracts, timelines for submission of drawings by the contractors and approval
thereof by the competent authority should be clearly prescribed in the tender
document, wherein, damages for non-adherence of such timelines ins this regard
may also be incorporated.
d) EPC contracts shall specify broad technical specification and key output parameters.
Over-specification of design may lead to increase in cost. Technical specifications
29 OM No.F.1/1/2021-PPD dated 29.10.2021
54",1,1.000,+procurement;+procuring;+procuring entity;+tender;+bidding;+contract;+contracts;+contractor;+bid;+office-memorandum
Works_Manual_SE_2025.pdf,85,"Chapter 3: Bidding Design for Works
Risk Mitigation
incurring extra cost of open tendering. alone. Due diligence should be done to locate
This could be due to: likely bidders. All registered contractors
i) Insufficient publicity; (including past successful contractors) should
ii) Hindrances in availability of bid be given intimation about forthcoming tenders
documents; via SMS/mail/email.
iii) insufficient time for bid Further a limited or open tender which results
preparation; or in only one effective offer shall be treated as a
iv) Due to onerous cost of bid- single tender enquiry situation, with relevant
documents or EMD powers of approval etc.
It should be also ensured that there is no
impediment to issue/ access of bid documents.
Ordinarily, the due date fixed for opening of the
tender shall be minimum 21 (twenty-one) days
from the date of advertisement, which may
vary, considering the nature of work to be
executed and the timelines required. The due
date may be subsequently extended with the
approval of the CA, only if it is felt necessary to
have better competition.
The tender documents, shall be priced
minimally (if at all priced, refer Para 4.6.1
Availability and Cost of Tender Documents)
keeping in view the value of the tender as also
the cost of preparation and publicity of the
tender documents.
EMD should be sufficient to ensure that bidders
honour their bids but at the same time should
not be large enough to reduce competition.
b) Lack of clarity in description/ Mitigations of such risks can be addressed at
specification of requirement or undue the time of need assessment and procurement
stringency in qualifying criteria or planning (please refer to Chapter 2), so as to
other conditions attract adequate competition.
3.8 Global Tender Enquiry (GTE)
GTE41 is similar to OTE but, through appropriate advertising and provision for payment in
Foreign Currencies through Letter of Credit, it is aimed at inviting the participation of inter-alia
foreign firms. Bids in foreign currency in any other mode of procurement shall be summarily
rejected. Subject to restriction on GTE (para 3.8.2 below), GTE can also be in SLTE, LTE or
STE mode if justified with proper approvals as per SoPP. The point of balance between VfM
and cost/ complexity of procedure is further aggravated as compared to OTE. The
development of local industry also needs to be kept in mind. Hence, it may be viable only in
following situations:
41Rule 161, GFR 2017
68",1,1.000,+procurement;+tender;+tenders;+tendering;+bidders;+bidding;+open tender;+gfr;+emd;+bid;+bids
Works_Manual_SE_2025.pdf,99,"Chapter 3: Bidding Design for Works
3.12.2 STE - Risks and Mitigations
Risk Mitigation
Risks as applicable in both LTE and All mitigation strategies of LTE and OTE would
OTE are also applicable here. In apply here also. In addition, the systems of
addition, there is a risk that this mode checks and balances should be tighter by way of
may be used unjustifiably to avoid open enhanced and severely restricted delegation of
tendering (OTE), thereby making the powers in this regard for certification of urgency
selection of the contractor non- and approval of this mode of procurement. A
transparent and unjustified. system of reports from the authority signing the
urgency certificate and post facto review of
utilisation of executed works and receipt of
incidental goods/ services to tackle the
expressed urgency may be laid down. Audit
should take up the bulk of such cases for review
to judge the genuineness of urgency certification.
3.13 Award of Work through Quotations
1. Use of quotations up to Rs Five lakh in each instance shall be adopted for procurement of
minor civil works like construction of boundary walls, installation of safety barriers or
guardrails, repairing/ maintenance/ plumbing works etc. for which there is an established
market. Procuring entity shall not divide its procurement into separate contracts to bring
the amount less than the amount set forth for such purpose.
2. Procuring entity shall request quotations from as many contractors as practicable but
positively from at least three contractors. Each contractor from whom a quotation is
requested, shall be informed whether any elements and other than the charges for the
works to be executed, such as, transportation and insurance charges, duties and taxes
are to be included in the price.
3. Each contractor or contractor is permitted to give only one price quotation and is not
permitted to change its quotation.
4. Award of work through quotations shall be resorted only in emergent cases and suitable
reasons shall be recorded.
3.14 Award of works in stalled contracts
1. Where a contractor abandons or stops the work mid-way, either due to insolvency or a
dispute or other reason, engagement of the new contractor takes considerable time and
in the meanwhile public money is locked up in assets which cannot be utilized, apart from
inconvenience and loss of amenities to the general public due to such half completed
works.
2. Notwithstanding anything in the GFR or the Manual, procuring entities should devise
methods (including limited/ single tenders) to deal with part completed contracts, wherever
the work is abandoned by the contractor mid-way. However, for issuance of limited/single
tenders in such cases, at least 20% of work should have been billed by the contractor who
has abandoned the work. Procurement approval of such limited/single tender should be at
the next higher level, or such level as may be prescribed.
.
82",1,1.000,+procurement;+procuring;+procuring entity;+tender;+tenders;+tendering;+bidding;+gfr;+contracts;+contractor;+quotation;+lakh
Works_Manual_SE_2025.pdf,113,"Chapter 4: Bid Invitation Process
d) Bids must be uploaded by the submission deadline mentioned in the Tender
Document. If the office happens to be closed on the deadline to submit the bids as
specified above, this deadline shall not be extended.
e) Only one copy of the bid can be uploaded, and Bidder shall digitally sign all
statements, documents, certificates uploaded by him, owning sole and complete
responsibility for their correctness/ authenticity as per the provisions of the IT Act
2000 as amended from time to time.
f) Regarding the protected Price Schedule/ BOQ (excel format, Cover-2), Bidder shall
write his name in the space provided in the specified location only. Bidder shall type
rates in the figure only in the rate column of respective item(s) without any blank cell
or Zero values in the rate column, without any alteration/ deletion/ modification of
other portions of the excel sheet. If space is inadequate, Bidder may upload additional
documents under ""Additional Documents"" in the ""bid Cover Content.""
g) The date and time of the e-Procurement server clock, which is also displayed on the
dashboard of the bidders, shall be used as the reference time for deciding the closing
time of bid submission. Bidders are advised to ensure they submit their bid within the
deadline and time of bid submission, taking the server clock as a reference, failing
which the portal shall not accept the Bids. No request on the account that the server
clock was not showing the correct time and that a particular bidder could not submit
their bid because of this shall be entertained. Failure or defects on the internet or
heavy traffic at the server shall not be accepted as a reason for a complaint. The
Procuring Entity shall not be responsible for any failure, malfunction or breakdown of
the electronic system used during the e-Procurement Process.
h) All Bids uploaded by Bidder to the portal shall get automatically encrypted. The
encrypted bid can only be decrypted/ opened by the authorised persons on or after
the due date and time. The bidder should ensure the correctness of the bid before
uploading and take a printout of the system generated submission summary to
confirm successful bid upload.
i) Bidder must upload scanned copies of originals (or self-attested copies of originals –
as specified). Bidder should ensure the clarity/ legibility of the scanned documents
uploaded by him. The Procuring Entity reserves its right to call for verification originals
of all such self-certified documents from the Bidders at any stage of evaluation,
especially from the successful Bidder(s) before the issue of Letter of Award (LoA).
j) If so, specified in the tender document, originals (or self-attested copies of originals
– as specified therein) of specified scanned, uploaded documents must be physically
submitted before the deadline specified for it (before the bid submission deadline, if
not so specified) sealed in double cover, and acknowledgement be obtained before
the bid submission deadline at mentioned venue. Failure to do so is likely to result in
the bid being rejected. If the office is closed on the deadline for physical submission
of originals, it shall stand extended to the next working day at the same time and
venue.
k) No manual Bids shall be made available or accepted for submission in e-Procurement
(except for originals of scanned copies as per sub-para above).
2. Receipt and custody of Bids in offline Tender Process: In offline tenders, receipt and
custody of bids shall be done in a transparent manner to maintain the credibility of the
process. The following guidelines should be adhered to for receipt and custody of bids:
96",1,1.000,+procurement;+procuring;+procuring entity;+tender;+tenders;+bidder;+bidders;+e-procurement;+bid;+bids;-complaint;+eprocurement;+bid-process
Works_Manual_SE_2025.pdf,127,"Chapter 5: Forms of Securities, Prices, Payment Terms and Price Variations
appropriate for their purpose and shall relate to the contractor’s proposed source of supply
of inputs on the basis of which his contract price shall have been computed.
6. Where it is decided to conclude the contract with a variable price, an appropriate clause
incorporating, inter-alia, a suitable price variation formula should also be provided in the
tender documents, to calculate the price variation between the base level and scheduled
delivery date. It is best to proactively provide our own PVC in the tender document to
discourage different bidders quoting different formulae and different base dates, which
may lead to problems on bringing their prices on a common comparable footing.
7. The variations are to be calculated periodically by using indices published by
Governments/ chambers of commerce/London Metal Exchange / any other neutral and
fair source of indices. Suitable weights are to be assigned to the applicable elements, that
is, fixed overheads and profits, material and labour in the price variation formula. If the
delivery of works needs more than one raw material, the input cost of material may be
further sub-divided for different categories of material, for which cost indices are published.
8. The following are important elements of PVC:
a) The price agreed upon should specify the base date, that is, the month and year to
which the price is linked to enable variations being calculated with reference to the
price indices prevailing in that month and year. This base date should be a few weeks/
months (periods is called time-lag) prior to the last date of submission of bids when
the last published price indices would be available. Time lag applies both for base
date and date of supply, and must be specified in the Tender Documents;
b) The price variation formula must also stipulate a minimum percentage of variation of
the contract price, only above which the price variation will be admissible (for
example, where the resultant increase is lower than, say, two per cent of the contract
price, no price adjustment will be made in favour of the supplier);
c) In rare cases prices may go up to such an extent, that it may render the contract
unviable for either party, thus frustrating the contract. Therefore, price variation
clause should provide for a ceiling (a percentage per annum or an overall ceiling or
both, say 20%/ 25%) on price variations, beyond which the price variation would be
capped at this level. As soon as it comes to light that price variations are likely to go
beyond this ceiling, and if the Supplier is not agreeable to the price variation being
capped at that level, he may notify the Purchaser under ‘Frustration of Contract’
provisions in the Tender Document/ Clause, for short-closing the contract;
d) Where advance or stage payments are made there should be a further stipulation
that no price variations will be admissible on such portions of the price, after the dates
of such payment;
e) Where deliveries are accepted beyond the scheduled delivery date subject to levy of
liquidated damages as provided in the contract. The LD (if a percentage of the price)
will be recoverable on the price as varied by the operation of the PVC;
f) No upward price variation will be admissible beyond the original scheduled delivery
date for defaults on the part of the supplier. However, a downward price variation
would be availed by the purchaser as per the denial clause in the letter of extension
of the delivery period;
g) Price variation may be allowed beyond the original scheduled delivery date, by
specific alteration of that date through an amendment to the contract in cases of force
majeure or defaults by Government;
110",1,1.000,+tender;+bidders;+liquidated damages;+contract;+contractor;+bids;+supplier
Works_Manual_SE_2025.pdf,142,"Chapter 6: Evaluation of Bids and Award of Work
b) As per paras 1.11-4, 3.9.1-6 and 4.2.6-4, Procuring Entity reserves its right to relax
the condition of prior turnover and prior experience for start-up enterprises78 (MSME
or otherwise) recognized by the Department for Industry & Internal Trade (DPIIT),
subject to meeting quality & technical specifications (only to startups recognized by
the Department of Industry & Internal Trade (DPIIT)), subject to meeting quality &
technical specifications. It is further clarified that such relaxation is not optional but
has to be ensured, except in case of procurement of items related to public safety,
health, critical security operations and equipment, etc) where adequate justification
exists for the Procuring Entity not to relax such criteria.
2. Evaluation of Technical Suitability: The description, specifications, drawings and other
technical terms and conditions are examined by TC in general and technical member(s)
of the TC in particular. Nobody outside the TC should be allowed to determine this
evaluation. Even if an external expert’s advice and report is obtained, it is still the
responsibility of the technical member(s) in particular and the TC in general to accept/
reject or modify the evaluation contained in such a report/ evaluation. The tender
document should clearly state whether alternative offers/ makes/ models would be
considered or not and, in the absence of an express statement to the effect, these should
not be allowed. An important document is the exceptions/ deviation form submitted by the
bidder. It is important to judge whether an exception/ deviation is minor or major. Minor
exceptions/ deviations may be waived following the criteria laid down in para 6.3.4-6
above.
3. Evaluation of Commercial Conditions: Bidder must comply with all the Commercial and
other clauses of the Tender Document. The Procuring Entity shall also evaluate the
commercial conditions quoted by the Bidder to confirm that all terms and conditions
specified in the Tender Document have been accepted without substantive omissions/
reservations/ exceptions/ deviation by the Bidder. Deviations from or objections or
reservations to critical provisions identified in the Tender Documents will be deemed to be
a material deviation. (If critical provisions are not explicitly stated in the Tender document,
then these shall be taken to be Governing laws and Jurisdiction, Contractor’s Obligations
and Restrictions of it Rights, Performance Bond/ Security, Force Majeure, Taxes & Duties,
and Code of Integrity). Only minor deviations may be accepted/ allowed, provided these
do not constitute substantive deviations as per para 6.3.4-2 above.
4. Declaration of Techno-commercially Suitable Bidders: In a single envelop/ cover
tender, TC proceeds to evaluate the price aspects without a reference to CA at this stage.
However, in case of a multiple envelope tender, the TC prepares a recommendation of
techno-commercial bid (Annexure 4) to declare successful bidders. For each proposal, the
report also should substantiate the results of the evaluation and indicate technical
weaknesses or deviations from the terms set out in the Tender Documents and comment
on their acceptability. The CA may ask the TC to explain the report but should not request
that evaluation be changed. It should review the TC’s evaluation of each proposal (on
technical, contractual, and other aspects). The CA should decide how any acceptable
deviation in each proposal should be handled during contract formulation, in case that
proposal is ranked first. The technical evaluation report is a confidential document, and its
contents shall not be disclosed. All records relating to the evaluation shall be retained until
completion of the project and its audit. In such cases, after the approval of CA, the results
78 Notified vide OM No.F.20/2/2014-PPD (Pt.) issued by Department of Expenditure dated 20.09.2016.
126",1,1.000,+procurement;+procuring;+procuring entity;+tender;+bidder;+bidders;+turnover;+contract;+contractor;+bid;+bids;-annexure;+office-memorandum
Works_Manual_SE_2025.pdf,156,"Chapter 6: Evaluation of Bids and Award of Work
i) Complaint handling, correspondences with clients, consultants, banks.
3. In organisations where physical files are maintained, the Procurement file should start with
the indent and related documents. All subsequent documents relating to procurement
planning; Copy of Bid Document and documents relating to its and formulation, publishing
and issue/ uploading; Bid Opening; Bids received; correspondence and documents
(including Technical Evaluation and TC report) relating to pre-qualification, evaluation,
Award of Contract; and finally, the contract copy, should be kept on the file. In case of
bulky bids received, all bids received may be kept in a separate volume, with a copy of
accepted bids later being put on the main volume. To maintain integrity of the records
relating to procurement, these files should be kept secure and for contract management a
new volume of file may be opened to obviate frequent exposure of sensitive procurement
file. In contract management volume, copies of successful bid, Tender Committee Report
& Contract may also be kept for ready reference, besides correspondence and documents
relating to Contract Management and its closure.
6.6 Evaluation of Bids and Award of Contract – Risks and
Mitigation
Risk Mitigation
a) Evaluation of bids is subjective or leaves TC should give an undertaking at the
room for manipulation and biased appropriate time that none of the members has
assessments. Some TC members may not be any personal interest in the companies/
independent or neutral or may have conflict of agencies participating in the tender process.
interest. Any member having an interest in any
company should refrain from participating in
the TC. Some members of a TC may be
subordinate to or related others in a strictly
hierarchical organisation, so that they are not
free to express independent views – such a
situation must be avoided when constituting the
TC.
b) Discriminating against a Best Value Bid: In Mitigation for each type of risk is mentioned
case a bidder’s bid (not in the good books of the below.
procuring entity) becomes the best value bid as
per the evaluation criteria, some of the following
actions may have risks of misuse. There is also
a reverse risk in these actions if a favourite
becomes best value bid:
c) Unwarranted rebidding: Rejecting all bids In case a procurement is rebid more than
and calling for rebidding on the pretext of prices once, approval of one level above the CA may
being high, change of specifications, budget be taken. Please also see the complaint
not being available, and so on. mechanism.
d) Sudden quantity reduction/ increase or Bid conditions must specify a limit beyond
splitting of quantity work at the time of which originally announced quantity/ scope
award: Many organisations have provisions for cannot be reduced/ increased. If parallel
change/ splitting in the bid quantity at the time contracts are envisaged, clear criteria for the
of award. Some organisations vary quantity splitting may be specified in the bid documents
even without such provisions beforehand.
e) Unwarranted negotiations: negotiations are Normally, there should be no post-tender
called without justification. Sometimes a negotiations. In certain exceptional situations,
140",1,1.000,+procurement;+procuring;+procuring entity;+tender;+bidder;+contract;+contracts;+bid;+bids;-complaint;+bid-process
Works_Manual_SE_2025.pdf,170,"Manual for Procurement of Works, Second Edition, 2025
4. Besides protecting the public from noise and environmental pollution, they must be
safeguarded from falls in dug-up areas, electrocution, flooding, falling objects, bridge-span
dropping/failures, crane falling/overturning, and damage to building from vibrations/cave-
ins from construction activities. The Contract Manager must ensure that the Contractor
does not adopt any shortcut in this regard.
7.3 Monitoring Scope of Work and Quality Assurance
7.3.1 Monitoring Scope of Work
1. Monitoring Topology and Geological Conditions: Topographical survey, soil
investigation, and such other activities are the basis of Contract design and
documentation. The topographical survey determines the design and the levels of various
buildings and landscaping. The presence of water, including its depth, quality, and
quantity, is also part of the site topology. If actual site topology is different from the
topological survey in the Contract, this would lead to variation in the scope of work and
BOQ. Unexpected discoveries at site could be soil/rock issues or some old infrastructure
or works of religious or archaeological importance. In all these cases, scope and BOQ
would undergo changes and cause variation order to be initiated.
2. Bill of Quantities: The BOQ forms an important part of any Contract. Quantities in a BOQ
are only best estimates and payment is made for actual quantities measured during
Contract implementation. Major errors in items or quantities in the BOQ may result in large
variations, leading to vitiation of the basis on which the Contract is awarded to the
Contractor. Contractors may take advantage of such errors and build their quotation in
such a way that they would be adjudged lowest for quantities in the BOQ but would gain
undue windfall profit when the quantities are corrected. Therefore, Contracting Entities
have special procedures for approving quantity variations above 10 percent.
3. EPC Designs: In case of EPC contracts approval of the designs should be taken from the
appropriate authority, as defined in the tender document, to ensure that the performance
levels are met by the design.
4. Measurements:
a) Measurements of all items having financial value shall be recorded in Measurement
books (MB) and/ or level field books so that a complete record is obtained of all works
performed under the contract. Measurements and levels shall be taken jointly by the
official designated for the purpose and the contractor. The contractor shall, without
extra charge, provide all assistance with every appliance, labour and other things
necessary for measurements and recording levels.
b) The contractor shall not cover (or place it beyond reach) the work without written
consent from the Procuring Entity, otherwise the contractor shall have to uncover it
at their own expense, or they will not be paid for that work.
c) Recording of measurements of any item of work in the measurement book shall not
relieve the Contractor from liabilities from any over measurement or defects noticed
till completion of the defects liability period.
d) Electronic Measurement Books (e-MBs). Organisations as early as possible
implement e- MBs and same should be integrated with IT based project monitoring
system.
5. Quality Assurance: In order to control the quality of work, a Quality Assurance Cell shall
be formed in every work centre comprising of multi- disciplinary professionals/ engineers
155",1,1.000,+procurement;+procuring;+procuring entity;+tender;+contract;+contracts;+contractor;+quotation;-disciplinary
Works_Manual_SE_2025.pdf,184,"Manual for Procurement of Works, Second Edition, 2025
7. Notwithstanding the above formalities, it should be appreciated that it is in the interest of
the purchaser to be vigilant about downward variation, and it is, therefore, the basic
responsibility of the purchase officers to make sure that the benefits of downward variation,
wherever it occurs, are fully availed of.
7.5.4 Payment of Taxes and Duties
1. The contractor shall be entirely responsible for all taxes, duties, fees, levies etc., incurred
until delivery of the works to the Procuring Entity.
2. If applicable under relevant tax laws and rules, the Procuring Entity shall deduct required
taxes on account of GST Reverse Charge Mechanism; Tax Deducted at Source (TDS),
and Tax Collected at Source (TCS) relating to Income Tax, labour cess, royalty etc. from
all payments due to the Contractor and deposit these to respective authorities as per the
existing law in force during the currency of the contract. In the case of foreign bidders,
Corporate tax shall be deducted at source from each invoice as per instructions/ orders of
the Government of India, Indian Income Tax Authority.
3. Goods and services Tax: GST shall be paid as per the rate at which it is liable to be
assessed or has been assessed, provided the transaction of the sale is legally liable to
such taxes and is payable as per the terms of the contract subject to the following
conditions:
a) The payment of GST and GST Cess to the contractor shall be made only on the latter
submitting a GST compliant Bill/ invoice indicating the appropriate HSN code and
applicable GST rate thereon duly supported with documentary evidence as per the
provision of relevant GST Act and the Rules made there under. The delivery shall be
shown being made in the name, location/ state, and GSTIN of the consignee only;
the location of the procurement office of the procuring entity has no bearing on the
invoicing.
b) The Procuring Entity shall not pay a higher GST rate if leviable due to any
misclassification of the HSN number or incorrect GST rate quoted mistakenly by the
Contractor. Wherever the contractor invoices the work at GST rate or HSN number,
which is different from that incorporated in the contract, payment shall be made as
per GST rate, which is lower of the GST rates incorporated in the contract or billed.
However, the Procuring Entity shall not be responsible for the contractor's tax
payment or duty under a misapprehension of the law. The Contractor shall be
required to adjust his basic price to the extent required by a higher tax rate billed as
per invoice to match the all-inclusive price mentioned in the contract.
c) In case of undue profiteering by the contractor relating to GST tax, the Procuring
Entity shall treat it as a violation of the Code of Integrity in the contract and avail any
or all punitive actions thereunder, in addition to recovery and action by the GST
authorities under the Act.
d) The contractor should issue Receipt vouchers immediately on receipt of all types of
payments along with tax invoices after adjusting advance payments, if any, as per
Contractual terms and GST Provisions.
e) Liquidated damages (refer to para 7.4.7 above for its quantum) or any other reduction
(Price Variation or Exchange Rate variation, etc.) should be shown as deductions on
the invoice and GST shall be applicable only on the net balance payment due.
Similarly, any increase due to any variation should be shown as added to the invoice
169",1,1.000,+procurement;+procuring;+procuring entity;+bidders;+liquidated damages;+consignee;+contract;+contractor;+purchase
Works_Manual_SE_2025.pdf,198,"Manual for Procurement of Works, Second Edition, 2025
of Officers, which may also include the name(s) of retired Officer(s) empanelled
to work as Arbitrator, to the Contractor within 60 days from the day when a written
and valid demand for arbitration is received by the Appointing Authority. The
contractor will be asked to suggest at least 2 names out of the panel for
appointment as the Contractor’s nominee within 30 days from the date of dispatch
of the request to him. The Appointing Authority shall appoint at least one out of
them as the Contractor’s nominee and shall also simultaneously appoint the
balance number of arbitrators either from the panel or from outside the panel, duly
indicating the ‘presiding arbitrator’ from amongst the 3 arbitrators so appointed.
The Appointing Authority shall complete this exercise of appointing the Arbitral
Tribunal within 30 days from the receipt of the names of the Contractor’s
nominees. While nominating the arbitrators, it shall be necessary to ensure that
one of them is from the Finance/ Accounts Department (officer of Selection Grade
of the Finance/ Accounts Department shall be considered as of equal status to
the officers in Senior Administrative Grade of other departments for appointment
of an arbitrator).
9. The serving officer working in arbitral tribunal in the ongoing arbitration cases as per sub-
para i) and ii) above can continue as arbitrator in the tribunal even after his retirement.
a) Appointment of Arbitrator where the applicability of Section 12 (5) of the Arbitration
and Conciliation Act has not been waived off:
i) In cases where the total value of all claims in question added together does not
exceed ₹ 50,00,000/- (Rupees Fifty Lakh), the Arbitral Tribunal shall consist of a
sole arbitrator. For this purpose, the Appointing Authority will send a panel of at
least four (4) names of retired Officer(s) (retired not below the rank of Senior
Administrative Grade Officer) empanelled to work as Appointing Authority
Arbitrator duly indicating their retirement dates to the Contractor within 60 days
from the day when a written and valid demand for arbitration is received by the
Appointing Authority. The contractor will be asked to nominate to the Appointing
Authority at least 2 names of arbitrators. These can be out of the panel suggested
by the approving authority or from an approved panel of the Indian Council of
Arbitration (ICA – refer sub-para 2 above) within 30 days from the date of dispatch
of the request by the Appointing Authority. The Appointing Authority shall appoint
at least one out of them as the arbitrator within 30 days from the receipt of the
names of the Contractor’s nominees.
10. In cases where the total value of all claims in question added together exceeds ₹
50,00,000/- (Rupees Fifty Lakh), the Arbitral Tribunal shall consist of a Panel of three (3)
arbitrators. For this purpose, the Appointing Authority will send a panel of at least four (4)
names of retired Officers (retired not below the rank of Senior Administrative Grade Officer)
empanelled to work as Arbitrator duly indicating their retirement date to the Contractor
within 60 days from the day when a written and valid demand for arbitration is received by
the Appointing Authority. The contractor will be asked to nominate to the Appointing
Authority at least 2 names of arbitrators. These can be out of the panel suggested by the
approving authority or from an approved panel of the Indian Council of Arbitration (ICA –
refer sub-para 2 above) within 30 days from the date of dispatch of the request by the
Appointing Authority. The Appointing Authority shall appoint at least one out of them as
the Contractor’s nominee and shall also simultaneously appoint his nominee arbitrator
either from the panel or from outside the panel. The Appointing Authority shall complete
183",1,0.850,+procurement;+contractor;+lakh;-appointment
Works_Manual_SE_2025.pdf,213,"Manual for Procurement of Works, Second Edition, 2025
considered necessary. An interim reply may be sent that the application will be kept in
view in the tender evaluation, and a final response shall be given only after the declaration
of the award of the contract. The Tender Committee shall place the application on record,
including its analysis and action taken thereon, in the TC minutes/ report to the Competent
Authority. After the award, the TC convener shall respond to the aggrieved party.
7. If such grievance is received after the declaration of the award of the contract, the
designated officer shall forward the application to the Competent Authority of the tender
for his examination on merits and action as considered necessary. Such post award
grievance must be redressed and closed within 30 days of receipt of the grievance. If the
Competent Authority finds the complaint to have substance, appropriate and feasible
remedial measures should be initiated.
8. If the grievance is resolved or if the grievance is found to be unwarranted, the aggrieved
party shall be informed by the TC convener of the final decision without disclosing
confidential details.
9. Based on such representation, if the Competent Authority is satisfied that there has been
a contravention of procurement guidelines in this case, he may initiate such action as, in
his opinion, is necessary to rectify the contravention, including:
a) If the grievance is due to inadequacy of procurement guidelines or a lack of
understanding of the staff, remedial action to address such lacunae may be initiated
without repercussions to the concerned staff;
b) Annulment or reconsideration of the procurement proceedings;
c) cancellation of the resultant procurement contract, if legally feasible;
d) In case any individual staff is found responsible, suitable disciplinary proceedings
should be initiated against such staff under the conduct rules;
e) In case the complicity of any bidder is proved;
i) removal of the concerned firm from the list of registered firms;
f) debarment of the bidders, if warranted;
g) reporting the matter to the Competition Commission of India (CCI) in case of anti-
competitive actions by the bidder.
h) Handing over the case to CVO if there are aspects that require investigations.
8.5 Conduct of Public Servants in Public Procurement - Risks and
Mitigations
Risk Mitigation
Hospitality must never be solicited, directly or
1. Hospitality: Hospitality (including
indirectly. The frequency, scale and number of
facilitation of travel, lodging, boarding and
officials availing hospitality should not be
entertainment during official or unofficial
allowed to identify the recipient in a public way
programs) from suppliers may tend to
with any particular contractor, supplier or
cross the limits of ethical/ occasional/
service provider or raise doubts about its
routine/ modest/ normal business
neutrality. It should not involve significant
practice. Officials sent to firm’s premises
travel, overnight accommodation or trips
for inspections/ meetings may mistakenly
abroad. Particular care should be taken in
presume entitlement to hospitality from
relation to offers of hospitality from firms (say
the firm, even if other arrangements are
participating in current or imminent tenders or
available at the location.
199",1,1.000,+procurement;+tender;+tenders;+bidder;+bidders;+contract;+contractor;+supplier;+suppliers;-examination;-complaint;-disciplinary;+procurement-policy
Works_Manual_SE_2025.pdf,227,"Annexure 1: Financial Powers to Sanction Expenditure for Purchases and Execution of
Contracts
been considered and allowed by Public Investment Board (PIB) or Expenditure Finance
Committee (EFC) or Cabinet, as the case may be, such cases will be processed as per
the financial limits laid down for sanction of such Schemes or Projects by that Authority.
Clarification w.r.t Rule 11 (6) It is clarified that where the award of contract,
purchase or engagement of consultancy services forms part of a Project or
Scheme, which has been appraised by the PIB or EFC, and approved by the
Competent Financial Authority (including the Cabinet), and where financial
limits for such powers have been specifically prescribed in such approval, the
limits allowed by the Competent Financial Authority shall be followed.
7. Explanation: If a contract extends over a period of time, the total value over the entire
period of currency shall be taken for the purpose of applying the limit.
8. These rules shall not apply to:
a) the Ministry of Railways and authorities subordinate to that Ministry;
b) the Ministry of Defence and authorities subordinate to that Ministry in relation to
expenditure debitable to Defence Services Estimates.
c) the Departments of Atomic Energy and Space;
d) the Department of Telecommunications;
e) the Government of India’s representatives abroad whose powers shall be determined
in accordance with the rules or orders issued separately in consultation with the
Finance Ministry.
216",1,0.900,+contract;+contracts;+purchase;+purchases;-annexure
Works_Manual_SE_2025.pdf,241,"Manual for Procurement of Works, Second Edition, 2025
be submitted in Monthly Expenditure Statement (MES) in a form similar to CPWD Form
– 65 (Account of Deposit works). While submitting MES, and placing demand for release
of fund in the form of recoupment of the monthly expenditure already incurred on the
work, ‘Project Management Consultant’ will also submit a comprehensive report on
progress of physical completion of various activities and Milestones vis-a-vis earlier
planned activities/ Milestones for the overall completion of the specific work mutually
decided between ‘Procuring Entity’ & ‘Project Management Consultant’ {and included as
part of work specific MOU} 118for enabling ‘Procuring Entity’ to keep effective check on
utilization of fund as well as physical progress of the work.
9. The fund subsequent to Initial Deposits shall be released by ‘Procuring Entity’ to ‘Project
Management Consultant’ within 4 (four) weeks of submission of request by ‘Project
Management Consultant’ along with all documents as described in Clause - 8 above. As
per the monitoring of physical and financial progress indicators, ‘Procuring Entity’ will
take necessary steps for recoupment of the monthly expenditure incurred on the basis of
the Fund Utilization Certificate.
10. If any fund requirement is specifically made by ‘Project Management Consultant’ after
the work has been assigned to ‘Project Management Consultant’ for undertaking pre-
construction activities related to the Project Execution etc., the same shall be released
by ‘Procuring Entity’ within 2 (two) weeks of such specific demand provided the amount
is within ceiling limit of Rs 25 (twenty-five) lakh. The amount so released to ‘Project
Management Consultant’ shall he adjusted from, Initial Deposit amount.
11. ‘Project Management Consultant’ shall intimate ‘Procuring Entity’ about any excess
expenditure likely to be incurred over and above the approved Projected Cost and also
about possibility of time overruns, as soon as it comes to the knowledge along with
reasons and justifications thereof for necessary approvals from ‘Procuring Entity’ before
continuing/ incurring the extra/ additional expenditure.
12. The ‘Project Management Consultant’ shall be responsible for certifying and making
payment of Bills of the Contractors/ Agencies engaged by them and make available Final
Statement of Accounts in Standard Format to ‘Procuring Entity’ & also provide copies of
Final Bills for all Contract Packages and other expenditure incurred related to Project
Construction after the Completion of the Work. In addition, should ‘Procuring Entity’ ask
for any other details from ‘Project Management Consultant’ regarding Utilization of Fund
at any stage, Detailed Estimates, Technical Sanctions, Award of Works, Running Bills
etc., the same shall be provided by ‘Project Management Consultant’ readily.
13. The ‘Procuring Entity’ shall settle compensation/ levies, if so required to be paid based
on recommendation by ‘Project Management Consultant’ related to the Project works,
under Workmen's Compensation Act or any other Act or Law of the Central or the State
Government.
(D) Execution of Work
14. The ‘Project Management Consultant’ shall obtain necessary Statutory Approvals/
Permission/ Clearances/ Certificates from the concerned Local Bodies & Statutory
Authorities like District Authorities, Municipal Corporation, Panchayati Raj Institutions,
Town Planning Board, Electricity Board/ Fire Department, State/ Central Pollution Control
Boards, Stale/ Central Environmental Authorities, Forrest and Wild-life authorities etc (for
e.g. removal of trees, re-locating utilities; conversion of railway level crossings, laying of
railway sidings needed by the work; rehabilitation and resettlement of persons affected
by the work; traffic control; mining of earth and stone; interfering protected monuments;
230",1,1.000,+procurement;+procuring;+procuring entity;+contract;+lakh
Works_Manual_SE_2025.pdf,255,"Manual for Procurement of Works, Second Edition, 2025
Annexure 14: Integrity Pact Format
(Refer para 8.3-2)
INTEGRITY PACT
Between
[the Procuring Organisation] hereinafter referred to as “The Principal,” and
__________________ hereinafter referred to as “The Bidder/ Contractor.”
Preamble
The Principal intends to award contract/s for__________________, under laid down
organisational procedures, The Principal values full compliance with all relevant laws of the
land, rules, regulations, economical use of resources, and fairness / transparency in its
relations with its Bidder(s) and / or Contractor(s).
To achieve these goals, the Principal shall appoint Independent External Monitors (IEMs) who
shall monitor the tender process and the execution of the contract for compliance with the
abovementioned principles.
Section 1 – Commitments of the Principal:
1) The Principal commits itself to take all measures necessary to prevent corruption and to
observe the following principles: -
a. No employee of the Principal, personally or through family members, shall in
connection with the tender for, or the execution of a contract, demand, take a promise
for or accept, for self or third person, any material or immaterial benefit which the
person is not legally entitled to.
b. The Principal shall treat all Bidder(s) with equity and reason during the tender process.
The Principal shall, in particular, before and during the tender process, provide to all
Bidder(s) the same information and shall not provide to any Bidder(s) confidential /
additional information through which the Bidder(s) could obtain an advantage in the
tender process or the contract execution.
c. The Principal shall exclude from the process all known persons having conflict of
interest.
2) If the Principal obtains information on the conduct of any of its employees which is a
criminal offence under the IPC/PC Act, or if there be a substantive suspicion in this regard,
the Principal shall inform the Chief Vigilance Officer and in addition shall initiate disciplinary
proceedings.
Section 2 – Commitments of the Bidder(s)/ Contractor(s):
1) The Bidder(s)/ Contractor(s) commits themselves to take all measures necessary to
prevent corruption. The Bidder(s)/ Contractor(s) commits themselves to observe the
following principles during participation in the tender process and the contract execution.
a. The Bidder(s)/ Contractor(s) shall not, directly or through any other person or firm,
offer, promise, or give to any of the Principal’s employees involved in the tender
process or the execution of the contract or to any third person any material or other
benefit which they are not legally entitled to, in order to obtain in exchange any
advantage of any kind whatsoever during the tender process or the execution of the
contract.
b. The Bidder(s)/ Contractor(s) shall not enter with other Bidders into any undisclosed
agreement or understanding, whether formal or informal, in violation of the
244",1,1.000,+procurement;+procuring;+tender;+bidder;+bidders;+contract;+contractor;-annexure;-disciplinary
Works_Manual_SE_2025.pdf,269,"Manual for Procurement of Works, Second Edition, 2025
Annexure 18: FAQs About PPP-MII Order, 2017
(Refer para 1.11.2-20)
Question 1. How to calculate Local Content?
Answer: Para 2 of the PPP-MII Order, 2017 (as amended on 16.09.2020) defines local
content as
Local content’ means the amount of value added in India which shall, unless otherwise
prescribed by the Nodal Ministry, be the total value of the item procured (excluding net
domestic indirect taxes) minus the value of imported content in the item (including all customs
duties) as a proportion of the total value, in percent.
Mathematically,
Local content = (Sale price - Value of imported content) * 100/ Sale price
Where, “Sale price” means price excluding net domestic indirect taxes and “Value of imported
content” means price of imported content inclusive of all customs duties
Question 2. How to calculate Local Content in bids involving supply of multiple items from
single bidder?
Answer: In case of bids requiring supply of multiple items (say “X ”, “X ” and “X ”) by a single
1 2 3
bidder, the local content in the bid shall be
Local content = ((Sale price of “X ” - Value of imported content in “X ”) + (Sale price of “X ” -
1 1 2
Value of imported content in “X ”) + (Sale price of “X ” - Value of imported content in “X ”)) *
2 3 3
100/ (Sale price of “X ” + Sale price of “X ” + Sale price of “X ”)
1 2 3
Question 3. How to obtain Make in India “MII” certificate?
Answer: No such certificate issued by Government of India. As per para 9 (a) of PPP-MII
Order, 2017 (as amended on 16.09.2020), the bidders are required to self-certify the local
content in their product for purchase value less than Rs.10 crore. For purchases more than
Rs.10 crore, as per para 9 (b) of PPP-MII Order, 2017, a certificate from the statutory auditor
or cost auditor of the company (in the case of companies) or from a practicing cost accountant
or practicing chartered accountant (in respect of suppliers other than companies) is required
to be submitted.
Question 4. What is the meaning of class-I local supplier, class-II local supplier and non-local
supplier?
Answer: PPP-MII Order, 2017 (as amended on 16.09.2020) classifies the suppliers into
following 3 categories:
a. ‘Class-I local supplier’ – Suppliers offering items with equal to or more than 50% local
content
b. ‘Class-II local supplier’ - Suppliers offering items with equal to or more than 20% but
less than 50% local content
c. ‘Non-local supplier’ - Suppliers offering items with Less than 20% local content
Nodal Ministries/ Departments are authorized to notify a higher minimum local content
requirement for any item, i.e., higher than 50/20%, if they deem fit
Question 5. Details of product categories for which nodal Ministry have been notified by DPIIT
for PPP-MII, Order 2017 may be provided?
258",1,1.000,+procurement;+bidder;+bidders;+purchase;+purchases;+bid;+bids;+supplier;+suppliers;+crore;-annexure;+procurement-policy
faq sct.pdf,0,"University Grants Commission
SCT Section
SC/ST
Question Reply
Kindly inform the year-wise number of The UGC follows the reservation policy of the
reserved SC/ST/OBC faculty, non-faculty Government of India.
positions from the start of the reservation
policy in India when the Act was passed and
till now.
Legal Status of Reservation Framework of Whereas, the policy of the Central Government
SC/ST in Govt. Services and Educational is that the Central Universities and Institutions
Institutional According to Indian which are Deemed to be Universities receiving
Constitution. grants-in-aid from the public exchequer, the
percentage of reservation in admissions and
recruitments in teaching and non-teaching posts
is to be 15% for Scheduled Castes and 7.5%
for Scheduled Tribes except in minority
institutions under Article 30(1) of the
Constitution.
Now, at what percentage of reservation are As per instructions issued by the Government of
kept for SC, ST, OBC & Minorities in the India, Dept. of Personnel & Training, New Delhi
field at Nationalized firm/Industries, Vide O.M.No.36012/2/96-Estt.(Res.) dated 2nd
Nationalized Banks and Central July, 1997, now post based roster is applicable.
Civil/Defence services? And at what i. All educational institutions receiving grant-in-
percentage of reservation are kept aid from the public fund has to provide
SC,SC,OBC & current Reservation rule prescribed percentage of reservation for
Minorities in the fixed of central Colleges, SCs/STs and PWDs (Persons with
Universities like IIT, IIM, NIIT and Research disabilities) on the sanctioned strength of
Institute (ISRO, DRDO). At what percentage each cadre (i.e. Assistant Professor,
of Reservation are kept for respective Associate Professor, Professors or by
section, what are its rule regulation or what whatever other nomenclature the posts are
are it’s basic principles after reservation. known) for the purpose of recruitment of
various teaching and non-teaching posts.
ii. Reservation to Other Backward Classes
(OBCs) is applicable at the entry level only in
non-teaching posts and in case of teaching
posts at the level of Assistant Professor only.
iii. Central Universities are receiving 100%
maintenance grant and also the Deemed to
be universities, which are getting 100%
maintenance grant or part of maintenance
grant are required to provide reservation of
15% to Scheduled Castes, 7.5% for
Scheduled Tribes, 27% to Other Backward
Classes and 4% for Persons with Disabilities
in the matter of teaching and non-teaching
posts as well as in admissions to all level
courses accept in Minority Institutions under
Article 30(1) of the Constitution. However,
State Universities including their affiliated
constituent colleges and other institutes",0,1.000,-recruitment;-reservation;-university;-faculty;-colleges;-courses;-educational;-research;-cadre;-roster
faq sct.pdf,1,"functioning within the State can follow the
percentage of reservation as prescribed by
the respective State Government.
iv. The Reservation of SC/ST/OBCs is called
vertical reservation and the reservation for
Physically handicapped persons (PWD) as
horizontal reservation. Horizontal
reservations cut across vertical reservation
and the persons selected against Physically
handicapped quota (PWD) have to be placed
in the appropriate category.
Furnish the definition/meaning of Good The concerned University will decide the “Good
Academic Record as per UGC Rules and Academic Record” at the Graduation level and
from which Educational level (i.e. provide 5% relaxation to SC/ST and PWD
Secondary/Higher Secondary/Graduation candidates in the appointment to the post of
Level) should be considered for the post of Lecturer/Asstt. Professor and equivalent post in
Asst. Professor in Universities/Govt. Degree Universities and Colleges.
Colleges.
Is It Mandatory For Minority Institutions To Government order No.F.6-30/2005 U-5 dated
Give Reservation To SC/ST/OBC In 6th December, 2005 is reproduced below for
Teaching And Non-Teaching post or have information. Last para ..
they discretion? “ Now, therefore, in exercise of the powers
vested under Section 20(1) of the University
Grants Commission Act, 1956 the Government
hereby directs the UGC to ensure effective
implementation of the reservation policy in the
Central Universities and those of Institutions
Deemed to be Universities receiving aid from
the Public funds except in minority institutions
under Article 30(1) of the Constitution.”
Reservation implemented in teaching and According to UGC Act, 1956 , the UGC has to
non-teaching posts and admission ensure effective implementation of the
reservation policy in the Central Universities,
Deemed to be Universities and those
institutions receiving aid from the public funds
except in minority Institutions under Article
30(1) of the Constitutions vide MHRD ( Dept. of
Secondary & Higher Education) order No.
F.No.6-30 /2005 U-5 dated 6th December,2005
The Central Universities are receiving 100%
grant from the Central Govt./UGC and they
have to follow the reservation policy of the
Govt. of India for SC’s/ST’s in toto i.e. 15% for
SC’s and 7. 5% for ST’s in the matter of teaching
and non-teaching posts as well as in
admissions to various courses/degrees.
The State Universities including its
affiliated/constituent colleges and other
institutes functioning within the State can
follow the percentage of reservation for SC/ST
as prescribed by the State Government.
Out of annual permitted strength in each branch",0,1.000,-admission;-academic;-appointment;-reservation;-university;-degree;-degrees;-colleges;-courses;-education;-educational;-higher education
faq sct.pdf,2,"of study or faculty,15% seats are to be
reserved for Scheduled Castes, 7.5% for
Scheduled Tribes and 27% for Other Backward
Classes.
UGC Norms/rules/Guidelines regarding The UGC issues instructions from time to time
SC/ST backlog appointment. to all Central Universities for (i) implementation
of SC/ST/PWD/OBC Reservation Policy of the
Govt./ UGC (ii) strict compliance of reservation
policy, (iii) display of reservation roster on
University website and (iv) filling up of remaining
identified backlog reserved vacancies of these
categories in teaching and non- teaching posts.
Provide information about the discrimination UGC has issued circular to all the
done to OBC, ST/SC & other reservation Universities/Deemed to be Universities stating
category by not providing them they that
reservation seat & scholarship (for eg: (i) the officials/faculty members should desist
government job, admission in school college from any act of discrimination against Dalit
etc) and what action has been taken by the students on grounds of their social origin.
government of India to step this Mal (ii) the University/Institute/College may develop
practices (All over India in detail) a page on their web-site for lodging such
complaints of caste discrimination by Dalit
students and also place a complaint register in
the Registrar/Principal Office for the purpose. If
any such incident comes to the notice of the
authorities, action should be taken against the
erring official/faculty members promptly.
(iii) Senior Officers/faculty members, including
liaison Officer of the educational Institutions
should keep a close watch to ensure that such
incidents do not occur at all. Besides, this, they
should be more sensitive while dealing with
incidents of caste discrimination.
Is it a fact that Government is considering
to bear the entire expenses of coaching for The UGC has been contributing towards social
the student belonging to reserved equity and social economic mobility of the under
categories. privileged sections of the society through
special coaching schemes in Universities and
Colleges, the following schemes as under:-
I .Remedial Coaching for SC/ST/OBC (non-
creamy layer) & Minorities Community Students
II. Coaching for NET/SET for SC/ST/OBC (non-
creamy layer) & Minority Community Students
III. Coaching Classes for entry in services for
SC/ST/OBC (non-creamy layer) & Minority
Community Students.
IV. Equal Opportunity Cells in Universities/Colleges.",0,1.000,-admission;-scholarship;-appointment;-reservation;-university;-faculty;-student;-students;-college;-colleges;-educational;-roster;-complaint
faq sct.pdf,3,"Persons with Disabilities
S.No Question Reply
1. What are the different schemes at 1. Higher Education for Persons with Special Needs.
Department of Higher Education for 2. Teacher Preparation in Special Education.
Persons With Disabilities 3. Visually Challenged Teachers
2. Are the websites of yours and your UGC has issued a letter to all universities to make all
associated institutions are accessible for government websites accessible / person with disabilities.
Persons with Different Disabilities and
follow Guidelines for India Government
Websites (GIGW).
3. What are the various The Commission from time to time has been conveying to
policy/facility/reservation for overseas the universities and deemed universities, the policy decision,
higher education for the welfare of including reservation in admissions and employment, of the
Person with Different Disabilities with Government of India pertaining to the person with
support of Your Department/Associated disabilities. In addition and the guidelines framed at the level
Institutions. of the Commission in this regards have also been notified to
all universities for implementation. The Commission has
also circulated the disabilities equal opportunities protection
of rights and full participation Act, 1995 to the universities.
1. The UGC has issued a letter to all universities regarding
full implementation of persons with Disabilities Act, 1995 in
universities and colleges and approved 3% reservation for
persons with disabilities in admission to all the courses of
study offered by universities and colleges and 3%
reservation for disabled people in jobs and also decided that
barrier free access for persons with disabilities to the
university, buildings, class rooms, laboratories and toilets
etc. be ensured .
2. The UGC has issued a letter to all universities regarding
use of computer by person with disabilities for writing
examination .
3. The UGC has issued a letter to all universities regarding
to make appropriate arrangements for medical examination
of students with disabilities seeking admission against
reserved seats.
4. The UGC has issued a letter to all universities regarding
to make appropriate arrangement for evaluation of answer
sheets of students having illegible hand writing due to
disability and have problem in speech.
5. The UGC has issued a letter to all universities regarding
Fee waiver, free accommodation, food and transport for
student with disabilities.
6. The UGC has issued a letter to all universities regarding
to Establishment/Creation of department of Indian sign
language in all the universities under UGC and to start
courses in sign language interpretation thereafter .
7. The UGC has issued a letter to all universities regarding
to consider giving the relaxation of 5% (i.e from 55% to
50%) of marks at Master’s and 5% relaxation at graduate
level under the term of ‘Good Academic Record par with",0,1.000,-admission;-examination;-welfare;-academic;-reservation;-medical;-university;-student;-students;-teacher;-teachers;-colleges;-courses;-education;-higher education
faq sct.pdf,4,"SC/ST candidates to the physically6 and visually
handicapped candidates for appointment as Principal,
Professor, Reader, Lecturer, Registrar, Dy. Registrar,
Assistant Registrar, Librarian, Dy. Librarian, Asstt.
Librarian, College Librarian, Director of Physical Education
& Sports, Dy. Director of Physical Education Sports, Asstt.
Director of Physical Education & Sports and College
Director Physical Education & Sports .
8. The UGC has issued a letter to all universities regarding
5% relaxation in marks at master’s level for physically
handicapped persons for appearing at NET examination vide
this office letter No. 6-1/2002(CPP-II)dated05-06-2002.
9. The UGC has issued a letter to all universities regarding
to provide relaxation up to a maximum of 5 years to the
person with disabilities in admission to various courses.
4. Copies of all letters/ The UGC has issued a letter to all universities regarding
circulars/instructions/ Orders etc from implementation of the reservation policy for person with
1995 to till date sent to all Universities in disabilities in filling up of teaching and non teaching post in
connection with the Disability Act for universities/colleges.
appointment as Faculty members
(Professor, Associate Professor,
Assistant Professor) for disabled
candidates for full participation and
equal opportunity of disabled provided in
the Disability Act 1995.
5. Are all your funding educational UGC has issued a letter to the universities to ensure
institutions/buildings/departments/offices providing barrier free environment in the buildings which
are disabled friendly and accessible for would include provision of ramps, rails, lifts, adaptation of
Persons with Different Disabilities. toilets for wheelchair user, brail signages and auditory
Please furnish the details signals, tactile flooring etc.
6. Whether the employee Teaching and UGC has issued a letter to the Centers regarding clarification
Non-Teaching staff appointed in the of granting similar status to the employees of the Centers for
Centre for Study of Social Exclusion and study of social exclusion and inclusive Policy at par with the
Inclusive Policy are permissible to avail university employees .
the following Leave:
Earned Leave, Medical Leave,
Surrender of Earned leave,U.P.A.
(Unearned Leave on Pivate Affairs)
Increment, L.T.C., & etc.,
7. Is there any provision of free education The UGC has issued a letter to the Universities Hon’ble
for a physically challenged student at Supreme Court judgment 26.03.2014, in WP (Civil) No. 116
University level after attaining the age of of 1998,-Justice Sunanda Bhandare Foundation V/s Union of
18 years under Person with Disability India & Anr, opined that even after lapse of 18years since its
(PWD) Act, 1995. inception, the PWD Act, 1995 is still to be implemented in
its letter and spirit, and directed the Central Government,
State Governments and Union Territories to implement the
provision of the Act positively by the end of 2014. The
Judgment is available on the website of the Supreme Court.
Section 46 of the PWD Act cast an obligation on the
appropriate government to, inter alia, provide certain
facilities and services in public buildings to PWD’s Article 9
(Accessibility of the UN Convention on the Rights of
Persons with Disabilities (UNCRPD) also says that PWDs
should have access, on an equal basis with others, to the
physical environment, to transportation, to information and
communication, including information and communication
technologies and systems, etc.
8. Please refer to the OM issued by DoPT The UGC has issued a letter to the Universities regarding
for the filling up the backlog for the special recruitment drive to fill up the vacancies for persons
Person with disabilities in May,2015 in with disabilities .",0,1.000,-recruitment;-admission;-leave;-examination;-appointment;-reservation;-medical;-university;-faculty;-student;-college;-colleges;-courses;-education;-educational
faq sct.pdf,5,"the compliance o the order of the Apex
Court of India and Please provide me the
no of the Existing vacancies for each
kind of job posts like group A,B& C for
the Person with Disabilities and which
kind of initiative has been taken to fill up
this backlog vacancies for the Person
with disabilities and what is the time
limit to clear this back log for the Person
with disabilities in the compliance of the
Apex Court Order
9. Whether scribe facility is permitted for The UGC has issued a letter to all universities regarding
visually challenged students pursuing for guidelines for conducting written examination for persons
the above said courses while they are with disabilities .
appearing for the theory and practical
examination",0,0.825,-examination;-students;-courses
